theta1,theta2,theta3,theta4,theta5,theta6,theta7,theta8,theta9,theta10,theta11,theta12,theta13
-155,21.1915394128537,98.886854806372,51.9914434628027,155,20.4235303445731,-105,-51.9914434628027,0,0,0,0,0
-155,24.0494299201513,98.341840096773,51.9914434628026,155,23.6655576674075,-105,-51.9914434628026,0,0,0,0,0
-154.817283162888,23.6300063952819,91.5166660743375,51.9914434628027,155,23.3549137814512,-104.907678480272,-51.9914434628026,0,0,0,0,0
-152.942550060095,24.3907910046078,88.8062422305533,51.9914434628026,155,24.192880192887,-101.953563868213,-51.9914434628026,0,0,0,0,0
-150.440479880588,24.5965614003284,88.7084125176835,51.9914434628026,155,24.2718843021831,-101.527133924337,-51.9914434628026,0,0,0,0,0
-150.18222898282,24.8788907943254,89.1138474328008,51.9914434628026,155,24.6195608153588,-101.519780116703,-51.9914434628026,0,0,0,0,0
-150.629657938242,25.0204437736002,89.6041280458986,51.9914434628026,155,24.772337705564,-101.591276150713,-51.9914434628027,0,0,0,0,0
-148.702164342412,25.0540638600464,90.1383742894481,51.9914434628026,155,24.8362230384872,-101.484336011333,-51.9914434628026,0,0,0,0,0
-148.796000063099,25.1452602516536,90.2423236100438,51.9914434628026,155,24.6982734846741,-101.446925168533,-51.9914434628026,0,0,0,0,0
-148.616525253142,25.19829639283,90.0474816214138,51.9914434628026,155,24.7529299562899,-101.068050933251,-51.9914434628026,0,0,0,0,0
-148.404838207911,25.2255388853267,89.8169333411094,51.9914434628026,154.83919674212,24.7403764493133,-100.69253024075,-51.9914434628026,0,0,0,0,0
-148.167350383633,25.2922585737403,89.5588091058258,51.9914434628026,154.335002352447,24.728808454571,-100.151070652208,-51.9914434628026,0,0,0,0,0
-147.885664856187,25.3299500324998,89.2517223089033,51.9914434628026,153.881836004637,24.7603838083501,-99.6652345034974,-51.9914434628026,0,0,0,0,0
-147.686739165043,25.4467693044962,89.0363742088256,51.9914434628026,153.42231708011,24.8555725489197,-99.1740253018916,-51.9914434628026,0,0,0,0,0
-147.393429010478,25.4808878929197,88.7161531962855,51.9914434628026,152.989505123752,24.8976679011963,-98.7096509765567,-51.9914434628026,0,0,0,0,0
-145.581574046735,25.5264363564941,88.6567163918525,51.9914434628027,152.607295605175,24.9133390691175,-98.2986596018997,-51.9914434628026,0,0,0,0,0
-145.388825419061,25.562515981286,88.4438934682614,51.9914434628026,152.301432056363,24.9455709242972,-97.9701317886742,-51.9914434628026,0,0,0,0,0
-145.313371131743,25.5938410217671,88.360045531687,51.9914434628026,152.084246935191,25.0551327041934,-97.7392646716121,-51.9914434628026,0,0,0,0,0
-145.170349394474,25.695253635019,88.1996782266916,51.9914434628026,151.974994039769,25.1035261140687,-97.6229164254857,-51.9914434628027,0,0,0,0,0
-145.021385279773,25.6562658666942,88.0373363359083,51.9914434628026,151.728433525718,25.125918663951,-97.3576891929663,-51.9914434628026,0,0,0,0,0
-144.939165209552,25.7065785201313,87.9453403353078,51.9914434628027,151.607084593632,25.191222444586,-97.2287291601321,-51.9914434628026,0,0,0,0,0
-144.779739097783,25.6541141012345,87.7721077515485,51.9914434628026,151.404026567793,25.1466116176871,-97.0082779750147,-51.9914434628026,0,0,0,0,0
-144.621237910065,25.6177224424961,87.5994520468954,51.9914434628026,151.224540156026,25.0812857287833,-96.8126315048166,-51.9914434628025,0,0,0,0,0
-144.546996889659,25.5630790535408,87.5199448010668,51.9914434628026,151.14178535904,24.9957608034824,-96.7208594401204,-51.9914434628026,0,0,0,0,0
-144.50501794647,25.5530955093373,87.4742665031555,51.9914434628026,150.935784371978,25.0009267487952,-96.4985594055812,-51.9914434628027,0,0,0,0,0
-144.504697144375,25.5120247304571,87.4753535562321,51.9914434628027,150.880132123679,24.9558390075568,-96.4372063766463,-51.9914434628026,0,0,0,0,0
-144.477245248327,25.5134739986965,87.4452114231442,51.9914434628026,150.700178977693,24.9974326089717,-96.2439520030874,-51.9914434628026,0,0,0,0,0
-144.427712110438,25.461843135535,87.3927282901372,51.9914434628027,148.383490755743,24.9172938695638,-96.3521348952125,-51.9914434628026,0,0,0,0,0
-144.53499695737,25.4315515238555,87.511328400615,51.9914434628026,148.126369523261,24.9250415059654,-96.0745112795824,-51.9914434628026,0,0,0,0,0
-142.354392227254,25.4089732461804,87.7712107315828,51.9914434628026,147.926000802974,24.9727687509216,-95.8592843625827,-51.9914434628027,0,0,0,0,0
-142.374064204799,25.2988122844233,87.7962414945976,51.9914434628026,147.787608433201,24.890529464929,-95.7072509786051,-51.9914434628026,0,0,0,0,0
-142.399021040814,25.1021736034479,87.8294697308561,51.9914434628027,147.545339600285,24.7553593381968,-95.441475497627,-51.9914434628026,0,0,0,0,0
-142.406021718581,24.9352487152289,87.8418456916055,51.9914434628027,147.476053334865,24.6601038986932,-95.3640170947776,-51.9914434628027,0,0,0,0,0
-142.405945160624,24.8293401633923,87.8446185802739,51.9914434628026,147.345765621729,24.649367391355,-95.2227888065382,-51.9914434628026,0,0,0,0,0
-142.692815223934,24.7861678354705,88.1591608777232,51.9914434628025,147.389712345613,24.7080269727981,-95.271853565149,-51.9914434628026,0,0,0,0,0
-142.895999478253,24.5262486543225,88.3870479756248,51.9914434628027,147.404331210289,24.6232427824596,-95.2854849508337,-51.9914434628026,0,0,0,0,0
-143.150881198089,24.4493298417693,88.6669118267904,51.9914434628026,147.579953981589,24.5583177947546,-95.4737947310561,-51.9914434628027,0,0,0,0,0
-143.271661530388,24.2435400566623,88.8024126765063,51.9914434628026,147.593126936188,24.4483334376378,-95.4853227623516,-51.9914434628026,0,0,0,0,0
-143.403347478657,24.0962391929946,88.9483501938449,51.9914434628027,147.743064140892,24.3476282736265,-95.6449842093298,-51.9914434628026,0,0,0,0,0
-143.52160510555,24.0474432807799,89.078005860233,51.9914434628026,147.722459950716,24.398710885103,-95.6239325968054,-51.9914434628027,0,0,0,0,0
-141.441259896344,24.0554458457931,89.4442803790179,51.9914434628026,147.785117392886,24.3780729688549,-95.6911541704929,-51.9914434628026,0,0,0,0,0
-141.476157122429,23.967308529794,89.4833313417215,51.9914434628026,147.719492192221,24.3109353061138,-95.6186505834304,-51.9914434628026,0,0,0,0,0
-141.449549208382,23.8438697377109,89.4555787891164,51.9914434628026,147.683570101605,24.2171532098036,-95.5776921594459,-51.9914434628026,0,0,0,0,0
-141.394830661487,23.7348415121171,89.3969713624769,51.9914434628026,145.299954706599,24.0136085059435,-95.609506980552,-51.9914434628026,0,0,0,0,0
-141.24989810335,23.5494676322314,89.2407457418251,51.9914434628026,145.217691690667,23.8391633751925,-95.5168600073314,-51.9914434628026,0,0,0,0,0
-141.204636348411,23.3961527705495,89.1926341255254,51.9914434628026,145.216267214895,23.7487951226297,-95.513470437821,-51.9914434628026,0,0,0,0,0
-141.426898472205,23.3494678822964,89.4345854661867,51.9914434628026,145.42261174039,23.7587853459105,-95.7364466152948,-51.9914434628026,0,0,0,0,0
-141.503546498788,23.181850627948,89.5186116072994,51.9914434628026,145.562675179244,23.5744542611892,-95.8839179109441,-51.9914434628026,0,0,0,0,0
-141.721582868464,23.1100907205175,89.7557298595231,51.9914434628026,145.632933397508,23.4865564739931,-95.9580369468196,-51.9914434628027,0,0,0,0,0
-140.957869227768,22.8957842034805,89.582403102177,51.9914434628026,146.00183697547,23.2626367961637,-95.7487248778148,-51.9914434628027,0,0,0,0,0
-140.541247586807,22.4611677760087,89.1320995577067,51.9914434628027,145.686668364776,22.834453982071,-95.391749934197,-51.9914434628026,0,0,0,0,0
-140.112268676796,22.1034977541123,88.6700530065152,51.9914434628027,145.33977012206,22.5175415850868,-95.0036670144565,-51.9914434628026,0,0,0,0,0
-139.143064780985,21.1313589663613,87.6375513650599,51.9914434628027,144.763123071773,21.5413610776498,-94.3451134433959,-51.9914434628027,0,0,0,0,0
-138.01445327792,20.2053027130957,86.4454634909545,51.9914434628026,143.976628360105,20.6620124117234,-93.4622954187769,-51.9914434628026,0,0,0,0,0
-136.943118910081,19.6275884460689,85.3247248059805,53.5871037732277,142.936919287592,19.8848933852627,-92.3057922640174,-52.6446464678266,0,0,0,0,0
-135.108118830435,19.1303219627477,83.39915743201,56.4041878344889,140.364225848915,19.5649261099442,-90.3538269040838,-54.8925737427067,0,0,0,0,0
-132.046300447662,18.8030587668111,80.1406677367197,59.5142341849404,137.597397407813,19.2241184512911,-87.4274352733956,-57.333872205498,0,0,0,0,0
-128.26615239313,18.5545177990838,76.0987863504859,63.1903383799005,134.42973621913,19.1157020734674,-84.0496700290902,-60.1760989640306,0,0,0,0,0
-127.057503239387,17.7733583339038,72.2806892014094,67.0806069869278,134.096287328864,18.6944389141694,-81.129675378815,-63.0534831837135,0,0,0,0,0
-122.887486469691,17.4334937468828,67.8343822432997,69.9938719460188,130.85863278026,18.6893889598812,-77.6087109278053,-64.7717705963613,0,0,0,0,0
-120.581251432003,16.8208216762635,62.771755414189,73.4409221787299,129.259135973852,18.1156740593408,-73.2769204619353,-67.2704467097107,0,0,0,0,0
-115.596049158575,17.1076040303895,57.2420060386587,76.3752310744644,125.087233076952,18.1562984687906,-68.6936144148779,-69.5516280697949,0,0,0,0,0
-113.943283444635,16.6747889535296,52.782292403136,79.2978090763246,124.785546402809,18.1161529339751,-65.6252276636518,-72.4692517854111,0,0,0,0,0
-103.798483713867,16.7367025028594,41.6945088559877,81.8049005150488,120.48752018137,17.1182881734152,-58.3566382833129,-75.5061759312523,0,0,0,0,0
-100.605657146474,16.0705712512591,35.685734070355,83.4312360511138,114.119030962595,17.2731870890612,-51.2533154455558,-78.1054620534779,0,0,0,0,0
-89.8301432706991,16.4517512639826,24.0412692210774,84.1121512538886,108.192393702309,16.1270353906869,-42.3643775818372,-79.6101983858265,0,0,0,0,0
-81.0284283023835,17.2974192552378,14.4011604343711,85.1059392353028,99.8031472896075,16.3103836861324,-33.1867519035572,-81.3821028875149,0,0,0,0,0
-71.7302129171785,18.7553781247901,4.08019960375925,85.7012117429134,90.2188002423463,16.7706378724986,-22.726190694885,-83.4011569629531,0,0,0,0,0
-65.3999534749762,20.2010923846186,-3.07080551089923,85.5733744287778,85.6271298054775,16.0723206431323,-15.4234331026787,-85.0156730447602,0,0,0,0,0
-61.8646139988995,19.8164793646865,-9.10698703719917,85.8952222317128,81.689093630066,16.6515871021824,-10.9634086443311,-86.4680783937748,0,0,0,0,0
-57.7968939237409,20.8182466766641,-13.540109734566,85.7474724426585,75.5618433955544,17.2570215126487,-4.37016372181732,-87.1257971258924,0,0,0,0,0
-53.3622093226695,22.2334788679341,-18.4645817203711,85.2911092700979,69.2245706840471,16.8401956294152,4.54746846962338,-88.2812948556273,0,0,0,0,0
-49.1971778011465,23.8612386008918,-23.1249505037637,84.3207099857536,62.3449708267571,18.3516592029488,12.1920993145242,-88.1606054426255,0,0,0,0,0
-46.0870658182077,25.2908415410288,-26.6252666324747,83.6368845951378,58.0359169894752,19.7596932263365,17.1935126632171,-87.8863677985135,0,0,0,0,0
-44.9507957861087,26.1863178654658,-28.1551732117079,84.0682688981953,57.0458038250503,20.5433411693683,18.715878396984,-88.4944148861864,0,0,0,0,0
-44.4962269417125,26.4754424371847,-28.7192761730799,84.5386400447137,57.0106959919201,20.8267242835036,18.99411484639,-88.9362792102119,0,0,0,0,0
-44.1137553697228,26.7063481722403,-29.1862078467588,85.0902657056434,56.9952702547929,21.1042785648976,19.2669975934092,-89.7522894749177,0,0,0,0,0
-44.2681388546267,26.7300802737447,-29.1097954959279,85.9269192708978,57.9065180520431,21.0018200110465,18.4034358003513,-90.0459596540949,0,0,0,0,0
-43.9153158944767,26.8854479997598,-29.4858509700798,85.9950447837595,57.6451324701518,21.1850394829155,18.7798086708871,-89.9107665741683,0,0,0,0,0
-43.7956492840573,26.7121664800733,-29.4575868375992,86.4124443636367,58.3532264477632,20.9228429797934,17.9576914476146,-90.3026682254946,0,0,0,0,0
-43.6656681859629,26.5757379492438,-29.4542399888591,86.407701781211,58.6498309435341,20.7443488375837,17.5455321495153,-90.2496746054868,0,0,0,0,0
-43.4600937274509,26.4515007551805,-29.5186096326222,86.5285894078831,59.0229487309172,20.5408859229041,17.050475128262,-90.3715788556793,0,0,0,0,0
-43.4401442344564,26.4420920456015,-29.5300833316667,86.7122180636609,59.1609185771239,20.4745121918773,16.8767151698466,-90.480045044718,0,0,0,0,0
-43.4580090195025,26.3897133327287,-29.4812819544702,86.8295013460525,59.3511371381517,20.3382698151204,16.5969488091896,-90.5771315965755,0,0,0,0,0
-43.308063509426,26.5370479207929,-29.6966283538982,86.749430220083,58.9806773620787,20.4748316592032,17.0314956007313,-90.3719807384331,0,0,0,0,0
-43.2004207374266,26.6792811546136,-29.8741395896595,86.5388576278444,58.7163294314453,20.6228831054823,17.3834785769522,-90.2238026851372,0,0,0,0,0
-42.9734609383075,26.8650412391896,-30.1706137662788,86.3753980831948,57.9903333141218,20.8387575416751,18.1924358969533,-90.0337365832758,0,0,0,0,0
-42.9013063167132,26.9681681341208,-30.2969280471571,86.3539920192026,58.876294522925,22.4453325101352,15.5992546914787,-89.9833620905995,0,0,0,0,0
-42.928296602538,27.1626951869315,-30.4136335161698,86.1851091580327,58.7379152646341,22.648836101203,15.887586765838,-89.8144237621676,0,0,0,0,0
-43.0550718517061,27.1792172084965,-30.3395385581051,86.4499573111358,58.5180108348594,22.7576745395609,16.1726558793236,-89.853152282246,0,0,0,0,0
-42.3514634134676,27.6060766222976,-31.1415461171502,85.8789607950817,57.4202739044403,22.9830369001139,17.2951111039891,-89.4800658051682,0,0,0,0,0
-41.8265859763292,27.9452153678023,-31.745748683938,85.3607105130285,56.4151982080047,23.2479977016385,18.3573847728363,-88.995501628673,0,0,0,0,0
-41.3495842624094,28.1916663473426,-32.2456927639532,84.868405546555,55.6631829022063,23.407174743023,19.1146422655808,-88.6790882706653,0,0,0,0,0
-41.2356081652565,28.2830181582746,-32.3890730151542,84.8209254611893,55.2226843901782,23.4894550754704,19.5499685256639,-88.5818758997486,0,0,0,0,0
-39.3931164683839,27.1537805611468,-35.9859390453875,84.8600086003643,54.8986404786997,23.5642393708949,19.8863373972497,-88.6555915917878,0,0,0,0,0
-39.541946707215,27.0900519452484,-35.8420725226534,85.0079132764083,54.8968385526943,23.6387549574299,19.9536516839081,-88.755049948103,0,0,0,0,0
-39.6999539117458,27.0478503349599,-35.7049529013265,85.1137370280039,55.0204571785678,23.6353753602801,19.849602905652,-88.8088466484939,0,0,0,0,0
-39.839049626754,26.9703291346992,-35.5522575913396,85.0451877057809,54.8649891632188,23.5979371961346,19.941290660394,-88.623062835018,0,0,0,0,0
-39.8796506723354,26.8481688122568,-35.441696889644,85.0971477712499,54.819880697159,23.5430056011957,19.9303076595851,-88.5418545156983,0,0,0,0,0
-40.2185308743502,26.6627494908724,-35.0749515979957,85.1204625948222,55.0044976153541,23.4065639469202,19.666289066115,-88.6456270823108,0,0,0,0,0
-40.2834200815635,26.8865960240537,-35.1610604383632,84.357503246742,54.6733439755027,23.6456081189818,20.1143910295286,-87.9203078864525,0,0,0,0,0
-42.0440116971581,28.0194397098428,-31.6052426476845,83.9290816859339,54.6185837458624,23.604102891212,20.1164433131669,-87.6697601681009,0,0,0,0,0
-42.5514155630491,27.607142539948,-30.9304959470985,83.2860869023916,55.1520455495638,23.26753611809,19.3726690044082,-87.142558123863,0,0,0,0,0
-44.0631230803168,26.8662241359116,-29.2800915129326,82.9324797467518,57.1050413059112,22.6825125388738,17.2243892875163,-87.0573149363681,0,0,0,0,0
-45.7849842829426,26.0324080506061,-27.3566408393396,82.3122036162424,59.2745743046966,21.8712695378087,14.6397829508612,-86.3105457478445,0,0,0,0,0
-47.5423409535424,25.1913396478693,-25.3544340591063,81.6438554125545,61.6409918640909,20.9497227327458,11.7464569974393,-85.433538977637,0,0,0,0,0
-50.1439027477174,24.1573156193344,-22.4772311063206,80.9256062864386,64.7565522963879,20.0588562800545,8.1379054686262,-84.198546980316,0,0,0,0,0
-53.0926253250777,22.9757731854144,-19.1120214936846,79.9813502990512,68.6288700257111,19.1114056355658,3.69565758219408,-82.4540820130543,0,0,0,0,0
-56.1003409718474,21.7517740642247,-15.5669533088246,78.6108697689307,72.8112745935188,19.4928102260269,-3.14699459861634,-80.5173368253071,0,0,0,0,0
-59.8300961181667,20.4010805006918,-11.1840916196211,76.5146720387586,77.6053505155002,18.5237409423703,-8.67409382985834,-77.9036947744948,0,0,0,0,0
-64.2354618750365,19.2105046911339,-6.20156498002304,74.567328826513,82.3515331814427,17.8345899623981,-14.0212464043022,-75.2269530629834,0,0,0,0,0
-69.3512478977209,18.007401308105,-0.418366679208395,72.072556890201,87.4649294329886,17.2452990038956,-19.7382396548704,-72.395934595659,0,0,0,0,0
-74.1276341759444,18.1764895311409,7.11754642062261,69.4109405141307,92.0982580041379,16.7881858432932,-24.9208592870835,-69.430787605746,0,0,0,0,0
-78.909058707256,17.172508081611,12.5948753885371,66.4877024749993,94.4852165506811,17.3472264042478,-30.0657057784199,-66.3493379103748,0,0,0,0,0
-83.1523744417904,16.4691823864914,17.367935727297,64.0332028091579,98.0364185696313,16.820646631749,-34.1451208718524,-63.7813108068939,0,0,0,0,0
-88.3329765716917,15.9279764103196,23.0406135607093,61.6767401215736,101.942806546743,16.4818998968432,-38.505344011732,-61.4367003125668,0,0,0,0,0
-93.5661537799783,15.5570816514948,28.7221382594325,59.2197677472417,106.310127437633,16.3516683106455,-43.2829902819055,-58.9714681431656,0,0,0,0,0
-98.7001072543766,15.2342016133765,34.299781659808,56.9368131009096,110.395837580726,16.084015863218,-47.801948689199,-56.6863934708676,0,0,0,0,0
-101.020556640049,15.8204540911157,39.276242244195,55.1880758776851,114.284405073951,16.0569491016035,-52.0222603293519,-54.8997932183887,0,0,0,0,0
-105.77809687847,15.650055485655,44.4155350080452,53.5402168382596,118.338374953103,16.0653388366499,-56.4096541014228,-53.2661239828864,0,0,0,0,0
-110.043490562149,15.5751695306345,49.0074402353727,52.0375091790212,122.170719740808,16.1171112038813,-60.5421582627287,-51.9914434628026,0,0,0,0,0
-115.600242093316,16.0170164711376,54.8366180505608,51.9914434628027,126.549802247401,16.804636531445,-65.1419587589077,-51.9914434628027,0,0,0,0,0
-120.945196817813,16.6543279148163,60.4483533425555,51.9914434628026,130.554573024208,17.4730103360444,-69.3772340374913,-51.9914434628026,0,0,0,0,0
-125.007101894906,17.3419600386857,64.715860523465,51.9914434628026,133.807078531181,18.3292783616683,-72.8060020857432,-51.9914434628026,0,0,0,0,0
-127.400710402653,17.78249905554,67.2432555434816,51.9914434628026,135.725254324808,18.7996964337896,-74.845482952424,-51.9914434628026,0,0,0,0,0
-129.617315505783,18.2659144634757,69.5859761814802,51.9914434628026,137.335351070411,19.2466366478622,-76.5599980478264,-51.9914434628026,0,0,0,0,0
-131.860395823209,18.898475789118,71.9542734352777,51.9914434628026,139.096771463536,19.7411201525055,-78.4427932851982,-51.9914434628026,0,0,0,0,0
-136.96655887456,19.0770347903026,74.8500253510186,51.9914434628026,140.852513597211,20.3179137305746,-80.3222377178391,-51.9914434628026,0,0,0,0,0
-138.354063557815,19.3640342204409,76.3386315399266,51.9914434628026,141.90907180918,20.5838729665117,-81.4608352546738,-51.9914434628026,0,0,0,0,0
-139.908970000856,19.8603640090802,77.9991356054462,51.9914434628026,145.730655090407,20.8755186553812,-82.9763948866999,-51.9914434628026,0,0,0,0,0
-141.185795983198,20.0550974617846,79.3793876578896,51.9914434628027,146.563228123563,21.0936364617892,-83.8764491289356,-51.9914434628025,0,0,0,0,0
-142.383232299767,20.3415258666797,80.6694979115842,51.9914434628026,147.388796064526,21.3837658731135,-84.7677856550316,-51.9914434628026,0,0,0,0,0
-143.348141201496,20.7239409072148,81.7041144307443,51.9914434628027,148.266077223298,21.7085821380951,-85.7160479744929,-51.9914434628027,0,0,0,0,0
-144.187720345945,20.912125684317,82.6120036069826,51.9914434628026,148.505526078815,21.9475563344913,-85.972444204541,-51.9914434628026,0,0,0,0,0
-144.545036764574,21.2462388863327,82.9900197443243,51.9914434628026,148.610638373934,22.2584353464249,-86.0820802961602,-51.9914434628027,0,0,0,0,0
-144.709329957128,21.7474041295154,83.1542523886121,51.9914434628027,149.219650230547,22.6666849240187,-86.1056913278128,-51.9914434628026,0,0,0,0,0
-144.909143092402,22.1653843897617,83.361965351473,51.9914434628026,149.186443197734,23.1009921897292,-86.0610425848994,-51.9914434628026,0,0,0,0,0
-145.101592451386,22.4072493577505,83.5671240784674,51.9914434628026,149.32880483869,23.3114047784481,-86.2103505666387,-51.9914434628026,0,0,0,0,0
-145.98467718635,22.5745691519764,83.9243655627029,51.9914434628026,149.467733331456,23.4917725029682,-86.3566554312496,-51.9914434628026,0,0,0,0,0
-146.22180093132,22.7281238920499,84.1752651061573,51.9914434628027,149.642948834271,23.7146397109278,-86.5413534144134,-51.9914434628027,0,0,0,0,0
-146.478745572262,22.8176592401289,84.449526931409,51.9914434628026,149.883468138528,23.797650205847,-86.8006072553671,-51.9914434628026,0,0,0,0,0
-146.793981023969,22.9382178252345,84.7861027171083,51.9914434628026,150.1649571488,23.8937224232473,-87.1044042015706,-51.9914434628027,0,0,0,0,0
-147.038159457791,22.9453576486508,85.0493252612255,51.9914434628026,150.302582425683,23.8718044240166,-87.2546238184911,-51.9914434628026,0,0,0,0,0
-147.347142906783,22.9612561673654,85.38241549605,51.9914434628026,150.484653122098,23.9900629518082,-87.4501894222992,-51.9914434628025,0,0,0,0,0
-147.623505465658,23.0196902585839,85.6795183898832,51.9914434628027,148.249362053129,24.0112100338769,-87.6472888824769,-51.9914434628026,0,0,0,0,0
-147.71514913548,23.0083761410839,85.7787865611431,51.9914434628026,148.156979442402,24.0129077962165,-87.546656607156,-51.9914434628026,0,0,0,0,0
-145.518148708178,23.0910627465294,86.0142598768067,51.9914434628026,148.215048919058,23.9878851243871,-87.6104113009059,-51.9914434628026,0,0,0,0,0
-145.750545729238,23.0305203067563,86.2666999453013,51.9914434628026,148.327922301417,23.9318223142474,-87.7344352662768,-51.9914434628027,0,0,0,0,0
-145.848057633181,22.9371324883444,86.3738097853745,51.9914434628027,148.333409668772,23.8579098135091,-87.7418372473603,-51.9914434628026,0,0,0,0,0
-145.910196645016,22.8323209000462,86.4427303446479,51.9914434628027,148.160615131114,23.8152584032852,-87.5546655973844,-51.9914434628026,0,0,0,0,0
-147.721190850067,22.6980701839915,86.4241855239743,51.9914434628026,147.979116280558,23.8001153893566,-87.3575922565757,-51.9914434628027,0,0,0,0,0
-147.72472479621,22.5944507208265,86.4291690294788,51.9914434628026,147.889326938176,23.7198439498586,-87.2616352334233,-51.9914434628027,0,0,0,0,0
-147.694548017839,22.5892694549896,86.3963168079846,51.9914434628026,147.709428870553,23.7244253672791,-87.066078191571,-51.9914434628026,0,0,0,0,0
-147.655895703924,22.55684709429,86.354539562406,51.9914434628026,147.624911171919,23.7335179447581,-86.9740683159166,-51.9914434628026,0,0,0,0,0
-147.753555662751,22.5849437243182,86.4607188130203,51.9914434628026,147.538160277088,23.7872989165771,-86.878620380978,-51.9914434628026,0,0,0,0,0
-147.774039663109,22.6060000038437,86.4828212814363,51.9914434628026,147.627100811191,23.8351403424492,-86.9741700299974,-51.9914434628026,0,0,0,0,0
-145.35792126926,22.7338038529149,86.4814764111196,51.9914434628026,147.58101346013,23.8787901960167,-86.9230650968922,-51.9914434628026,0,0,0,0,0
-145.426767014983,22.7640985431241,86.5562552680605,51.9914434628027,147.600707976947,23.9026084111835,-86.9439138705278,-51.9914434628026,0,0,0,0,0
-146.074075916961,22.8885265046346,86.6189221741679,51.9914434628026,147.500837297634,23.9732951668968,-86.8336162768964,-51.9914434628027,0,0,0,0,0
-146.110902801133,22.9798754653064,86.6572560184444,51.9914434628026,147.45857905331,24.1215904960663,-86.7838576638359,-51.9914434628026,0,0,0,0,0
-146.35075933073,23.0353931494669,86.9158430234395,51.9914434628027,147.539144270524,24.2836868405835,-86.8672172557982,-51.9914434628026,0,0,0,0,0
-146.612457426452,23.0990250360901,87.1981727687493,51.9914434628026,147.633658703315,24.3891511133981,-86.9672984196763,-51.9914434628026,0,0,0,0,0
-146.904957160022,23.0689368177461,87.5154079217414,51.9914434628026,147.828146860162,24.3794720552286,-87.1795872912732,-51.9914434628026,0,0,0,0,0
-147.24800211626,22.9336628631466,87.8885546986437,51.9914434628026,147.873228910487,24.3475343170649,-87.2295780029685,-51.9914434628027,0,0,0,0,0
-146.751287479422,22.771648874286,87.9998884455449,51.9914434628026,147.834953200432,24.2047509265918,-87.191499747385,-51.9914434628026,0,0,0,0,0
-146.89639179412,22.5608555712694,88.1594723273815,51.9914434628026,147.805471402991,24.0773851630573,-87.1625102096473,-51.9914434628026,0,0,0,0,0
-144.760710547666,22.4354259019676,88.4659013284145,51.9914434628026,147.92198285039,24.0508300122359,-87.2899673143034,-51.9914434628026,0,0,0,0,0
-144.496172257482,21.9869881414116,88.1836527762547,51.9914434628026,145.404551792272,23.901730118369,-87.1838744889187,-51.9914434628027,0,0,0,0,0
-144.343400889577,21.5905920303231,88.0241538720673,51.9914434628026,145.316979953433,23.6506000887318,-87.0939806783991,-51.9914434628026,0,0,0,0,0
-144.450509308882,21.2969132079082,88.1460274398666,51.9914434628026,145.304439606591,23.5299019795616,-87.0827191300827,-51.9914434628026,0,0,0,0,0
-144.758712935576,20.9148931101776,88.4882901366711,51.9914434628026,145.520904189576,23.3715089175655,-87.3203261236507,-51.9914434628026,0,0,0,0,0
-145.225861472817,20.7112600675433,88.9985943686325,51.9914434628027,145.777083582186,23.314578905236,-87.5990557702009,-51.9914434628027,0,0,0,0,0
-144.521107911267,19.9843977746965,88.2567201293046,51.9914434628027,144.307931469413,22.6907440617615,-86.6544314468733,-51.9914434628026,0,0,0,0,0
-143.892505249741,19.0664310897967,87.6121890575507,51.9914434628025,143.776116925355,22.1560409198661,-86.0825606253821,-51.9914434628026,0,0,0,0,0
-142.24547169373,17.6531858358846,85.911854591511,51.9914434628026,142.298618137715,21.0845601498693,-84.5007344090096,-51.9914434628026,0,0,0,0,0
-136.045983299528,16.5280959940242,81.9724254817001,53.4243779978479,140.260849514419,19.9507473736522,-82.3314438720676,-52.4511117893867,0,0,0,0,0
-132.598177839,15.8752734037918,78.4210930486365,57.407362706241,138.396468029484,19.6556636848182,-80.3155498065614,-55.5995092162518,0,0,0,0,0
-126.281094963201,14.897896457745,71.9305227213557,62.8523964458147,135.095701549723,19.0607768205143,-76.7653686754378,-60.1093644698269,0,0,0,0,0
-123.158345285103,13.935271559873,66.2136360632664,65.9461017491726,131.284632038564,18.6277158982651,-72.6389081421384,-62.9151630010524,0,0,0,0,0
-115.622461253053,13.4489908573774,58.3703660887852,68.444824146104,128.091168315444,18.2229074210065,-69.1952120614573,-64.8178605334134,0,0,0,0,0
-105.357336585181,12.3744390111666,45.2615883127538,71.2755036375166,121.226597179759,17.4188718585402,-61.8288387191291,-67.6482190654314,0,0,0,0,0
-89.245626341517,13.1531358031939,28.1995148203326,73.8186650223989,115.411421986281,16.1159456689122,-53.094860971924,-70.743544302724,0,0,0,0,0
-78.8231870422047,13.2772726812762,14.78710419002,75.5255957897682,109.641248391978,15.0186253692226,-44.4579700948681,-73.1049517019409,0,0,0,0,0
-67.1655985871379,14.7716888736034,2.41505972028493,76.3761312887568,100.60692664687,15.0437664172523,-34.7725518540514,-74.5693102765113,0,0,0,0,0
-56.7748371144836,15.6597310444005,-10.8231835178339,76.5974805845477,92.9704822410447,14.2123623451719,-24.324614957613,-75.7406418780927,0,0,0,0,0
-54.4534939504332,17.2078859961708,-13.9212480897557,77.9551062004739,89.665059074291,13.5137410635603,-18.4142884448144,-77.7551018209856,0,0,0,0,0
-50.4422312966514,19.2070442441351,-18.7799210835738,78.5018490403854,80.1233647088268,14.2644746932893,-8.21041920964303,-79.2245713156288,0,0,0,0,0
-50.4847987936754,20.1908779798373,-19.389910567228,78.8658162781516,77.1295322236464,14.916463738745,-4.75431939358444,-80.2041727484226,0,0,0,0,0
-47.1703253437514,22.1959662435782,-23.5186578697962,78.1904247804556,68.0956713331495,16.3634571447451,5.10211203313658,-80.419483196435,0,0,0,0,0
-45.8111536007747,21.9049592890455,-27.4069754928188,78.1465025240685,67.2007867445383,17.3553308737326,6.71531664223065,-81.3934035008391,0,0,0,0,0
-45.145114510825,22.6740975792054,-28.4451901249237,77.8062459365345,64.1542649344365,16.8353228745126,12.2241412145895,-81.7180927430815,0,0,0,0,0
-43.7628630879072,23.5644945082208,-30.1295829882369,77.5762989043056,60.6497353307996,17.868818218535,16.2486140861366,-81.8399951815841,0,0,0,0,0
-43.0235579538055,24.4415351370491,-31.254503712588,76.7198451688085,58.2129940286983,18.8074674365918,19.1450664257017,-81.3616103222759,0,0,0,0,0
-42.2768325216003,25.0527157018047,-32.2109587591449,76.1731356534382,56.4099384055902,19.5349305410331,21.2838411957654,-81.0316937709461,0,0,0,0,0
-42.3730781332668,25.3019410171385,-32.2869683795512,75.9278736065092,56.0774017867516,19.9276572742257,21.8605738672087,-80.788445300733,0,0,0,0,0
-43.0994015773572,25.2019703297448,-31.6575927782637,75.9133706626161,56.9546928506427,19.9457886484918,21.1028119301638,-80.8499778316701,0,0,0,0,0
-41.802022871092,25.670251285838,-32.9203931344308,74.7872129770316,55.1723277530101,20.2601139832891,22.858863139405,-79.881750737471,0,0,0,0,0
-42.0369470898333,25.6160427396107,-32.6807672238502,74.1566192899847,55.7388483480439,20.0733505062689,22.1960137972612,-79.3395604347981,0,0,0,0,0
-42.4968106181425,25.3314455547721,-32.1349713693704,73.9224626577468,56.3364180105022,19.7637441197032,21.4060763162448,-78.6562979721033,0,0,0,0,0
-42.1365612756769,25.4620433088214,-32.4766809302004,73.3742838855453,55.8459710582197,19.7654372969759,21.8075909997996,-77.9504444309955,0,0,0,0,0
-41.6477970760408,25.6098624538677,-32.9228262034066,72.7092122540586,56.5492298924483,21.1090186892353,19.1295153994406,-77.1395299830737,0,0,0,0,0
-41.5211383455422,25.6857128045978,-33.055867106373,72.4041442292126,56.2160271519023,21.169067563385,19.4505595076276,-76.7756128385962,0,0,0,0,0
-41.3372227251547,25.72874503524,-33.2134148020908,72.110341783662,55.8533488949381,21.1426278322252,19.7412045116324,-76.545207355979,0,0,0,0,0
-41.0950928216087,25.8459487664595,-33.4627316798646,71.8657311238147,55.3068983182055,21.256478892154,20.2966591583678,-76.374067168883,0,0,0,0,0
-41.394060790489,25.8080628960348,-33.2103294466201,71.9270327337501,55.3639509007888,21.2373433537986,20.2420588129778,-76.5699245106886,0,0,0,0,0
-40.868250380939,26.0955422240633,-33.779804791147,71.631826303979,54.3582852797396,21.5604729218127,21.3441087598271,-76.3450325310727,0,0,0,0,0
-40.7074618360131,26.241920619105,-33.9887482481261,71.5499153762702,53.8714458275541,21.7094648673848,21.8744707843976,-76.3453573485277,0,0,0,0,0
-40.7627528848156,26.2772067822406,-33.9723420505668,71.6652009455588,53.7492517440051,21.784370548955,22.0388214169913,-76.4461079510335,0,0,0,0,0
-41.0012443830987,26.223248761926,-33.7569253965899,71.6841057094871,53.7952745954972,21.7752594926458,21.9941604366588,-76.4831529951268,0,0,0,0,0
-41.2692670289294,26.0819670953094,-33.4696721805217,71.8188772546678,54.2401265360714,21.7641697132166,21.6078459630674,-76.6558552623887,0,0,0,0,0
-41.9212623143598,25.7771504341732,-32.7920093903774,72.1851246063744,54.891714522479,21.6536922309401,20.9696766776781,-76.8555005572759,0,0,0,0,0
-42.247395033343,25.6326074186331,-32.4568833094627,72.3950695753634,55.342345178392,21.5453631797171,20.5067509689895,-77.0601290903533,0,0,0,0,0
-42.6679357703145,25.4145583975865,-32.0091282174784,72.8173002157797,55.8218948155022,21.4012428596058,19.9898058435024,-77.2460726732515,0,0,0,0,0
-42.9114667143184,25.2257955665537,-31.7175240309326,73.2645577161779,56.167775555752,21.2697302826772,19.6011852518381,-77.4940932284646,0,0,0,0,0
-42.724761885947,25.3918356964952,-31.9649635401464,73.1769928174445,56.0020697725928,21.2448677621811,19.7384264282648,-77.6852182723438,0,0,0,0,0
-43.1906340813971,25.1440262009651,-31.468116816716,73.8161488399766,56.5407085099413,20.9854948489799,19.0941581344889,-78.137438130293,0,0,0,0,0
-43.4209299537196,24.9888238236809,-31.2146783803584,74.500914194808,56.7924702298339,20.6985949500068,18.6885794236057,-78.7639677296049,0,0,0,0,0
-45.0489419033297,25.9450586723966,-27.6490013046496,75.5746313117557,56.8975590881153,20.292423719883,18.3307005600889,-79.5925107846577,0,0,0,0,0
-44.6429530198505,25.6240494012196,-27.8039280866682,77.025767095176,57.8201233155438,20.9292790440181,15.0128494274355,-80.9370205169522,0,0,0,0,0
-43.7548882686363,25.118163928272,-28.2177703789898,79.0603967967304,56.9497633242513,20.0866668756955,15.2063801292829,-82.8495026238983,0,0,0,0,0
-44.2813042380952,25.1941753555698,-24.912953909688,82.0366585551589,57.813008896923,20.1848132697633,11.5033826020801,-85.0413614392757,0,0,0,0,0
-42.6154140324222,23.6037025498432,-25.1506096934283,85.1843350808204,57.6889821986138,19.9065184317693,8.3618394387474,-87.3064657039816,0,0,0,0,0
-41.5091522955526,23.2763184804695,-22.7736774114792,87.1713146815123,56.006888625865,19.391884648456,6.43413346810842,-88.9725924373245,0,0,0,0,0
-41.8913899280318,21.9257862347205,-18.6049854383153,88.899524325682,56.6571575870696,19.3833990921626,-0.143020861794794,-90.6448885025361,0,0,0,0,0
-42.1556600469778,22.3611879985153,-12.8034791566528,89.964076534471,55.4572676868689,18.2103788093931,-2.77598072346726,-91.4220037123396,0,0,0,0,0
-40.962674202521,21.3474425185983,-10.3104807703772,90.809520619978,53.8503710401431,18.5851979874808,-6.75411229981212,-92.3055237421251,0,0,0,0,0
-40.1720971363344,20.2253830804436,-7.55312153275918,91.4689193002277,53.177572211638,17.4045947367088,-9.57306963582347,-92.659115950964,0,0,0,0,0
-39.457959875667,20.7623147083316,-2.97937770318173,92.5682009428036,52.5851712690752,16.3337283054037,-12.3414065345322,-93.6651630749931,0,0,0,0,0
-37.6152894348016,19.8651189846257,-1.47985442077974,93.1274361541209,50.0150450808688,16.8267640256734,-14.8541142911814,-93.893698870289,0,0,0,0,0
-36.6357581984825,18.9364075005614,0.67714342755541,93.9506060288911,48.9743734201451,15.8241317804785,-16.8688932869628,-94.406438287366,0,0,0,0,0
-36.0227289571302,17.7205609439101,3.15552640483405,94.7505672166952,48.5047060952054,14.6562136198156,-19.3662374366584,-94.8374324939145,0,0,0,0,0
-35.2722926508765,16.6686392486529,5.31614582445516,95.3376839341652,47.1242017093173,14.0717122628113,-21.1438486265477,-95.1122427282249,0,0,0,0,0
-34.4820966411343,16.9767014607887,9.14510548890041,95.8913156833138,46.9751300908827,13.2200366714531,-24.2290148272515,-95.5322360668381,0,0,0,0,0
-35.7123553654879,14.6275385640672,11.9803081310826,95.9279544893763,50.7253359000165,11.2902682619639,-29.3538630517512,-95.6051259185748,0,0,0,0,0
-35.3805301883994,14.2679332977213,14.7525331507953,96.3556146640733,49.8547964193076,11.0098968565001,-31.4811280579026,-95.9941202812019,0,0,0,0,0
-37.3985296650411,12.98520220482,17.7832055850868,96.621503428749,52.5503391766061,9.72769244655841,-35.0445149031647,-96.2463577168915,0,0,0,0,0
-37.6642990790514,13.2718952260681,20.9800330276192,96.8159959392759,50.7164734681205,10.0182041691245,-35.9658922330217,-96.3367740228511,0,0,0,0,0
-40.3705818053827,12.4551505412103,24.4414107007852,97.4270124168893,54.5023655567558,9.29206323988995,-40.4469477358148,-96.8900627301231,0,0,0,0,0
-40.5932884854023,13.1507145482274,27.4326406500021,97.6000466857587,52.4654152012622,9.73927534325275,-41.1144135769946,-97.1528013744972,0,0,0,0,0
-43.4019751488638,12.5419879733902,30.9886317055788,97.6122716480323,55.835095436265,9.24063732844101,-45.0796255102216,-97.3322402754514,0,0,0,0,0
-46.4172223966292,12.0417778241703,34.6928941465396,97.6477537112611,59.6169448226533,8.78430010298737,-49.465344239994,-97.4688642886525,0,0,0,0,0
-49.9472347122537,11.6738957853887,38.8831728243421,97.7987139747844,64.1487003115658,8.46026343401766,-54.5945430758187,-97.8226590253387,0,0,0,0,0
-53.8395901577192,11.4189417470573,43.4313906210234,97.8821902585807,69.8313530910304,8.46790693032843,-60.9146373444224,-97.9778655916711,0,0,0,0,0
-56.1408566019835,11.3323716096713,46.0996935251245,97.8495513374091,72.9572099578961,8.60736744582165,-64.3714709696399,-98.0455223619441,0,0,0,0,0
-57.5059653621424,11.2606132499264,47.6521331656043,98.207217646438,74.7518630468386,8.82349291721836,-66.3043633498737,-98.5724085271234,0,0,0,0,0
-59.1152782428952,11.0732406082791,49.5450333281881,98.4070972828394,77.106214277514,9.03347680032239,-68.9070498915177,-98.7329573107499,0,0,0,0,0
-60.0486890319737,10.9256700190558,50.6771726649446,98.2979836027362,78.9120513193941,9.22102224506475,-70.928222427761,-98.5593181905172,0,0,0,0,0
-59.9515376173163,10.7314361954365,50.6112770200919,98.584409668375,79.6033121158264,9.25580666402152,-71.6949086411308,-98.73435126937,0,0,0,0,0
-59.5410712126241,10.5382655372043,50.1923209659331,98.8432768632774,80.1621906075915,9.31446819703645,-72.3030446968348,-99.0257810782881,0,0,0,0,0
-59.2329995169651,10.4016745596912,49.8629334077477,99.1802309411045,79.9382330671576,9.37164361524071,-72.0270119858669,-99.2791356392932,0,0,0,0,0
-59.2175044307789,10.1540120915453,49.9242379404575,99.3695075696013,80.4926649293929,9.31132933928841,-72.6529679687433,-99.4578290839278,0,0,0,0,0
-58.7476891634053,9.90050667369734,49.4798115812685,99.5102997835708,80.4820629995439,9.20130267910771,-72.6537352627622,-99.4716015045478,0,0,0,0,0
-57.9200843540561,9.70513797705113,48.625458066333,99.506751424967,80.0952803241743,9.11886091821546,-72.2339111360921,-99.3413962085914,0,0,0,0,0
-56.7469147930014,9.71197278660356,47.3039117792008,99.4758655053396,78.9663362650464,9.08755891037404,-70.9671493563467,-99.2496123205599,0,0,0,0,0
-56.3037966743398,9.65038301336833,46.8359607344109,99.4310262873283,78.7214104305362,9.02285869506641,-70.7057049512663,-99.1521161974284,0,0,0,0,0
-55.2889474095663,9.73645428813579,45.663566846011,99.3606702713857,77.9758073950003,9.0452936684405,-69.8637457871595,-99.098041297624,0,0,0,0,0
-54.9371992625944,9.79719989447877,45.2546656469632,99.2186687105046,78.0499821521744,9.06806334048186,-69.9504204514541,-98.9933477749454,0,0,0,0,0
-54.9920050531486,9.83647541805522,45.3018088599263,99.1877425188364,78.4299027960862,9.08301105546212,-70.374253884406,-99.0420108431359,0,0,0,0,0
-54.7146629309067,9.88212710729425,44.9781232153075,99.0975854526775,78.2407176743968,9.15695339827339,-70.1558580377374,-98.9354588845556,0,0,0,0,0
-54.2280629324431,9.983678589153,44.3924986156337,99.0172972283621,77.2471391220502,9.21908218468188,-69.0257320694953,-98.8883326861848,0,0,0,0,0
-53.543683463977,10.0873828795747,43.5755206237304,99.0043687689716,76.3177745528377,9.28670933318636,-67.9679679250483,-98.8142455285424,0,0,0,0,0
-52.7041311086336,10.2612169618854,42.5621776978806,98.8706187267312,84.5744645763542,8.82592413580452,-74.1222338703489,-98.6614099461817,0,0,0,0,0
-58.6366912855641,9.27777369183309,46.4378228890966,98.8520272494422,83.3267548064623,8.9251248667204,-72.7101989139118,-98.6477387605149,0,0,0,0,0
-57.6718557384421,9.35944266775529,45.3345928440549,98.7521841513653,82.2618828004174,8.88601283041564,-71.5184797342236,-98.5887284055538,0,0,0,0,0
-56.6195388596401,9.36950332965599,44.1475983791609,98.7916401547685,81.176869241837,8.87776251404828,-70.2945580071175,-98.6323245340409,0,0,0,0,0
-55.3773691988113,9.41910255168754,42.7290400937008,98.8527307673101,79.8288559265856,8.87158931210262,-68.7814998451179,-98.5862333936474,0,0,0,0,0
-53.7545719584759,9.41598081755383,40.9105694322504,98.897149527333,78.0354016747178,8.86148415288018,-66.757393866714,-98.6856300005492,0,0,0,0,0
-52.5962468015615,9.38587780652896,39.6435078553343,98.7901530032742,76.7989482681813,8.90809160464722,-65.3662656785516,-98.5952293055028,0,0,0,0,0
-50.3995521628633,9.53333264650335,37.1479412308743,98.570260323725,74.7692640908302,8.96581712831935,-63.0848839431673,-98.4498659529347,0,0,0,0,0
-48.269019893233,9.77443256987208,34.672453007443,98.3868763060749,72.2190304573959,9.22906763654149,-60.1662954303338,-98.3645852047793,0,0,0,0,0
-45.3164824444026,10.1592178121742,31.2038566948866,98.1528522098693,68.579928167643,9.53253083063376,-56.0095320341463,-98.1357453722364,0,0,0,0,0
-42.4196842435175,10.6419525525554,27.7096556931088,98.0620804790078,65.1128288810982,9.9112103701989,-51.9925350174137,-98.0505913691392,0,0,0,0,0
-39.9338938411571,11.2542126055779,24.584677902997,97.9365143142013,61.5070766450112,10.4648428798426,-47.7355549740745,-97.9627417525298,0,0,0,0,0
-40.5476047743927,10.7541665639186,22.4205131924103,97.9851096433166,63.6867616988399,10.153763926183,-47.1359433992052,-98.1219075238169,0,0,0,0,0
-37.0831152354239,12.171056331756,17.7054378050863,97.830140823107,59.0729617422024,11.1532186671149,-41.5432214385063,-98.1828317919639,0,0,0,0,0
-36.5547087962953,12.2424713408509,14.0529921071217,97.5480961698442,59.2336045730769,11.0574001020321,-38.7221059209644,-97.8115896050882,0,0,0,0,0
-34.4548055049614,14.1808433515693,10.6006628392108,96.9200687897114,58.9171583586735,11.3423638199221,-35.3303883533516,-97.2055867031917,0,0,0,0,0
-35.4172119783023,14.9864445133394,8.38882188660451,96.3085897668547,55.0096028520281,13.2113210053452,-30.3227888687612,-96.4299068884555,0,0,0,0,0
-36.8809715248539,16.057064154437,7.0162363591749,95.7103088399952,59.0020475032744,12.5031495820642,-29.5047417178431,-95.5816354648441,0,0,0,0,0
-40.807431413049,14.9851127774096,6.13983745312629,95.1334549965141,60.3998369951358,13.4870314097831,-28.8033199883396,-94.7800133511041,0,0,0,0,0
-43.8821382802545,16.2608168549555,5.73027126242281,93.7358753539979,61.6246129973635,14.5748403060261,-26.8575359808567,-93.1783316987791,0,0,0,0,0
-46.5438551263686,17.5320661691681,4.79642735240973,92.3840935634214,62.6147993071218,15.528139757257,-24.6619738480758,-91.771769742169,0,0,0,0,0
-49.1888015216724,17.1377758128093,1.9511757599729,91.3802191819174,65.4486426851395,15.1388652928618,-22.2397478561261,-90.4734239590168,0,0,0,0,0
-52.3157626708636,18.1795645140933,1.2815741039399,90.0887261447403,67.272859263399,16.1517544294705,-20.5901522645386,-88.9588506513675,0,0,0,0,0
-53.5655677166512,18.2613256089872,-3.51056594869525,87.2749184144355,66.9796116222351,17.6126152379607,-16.4829064074041,-86.6174793312014,0,0,0,0,0
-55.4920193553679,19.5285831226668,-5.63897807615137,84.7378027711045,67.8361051124183,17.3876147114366,-11.6464641938206,-84.2715817156822,0,0,0,0,0
-57.5749351282621,20.1672920550539,-7.19602947504582,83.2116471898211,68.3593920472912,18.2574663588941,-8.6154613139149,-82.4689107885686,0,0,0,0,0
-54.0489324727792,21.074775287651,-13.9358687051713,79.4112349395246,65.2317865370861,19.1574592624082,-2.04205713671755,-78.9658183488602,0,0,0,0,0
-55.233298023505,20.6090999151823,-15.5307252935382,79.171587884252,67.0595436330355,19.2345070470892,-0.792086080140278,-78.6713529178832,0,0,0,0,0
-55.9556404307911,19.6046510746806,-17.1562475092463,79.1088145173694,69.6353072792377,18.9277622996881,-0.514461150389989,-78.8927160978408,0,0,0,0,0
-49.7098794830177,21.3289156073937,-23.7338943760776,77.0255508517049,64.6591997942853,18.9437325722565,7.17890019011443,-77.5748686352534,0,0,0,0,0
-46.4354801319144,22.667246407072,-27.3132888153331,75.3178298373184,60.2179617850454,19.0109148913133,14.273489114688,-76.2904797059721,0,0,0,0,0
-46.4781037284326,23.5258372379702,-27.7847405427863,73.8857567541541,61.274244963107,19.9519028678668,13.9210178930643,-75.1232695636286,0,0,0,0,0
-47.7185203585344,24.272564641603,-27.2346343065198,73.4025268620399,62.9609675129023,20.7515173647664,12.9135694706906,-74.6485649275804,0,0,0,0,0
-49.0412961002807,24.5205904755013,-26.2948326066357,73.1337677042422,64.6654496903249,21.472493046348,11.8128911922751,-74.0119746847305,0,0,0,0,0
-49.7994207535139,24.7232146515756,-25.7840020278889,72.7916036911496,65.7556208003847,22.0360386320222,11.1784118546193,-73.6126663944407,0,0,0,0,0
-50.8385305496815,24.6751184211245,-24.8814173044927,72.7939580686739,67.3543148924355,22.2396763426079,9.81509212514912,-73.5862420518979,0,0,0,0,0
-52.3298571535157,24.3890705671877,-23.4131340859714,72.6880014339579,69.5519081148535,20.7519856480669,9.58836561875767,-73.7499743173614,0,0,0,0,0
-52.7597979282085,24.2589553693436,-22.9498160683716,72.6127851227023,70.7663693658371,20.6154034522102,8.29732961241286,-73.5809350786124,0,0,0,0,0
-52.1002461171833,24.2635313985274,-23.5107079966692,72.524561873664,70.9070951182634,21.9026027157573,6.13599405543047,-73.5230018594159,0,0,0,0,0
-51.990630065251,24.2924576348957,-23.6072809848811,72.246782005221,71.1896566429336,21.9090139886773,5.85129021122974,-73.3555277153037,0,0,0,0,0
-50.7687314955958,24.6908856372667,-24.8944699516663,71.8630578953229,69.8991048594617,22.1033675049578,7.22984447195706,-73.1095150764627,0,0,0,0,0
-49.8942959345439,24.995945365643,-25.8275797625088,71.7089822258592,68.7000640297716,22.2348262183965,8.47857772767626,-73.0371267871164,0,0,0,0,0
-49.8227926239772,25.1483440217835,-26.0007861736024,71.857295535441,68.3741826148736,22.4206358342291,8.94577498453568,-73.2094203215971,0,0,0,0,0
-49.7551571824842,25.3509640416847,-26.2026801586048,71.9567456246055,68.0535945665306,22.605942725079,9.4097289314094,-73.4045200232409,0,0,0,0,0
-50.6598330718368,25.3221544009506,-25.4500498418695,72.2763952636149,68.7923351059356,22.6427248407692,8.77335051757848,-73.8962640701503,0,0,0,0,0
-51.1513581631155,25.4336361878079,-25.1134067890952,72.2170996070236,69.4981113275671,22.7197106457518,8.1613474594088,-73.9838348756287,0,0,0,0,0
-52.6085581781813,25.2810456695592,-23.7763723321683,72.2058952583458,71.0100716266859,21.2777149477619,8.60093552762684,-74.0488907446974,0,0,0,0,0
-53.0082452697237,25.3561266769888,-23.4786008744589,72.0367933259905,71.495436381422,21.3241427723155,8.1598051882749,-74.0025289276273,0,0,0,0,0
-53.7583615754399,25.2329076104548,-22.7630387893679,72.2176508432955,72.762607557999,21.2483953720908,6.87497430338238,-74.1266048288543,0,0,0,0,0
-54.2709719254483,25.1367352280176,-22.2539303585225,72.2213928456459,73.6477070712051,21.2306777160826,5.99676829753516,-74.1894024961786,0,0,0,0,0
-54.3878778393559,25.0832484084911,-22.1241059465249,72.3509960578087,73.8746510340215,21.189912701813,5.7597074077683,-74.3771152038826,0,0,0,0,0
-55.0654562795705,24.9510240043523,-21.4639842060865,72.6354557740802,74.9245818968115,21.108893994489,4.6891755771104,-74.6985581452534,0,0,0,0,0
-55.207704677057,24.8676127008104,-21.2854799913366,72.7121967115964,75.240109779199,21.0999335058193,4.37814457129565,-74.7961398717296,0,0,0,0,0
-55.0355626274761,24.8974404594454,-21.436884265045,72.4475319540349,75.3093695908071,21.1177332108081,4.31403581165652,-74.7042765280953,0,0,0,0,0
-55.7773945843523,24.7772585405363,-20.731258152893,72.8057187944869,76.1829155333342,21.0940741547912,3.4406239741304,-74.8685929909027,0,0,0,0,0
-55.5541297551152,23.4564810957019,-22.964876500114,73.3221351672122,77.4457117406671,21.1231020476017,2.22487445333524,-75.1660391384541,0,0,0,0,0
-55.5572240593479,23.5832691934004,-23.0939269714558,73.8295393101169,77.014672820695,19.8659207605344,4.74458154924544,-75.5032373115132,0,0,0,0,0
-55.4780139352331,23.7618817634602,-23.3400488707859,74.4144274222222,76.2514954653682,20.0886236117196,5.71774531817832,-75.9150166193622,0,0,0,0,0
-54.7356415543255,22.5761981870112,-26.2196542258837,76.0538306542523,76.6539562502875,20.2543858428921,5.56026730303602,-77.0482822271786,0,0,0,0,0
-54.2909652005661,21.4332232849963,-28.8759667745385,77.5702732239476,76.6151545882198,19.1264233551585,7.83821879448985,-77.9453483956538,0,0,0,0,0
-57.1872606735838,21.5692728101711,-26.6561711991011,79.765951885283,78.7375738282754,19.6028222720434,6.30810825365973,-79.8396429948027,0,0,0,0,0
-58.5742547317611,20.875088833106,-28.1292870808299,81.6143849381263,80.4022805699627,19.1125467928775,7.49402719475603,-81.3773352184247,0,0,0,0,0
-61.426273084058,20.4973979198527,-28.5992800911651,83.5038624272741,83.2761365376489,19.1920123830476,7.9466928013884,-82.8778403055273,0,0,0,0,0
-63.6693557065598,19.4526284301394,-32.0977485511762,84.9369433067358,86.4236810117093,20.0387109137416,8.73334010317812,-84.0164350906458,0,0,0,0,0
-69.5728842223451,20.1163069327688,-30.4732298377716,85.4888333132964,89.1959349736765,20.0828200541744,12.109488765588,-84.2637451397316,0,0,0,0,0
-72.9969745217969,19.5878725394771,-32.9827494919017,85.9711191999963,91.9522578763611,20.1796856746388,15.3896207417104,-84.5461715384932,0,0,0,0,0
-76.2078165856775,20.1112656240912,-33.3344755811388,85.7615487985355,93.8911523072229,20.9589748256953,16.9283821805631,-84.5383995994334,0,0,0,0,0
-78.3092724671054,19.3545601106098,-36.3734913819103,85.567053445962,97.1421885926853,21.4723080024218,17.5298523436252,-84.4293433748559,0,0,0,0,0
-80.0960378412166,19.6570261438926,-37.459293646339,84.6735806693551,98.0840658270161,22.0504800956847,19.0862635947363,-83.6487127636137,0,0,0,0,0
-83.4249517141915,20.5521439476657,-36.3315015225592,83.8120314076985,99.2935377502543,22.5608005825188,20.5091357880057,-82.7218043134121,0,0,0,0,0
-87.0472284713373,20.9655964993369,-35.7198546614604,83.139489945443,101.837417162509,22.8898157846577,20.9150573850582,-81.9771602566027,0,0,0,0,0
-92.4670225806601,22.3680900986019,-31.6062679714245,82.2299861233461,104.988487806671,24.5264418303293,18.8503360836306,-80.8466312750697,0,0,0,0,0
-94.10210231355,22.6768507574246,-32.8156182713264,81.2373656169324,106.952346306333,25.9255984608971,17.7217668480864,-79.8957563676741,0,0,0,0,0
-97.3235387306063,24.0145843040758,-30.590148778714,80.4256926949289,108.00384642438,25.7405134513969,19.3504512701406,-79.3998851443207,0,0,0,0,0
-98.5159043359926,23.747502278713,-32.160715572453,79.75467297147,110.245178899368,26.5997095640535,17.9129491707884,-78.9848723417152,0,0,0,0,0
-100.969805551154,24.5400540044618,-30.5330710782213,79.0388496723136,111.368707874729,25.9938388404525,19.4041334917177,-78.8284573903923,0,0,0,0,0
-103.835866658261,25.3774460049001,-28.6360999960166,78.4495178668428,113.989125078853,26.75357508405,17.669772650732,-78.7422216818732,0,0,0,0,0
-107.103335651589,26.2717427423362,-26.4834644527956,78.0827638387581,116.517877998343,26.3257277143345,18.1460118619056,-79.2569097852346,0,0,0,0,0
-109.745046054055,27.0458606377814,-24.8110997827337,77.6167906907962,119.038338497454,26.972940718498,16.4749478462121,-79.4378173949374,0,0,0,0,0
-113.393697609264,27.7925145186015,-22.4245000889022,77.2559168641574,122.343282061102,27.7090711591684,14.2723398163628,-79.5579814765261,0,0,0,0,0
-116.241351237797,28.4402157522918,-20.5960606134886,77.0882588462656,124.861429772955,28.3386818823331,12.6373612311555,-79.6696059854502,0,0,0,0,0
-118.569366842614,28.8665243283448,-19.0604591763592,77.1524248736193,126.858887453161,28.8009600458236,11.3319837888333,-79.710204993751,0,0,0,0,0
-119.322160446008,27.7609439435112,-20.7273565711397,77.0485241261163,128.431512100378,28.8852410223118,10.1605911061239,-79.6992417217619,0,0,0,0,0
-122.538838500826,29.2104154611152,-16.2855594797852,77.1024815005075,130.612786910693,29.1211172732489,8.56865289723359,-80.0642669627489,0,0,0,0,0
-124.110074672063,29.3827871064536,-15.2080365649595,76.7827617462617,132.146861900424,29.217492695524,7.41365901845253,-80.0000846301248,0,0,0,0,0
-125.069417181413,29.5208623665445,-14.5695116671316,76.4167163941076,133.187543447712,29.2608354739405,6.61183592971531,-79.9234681381652,0,0,0,0,0
-125.543661473518,29.5052663793822,-14.2135211921112,76.1760236165733,133.81545839065,29.3679805725997,6.17582938760669,-79.7722571848378,0,0,0,0,0
-125.163912956635,29.3780180364106,-14.4395820199569,76.1543063267254,133.5785198179,29.2938934867918,6.32254767505797,-79.7770252918824,0,0,0,0,0
-124.53930059125,29.1857646524333,-14.8198315543636,76.1418378635224,133.089332245608,29.1384846704982,6.62165551593431,-79.8627981453081,0,0,0,0,0
-124.803133375375,30.4939546559033,-12.5383315696205,76.1734326056741,132.938879459994,29.278581141717,6.82906344556553,-79.6764837742056,0,0,0,0,0
-124.397700479246,30.5334814167189,-12.8687399368882,76.0182590252353,132.369424793758,29.3827357361603,7.34812748117602,-79.5113752373741,0,0,0,0,0
-123.576922726446,30.4279272042187,-13.435541769895,75.9744888047131,131.468795948626,29.3133935850829,8.02942223933222,-79.3155778739152,0,0,0,0,0
-122.455360589752,30.2932739786582,-14.2157142452906,75.8548136266135,130.257741954334,29.2771291026239,8.97332973265762,-79.0305272783124,0,0,0,0,0
-121.684446811355,30.2094529374007,-14.7559849389422,75.7514447590289,129.039325013004,29.2996376071655,9.9418714433533,-78.9025571305616,0,0,0,0,0
-121.353739050147,30.3087431502921,-15.0526698005218,75.5903790762977,128.228003163171,29.3898760857295,10.6193269484809,-78.8736821435973,0,0,0,0,0
-121.262984555103,30.6206802645798,-15.2639293215302,75.4370705904001,127.716841817263,29.6288815968811,11.1457190168992,-78.6848368763766,0,0,0,0,0
-121.246174405714,30.944058544971,-15.4216540936964,75.3691741598238,127.400514505507,29.8608418815142,11.5123344499591,-78.5923553114585,0,0,0,0,0
-121.450567102393,31.2478264762569,-15.4129057560211,75.2463472689862,127.372388229849,30.1006777631946,11.6700304748578,-78.3170515656988,0,0,0,0,0
-121.290921303878,31.4096014977143,-15.6021688238039,75.2194932188046,127.098737978453,30.1650857113936,11.9136298600776,-78.2604505121001,0,0,0,0,0
-121.317875353495,31.5846210772629,-15.6614245164681,75.1991028549658,127.039614234504,30.2321404103807,11.9922049830418,-78.2841690060119,0,0,0,0,0
-121.270385255142,31.631315443142,-15.7203995532209,75.1192651055131,126.912544474883,30.2204359945429,12.0879084513548,-78.1496335727718,0,0,0,0,0
-121.255978903651,31.6933047166505,-15.7636772611359,75.0086104397678,126.872706264002,30.2152456915216,12.1187880564492,-78.0674469444393,0,0,0,0,0
-120.942380232341,31.6589548652336,-15.9828285127164,74.8448619093915,126.614032330377,30.090600940801,12.2560583602723,-77.9381608236866,0,0,0,0,0
-120.543206309568,31.7118227355183,-16.3014928943693,74.6847471138788,126.399377604373,30.0995071454357,12.4258506959755,-77.8716360340551,0,0,0,0,0
-120.226566161062,31.7250693122189,-16.544432592896,74.4915206889671,126.010561696482,30.1338088730506,12.7419525689858,-77.7512403450802,0,0,0,0,0
-119.635431453107,31.6299946373931,-16.9335205303381,74.3873781555353,125.448866136589,30.0415205703777,13.1175629840759,-77.7779249471051,0,0,0,0,0
-119.272109366123,31.6288397223626,-17.1994788209824,74.2690699164383,125.013269860203,29.9995529303088,13.4266905674521,-77.7199433524985,0,0,0,0,0
-119.327531523099,31.7516883630337,-17.2255292354021,73.9872915074653,124.857641414751,30.191719617347,13.6474493312842,-77.5018457392991,0,0,0,0,0
-119.299888069034,31.8498510189633,-17.3020734818463,73.6742091957186,124.802359286735,30.1634098457864,13.6787064973363,-77.4191581947161,0,0,0,0,0
-118.842031852915,31.8424925814304,-17.6410638858225,73.3753671226225,124.410982864454,30.1776180185666,13.9891635152837,-77.1766773893981,0,0,0,0,0
-118.248441254172,31.874449338372,-18.0890615093785,73.1384565465724,124.585400205898,31.3904279946449,11.7478413132736,-76.9473413508704,0,0,0,0,0
-117.369386070554,31.7535305577688,-18.6839556455556,72.7917439739603,123.945915383358,31.1863807136632,12.1355268237688,-76.7383283516115,0,0,0,0,0
-117.337884497212,32.8527502196555,-16.5229524019585,72.5567513520978,123.166188975503,30.8380249828784,12.560174950241,-76.588480075829,0,0,0,0,0
-116.429659184264,32.7347939944693,-17.1361611361728,72.2411384602921,122.510795924012,30.5506753463903,12.9270877527186,-76.3946646026021,0,0,0,0,0
-115.668096547857,32.619396681054,-17.6451140853865,71.9746305777993,121.97643309718,30.3112171413861,13.2215792883994,-76.337101731728,0,0,0,0,0
-115.82938000371,33.6994247026387,-15.3532722674181,71.6816136946802,121.978011839415,31.3189221808168,11.020013829812,-76.1977816100482,0,0,0,0,0
-115.04259757542,33.4465860798106,-15.8307985828231,71.4170837268047,121.297237854804,30.9641103777398,11.3847549404028,-75.9947961133305,0,0,0,0,0
-114.280529056854,33.1190151984131,-16.2611616862299,71.3012728730603,120.30507997064,30.4338347387455,11.9176005462034,-75.752934898974,0,0,0,0,0
-113.545408850721,32.452395572137,-16.5475884949905,71.5091654793731,120.046268317945,30.8847866432309,9.68609258439066,-75.8833148764468,0,0,0,0,0
-112.599128637694,32.5903896920058,-14.7111161382447,71.9488390178502,118.310693081269,29.4798938204434,10.4363434770077,-76.2468306089495,0,0,0,0,0
-111.798906527982,31.2452378475133,-14.8222565647423,72.9089389307473,118.203676239377,29.2171408751162,7.83116428560452,-77.0683033593028,0,0,0,0,0
-111.770204988943,30.9359891072183,-12.1897566989396,74.2068321871082,118.157725810246,28.7087087075059,5.13219287347155,-77.8389896239984,0,0,0,0,0
-110.777250664119,30.310810176302,-10.2178080873208,75.6856904039042,117.550304828503,27.8558055118603,2.79480695717906,-78.8720759163994,0,0,0,0,0
-109.996641768882,30.3103572064511,-5.91251036365688,77.582440438494,117.095393584616,27.9384826626122,-1.69836476862477,-79.6984424551711,0,0,0,0,0
-109.190109240833,30.3007782547728,-1.76609586893283,79.6286243938535,116.712174924416,27.9088270268345,-6.18172182579328,-80.7901184175287,0,0,0,0,0
-108.661996310663,28.6444642723282,0.522510383022083,81.3159951904684,116.382041318625,27.4486316876685,-10.7138194489986,-82.0247546619313,0,0,0,0,0
-107.228304245668,28.6343076193168,3.85991542219386,83.0788353844401,115.908316812476,27.0348324150659,-14.9950745295918,-83.5595782804727,0,0,0,0,0
-105.824481585442,28.6923477492362,7.39787619690394,84.8749689754746,115.422727938772,26.5139295082482,-19.3367128879741,-85.5462438367787,0,0,0,0,0
-102.202121959788,28.3721154535172,9.22865875061454,86.7553623283745,112.901435314787,26.5014831086089,-22.3630346886598,-86.7961770353547,0,0,0,0,0
-98.1585847216321,27.0533045793205,8.68509485084612,87.4348402556918,110.623550804622,25.3650608959435,-23.5179773132929,-87.1222200628247,0,0,0,0,0
-88.0714732688102,26.3556741778192,4.71714646609184,86.0775801585312,103.38135945182,23.019837258381,-20.0044299661926,-85.7317435253403,0,0,0,0,0
-78.4281070989007,25.8524946930198,-1.44861153362918,83.886984005429,93.2779942405969,22.8823592394773,-15.2806226124918,-84.2376189835162,0,0,0,0,0
-70.8427752408226,26.964812231079,-6.34048204966055,80.0977111231132,85.1809209783919,21.5849108840859,-7.89139036620512,-80.9862139169725,0,0,0,0,0
-63.9819936922302,28.8196091480187,-11.0050431458402,77.6989226514679,75.5366132406593,22.6192599776953,-0.440248156627339,-79.2638223941314,0,0,0,0,0
-63.0612431852847,28.2624299825559,-11.2907099319681,76.8700351345538,73.866061882491,22.0919413725567,0.752090453704544,-78.6196987142162,0,0,0,0,0
-63.5176319521671,28.6910911040646,-8.19253168713915,77.5701189580354,73.9814308867733,22.7842993360354,-1.86150172552007,-78.9664180930896,0,0,0,0,0
-63.2929998709821,27.9400277477474,-7.8208708879408,78.1784828142296,74.2042140690928,22.0963237435492,-2.59752318885108,-79.2779797005817,0,0,0,0,0
-62.6138654956174,27.2659118924821,-7.95107098555494,79.1539377465352,73.394796858726,22.9218479187775,-4.18968324266454,-79.8478117082211,0,0,0,0,0
-62.7053056378502,27.8259479682703,-5.28160875944626,80.0207598872281,73.9503383070368,22.3249672680466,-5.17765233595747,-80.2807668738874,0,0,0,0,0
-62.4404531569575,27.0929898213547,-4.97270640991417,80.9130169526784,74.3669521623839,21.7133826465781,-6.03615437247762,-80.7806437992936,0,0,0,0,0
-62.4782716238082,26.5641444375337,-4.5341416054146,81.3917412867382,74.2986055210678,22.5822602150385,-8.35174809723088,-81.0573597116602,0,0,0,0,0
-62.4465523369653,26.3259634810526,-4.36894947748265,81.2834967821285,74.6439754331309,22.3816962804612,-8.85269939718951,-80.8359214976669,0,0,0,0,0
-63.4115138064381,25.9337733214746,-3.18273447132185,81.4936851616843,76.2361615355507,22.1089654579994,-10.6487579529003,-80.8691798943355,0,0,0,0,0
-64.3122354843886,25.6799276721741,-2.15891248276936,81.728269013677,77.9361031079608,21.9445809835541,-12.484262962365,-80.9786783012671,0,0,0,0,0
-64.6971334326803,25.5707678396432,-1.70723879709379,81.50323329458,78.6586104880669,21.7851156545712,-13.339080047099,-80.8443352657308,0,0,0,0,0
-65.2272145529837,25.546389567584,-1.18770560586029,81.3317735636532,79.3127534851986,21.7136412176402,-14.0603772639774,-80.7716943688109,0,0,0,0,0
-65.2122520238942,25.6190956880435,-1.25389532501018,81.1921364592381,79.3482615053974,21.6537540794167,-14.1415778506338,-80.7105011369154,0,0,0,0,0
-65.7523796033358,25.5283085164981,-0.686011423801772,81.4432686762415,79.9460843452501,21.5498708476246,-14.8239999624854,-80.8634761885996,0,0,0,0,0
-65.9618146865045,25.5464099702723,-0.506175019223867,81.5064797154615,80.1735384938894,21.5329959881579,-15.0687864813312,-80.8844889112618,0,0,0,0,0
-66.551617667947,25.5995559264458,-0.011316653037148,81.9710797216438,80.71726513306,21.6012237722107,-15.5708508675882,-81.1659800825989,0,0,0,0,0
-67.4832414246363,25.6500772292709,0.820204723810449,82.2067640527805,81.6944404723359,21.6657545176786,-16.5261013376947,-81.4031625686245,0,0,0,0,0
-67.5887471003359,25.8251040999486,0.77816522090952,82.2365108018809,81.8077512065428,21.7609154643841,-16.5730350173372,-81.4731100768689,0,0,0,0,0
-67.7682794653597,25.9389542807755,0.860745284608238,82.1442232206477,82.035065712413,21.8994412587994,-16.7119675291134,-81.3747896728241,0,0,0,0,0
-67.6901556417759,25.9958622838362,0.728732435008209,82.4112852664019,82.2555995698706,22.0089831132522,-16.8562621078008,-81.5621077549646,0,0,0,0,0
-67.8933205543752,26.124882135123,0.821181568233663,82.31640515615,82.7121875420201,22.1737278838384,-17.2162760527695,-81.4513947117645,0,0,0,0,0
-68.2926006849286,26.324600702557,1.03861139761446,82.3175344948291,83.2845368217874,22.3830958105389,-17.6658263081889,-81.3802902443798,0,0,0,0,0
-68.0434432216401,26.3942491750607,0.737190842469688,82.4608414885562,83.3325745867602,22.4710791297921,-17.6495890594498,-81.4682129697038,0,0,0,0,0
-67.8783915734243,26.3851060556247,0.579301088539441,82.638574567315,83.3882316879029,22.4469411182559,-17.7222137598486,-81.5534998476815,0,0,0,0,0
-68.2812834769052,26.3218891631963,1.00071139730387,82.941537284212,84.050820667797,22.4700352874747,-18.3952577921244,-81.7079382362132,0,0,0,0,0
-68.485730163393,26.3473686149591,1.1726945858613,82.9857404691187,84.1405195139008,22.5179988881133,-18.456664954977,-81.6644574431243,0,0,0,0,0
-69.2963050773091,26.3428654421497,1.94786738779208,83.0924010794773,83.441079811114,23.8184732124536,-19.8617841056062,-81.682742624835,0,0,0,0,0
-70.2665912267734,26.2913438272978,2.94299861621954,82.7662315895249,84.08155424108,23.8603143412058,-20.522397806505,-81.3442373059924,0,0,0,0,0
-71.6182689487496,26.1882802221951,4.37569182992228,82.1773572599619,84.9019410025706,23.8705968068094,-21.4151698242601,-80.6129782795837,0,0,0,0,0
-72.7183835222551,26.1246499726434,5.57408861453822,81.0132027528804,85.6530819396376,23.806417186386,-22.3088913475128,-79.4118364109503,0,0,0,0,0
-74.4618808154096,26.064268940607,7.43784034146306,79.6967296732485,86.9679831759995,23.8023385855346,-23.7760534062212,-78.1418366385527,0,0,0,0,0
-75.8192837302545,25.811566947158,9.11115979833433,77.9453398919949,88.2994961729968,23.6204918204737,-25.4013230482218,-76.5356724490551,0,0,0,0,0
-76.9950387809014,25.5639572090558,10.603449086335,76.2336628087848,89.1646439060376,23.4295180579291,-26.5277685834904,-74.9597887592119,0,0,0,0,0
-78.5327371479571,25.2527355413833,12.5273905699318,74.4557966833707,90.3720025805853,23.114774074664,-28.1056619076845,-73.2207311918498,0,0,0,0,0
-80.2448712829551,24.8917889170092,14.6695078497917,72.7935949915664,93.2648999968887,21.6219727145139,-29.2261053164661,-71.5458833201641,0,0,0,0,0
-81.930601863061,24.5040587285571,16.7977645776078,71.2909557473719,94.3755163370728,21.2420595904879,-30.6994848773937,-70.1879728836395,0,0,0,0,0
-84.496151814127,22.8613808077681,17.7291587117405,69.2745433774338,95.8232956839492,20.784200299924,-32.5909459836239,-68.279261276658,0,0,0,0,0
-85.657694118788,22.2974019956933,19.4200327743513,67.3999363821507,96.6939079576978,20.1977945459232,-33.890137694698,-66.5682313540249,0,0,0,0,0
-87.3523103094133,21.7608540283365,21.6370468959135,65.6507500841117,100.388571129896,18.7001988902022,-35.8029117508984,-65.002174637811,0,0,0,0,0
-89.1412420732932,21.2326603030969,23.9521046501984,63.6160477236876,102.429347134749,18.2505563594039,-38.2665700343598,-63.2291815233269,0,0,0,0,0
-92.5147369421988,19.578667812832,25.6672658698467,61.7486229464941,104.466909690381,17.71464808964,-40.7405928371172,-61.423851779793,0,0,0,0,0
-95.2251854764618,18.9867554772741,28.9433413093947,59.9104437291851,109.811860234332,16.5693350484791,-44.227746770904,-59.4955247508455,0,0,0,0,0
-97.6067997764682,18.4737525811005,31.8015589240709,58.2566508420123,112.268766646152,16.220884340685,-47.0364995839132,-57.8544222591756,0,0,0,0,0
-101.779001836825,18.1288442349729,36.5094888772422,56.4449583229857,116.134731054901,16.0845630660207,-51.289188245272,-56.1221701530017,0,0,0,0,0
-104.991025307884,17.655742621219,40.206957384873,54.8407517921023,119.488235775996,15.8414160720404,-55.0011405800286,-54.526237217933,0,0,0,0,0
-111.272121245234,16.366210275074,44.7276710623199,53.1926024118479,123.520694746226,15.4581323078321,-59.4518415702988,-52.9038260317258,0,0,0,0,0
-116.197882609835,16.3359519072026,50.0794331412398,51.9914434628026,127.870928078725,15.5794772932677,-64.1161752207187,-51.9914434628026,0,0,0,0,0
-121.234146753275,16.4427462891134,55.4844970988155,51.9914434628026,135.88326544791,15.5038261721464,-70.0984304132846,-51.9914434628026,0,0,0,0,0
-126.521801929333,16.5809004113997,61.1699003500233,51.9914434628026,140.561263306385,15.9624013642542,-75.0767317358778,-51.9914434628026,0,0,0,0,0
-134.830083431548,16.5969207851708,67.5004141222618,51.9914434628026,145.30700930097,16.7443448397819,-80.1175820862694,-51.9914434628026,0,0,0,0,0
-139.272224230906,17.0104066343651,72.2594411278747,51.9914434628026,148.900209670063,17.3411885117516,-83.9503898549436,-51.9914434628026,0,0,0,0,0
-142.949928024999,17.5659847278141,76.1906096455198,51.9914434628026,151.907481228742,18.1471866107183,-87.1527567732035,-51.9914434628026,0,0,0,0,0
-145.886613749539,17.9468682479598,79.3432907715813,51.9914434628026,155,18.7815817090214,-89.9696243902915,-51.9914434628026,0,0,0,0,0
-151.098757639311,18.2710460537184,82.3392257233932,51.9914434628026,155,19.5041983818764,-91.6162533293417,-51.9914434628026,0,0,0,0,0
-152.78003277933,18.9694977875644,84.129701412098,51.9914434628027,155,20.4055957403302,-92.5193325290289,-51.9914434628027,0,0,0,0,0
-153.999213206315,19.4686006841995,85.4335184324027,51.9914434628026,155,21.1094348725971,-92.7736944190046,-51.9914434628027,0,0,0,0,0
-154.675502836519,19.9970929512525,86.1512794987076,51.9914434628026,155,21.8322348549547,-92.895802623673,-51.9914434628027,0,0,0,0,0
-155,20.3897667938828,86.9295093885836,51.9914434628027,155,22.4596496366925,-92.789625097453,-51.9914434628026,0,0,0,0,0
-155,20.6783371298446,87.6030622036044,51.9914434628026,155,22.8426961733363,-92.92560115961,-51.9914434628026,0,0,0,0,0
-155,20.8964268023518,87.9921235705728,51.9914434628026,155,23.1624035655036,-92.9410360281567,-51.9914434628027,0,0,0,0,0
-155,20.967785428464,88.4705392963088,51.9914434628027,155,23.3550719389259,-93.0566256652507,-51.9914434628026,0,0,0,0,0
-155,20.9189752775693,88.9738705406332,51.9914434628026,155,23.4475376063715,-93.5097005896965,-51.9914434628026,0,0,0,0,0
-155,21.0561145857192,89.4370156279205,51.9914434628026,155,23.5633687400325,-93.8614993722208,-51.9914434628027,0,0,0,0,0
-155,21.0392837213504,90.0162521059262,51.9914434628026,155,23.5608855426007,-94.4737167719065,-51.9914434628026,0,0,0,0,0
-155,21.0991202917663,90.7022913013092,51.9914434628025,155,23.6282276609775,-95.2387032383499,-51.9914434628026,0,0,0,0,0
-155,21.0733287073279,91.2427014473169,51.9914434628026,155,23.6582242779381,-95.6918389108909,-51.9914434628027,0,0,0,0,0
-155,21.0461642580778,91.7021055598544,51.9914434628026,155,23.6687237201536,-96.1356258608257,-51.9914434628026,0,0,0,0,0
-155,20.9702006957801,91.9801397514093,51.9914434628026,155,23.4083491127033,-96.5002760223249,-51.9914434628025,0,0,0,0,0
-155,20.9310392689077,92.3116574689185,51.9914434628026,155,23.3737384077927,-96.7393126514684,-51.9914434628026,0,0,0,0,0
-155,20.8648515337209,92.4918753865444,51.9914434628027,155,23.4585389694639,-96.6851902622844,-51.9914434628026,0,0,0,0,0
-155,20.9002573330644,92.4882885994771,51.9914434628026,155,23.366686176149,-96.2605230705847,-51.9914434628026,0,0,0,0,0
-155,20.8978515729202,92.3980774778224,51.9914434628026,155,23.3693550787086,-95.9786883237642,-51.9914434628026,0,0,0,0,0
-155,20.7479087401582,92.0432085651031,51.9914434628026,155,23.2599004698311,-95.5007396758857,-51.9914434628026,0,0,0,0,0
-155,20.7046902343703,91.7268868287585,51.9914434628026,155,23.2715773326884,-95.1426280671267,-51.9914434628026,0,0,0,0,0
-155,20.6395049751304,91.4472091463369,51.9914434628027,155,23.2352678773537,-94.9246676298592,-51.9914434628027,0,0,0,0,0
-155,20.5244935493342,91.3157950867638,51.9914434628026,155,23.1541079095445,-94.6279931404379,-51.9914434628026,0,0,0,0,0
-155,20.4822419273602,91.0278803180891,51.9914434628027,155,23.1100213835594,-94.3065442349965,-51.9914434628026,0,0,0,0,0
-155,20.4908890295019,90.803505742859,51.9914434628027,155,23.0702007767816,-94.062536743641,-51.9914434628026,0,0,0,0,0
-155,20.5239190323764,90.7220507575272,51.9914434628026,155,23.0798234336315,-93.841746898128,-51.9914434628027,0,0,0,0,0
-155,20.4345403183066,90.6291773831362,51.9914434628026,155,22.9923137163328,-93.5826520508986,-51.9914434628026,0,0,0,0,0
-155,20.3540339440278,90.4665490303531,51.9914434628027,155,22.9137851835166,-93.2396016584106,-51.9914434628027,0,0,0,0,0
-155,20.2511036386483,90.2502927184401,51.9914434628026,155,22.8194338671069,-93.0084918943273,-51.9914434628026,0,0,0,0,0
-155,20.3937106506095,89.9796000095109,51.9914434628026,155,22.8767392196927,-92.6329217551809,-51.9914434628027,0,0,0,0,0
-155,20.6187847318536,89.2784602649522,51.9914434628027,155,23.0811560985527,-92.1024980668883,-51.9914434628027,0,0,0,0,0
-155,20.9302944970204,88.3948623347632,51.9914434628026,155,23.3738778655624,-90.9825154742007,-51.9914434628026,0,0,0,0,0
-152.406425006734,21.2582374016358,86.2843309963834,51.9914434628026,155,23.5493046575605,-89.4587478379911,-51.9914434628026,0,0,0,0,0
-150.273586214256,22.0611919070893,83.9445604355972,51.9914434628026,155,24.3344894306506,-87.1875891166287,-51.9914434628026,0,0,0,0,0
-147.918377673129,23.2984928840497,80.7766081386179,51.9914434628026,152.523550195174,25.4680859372849,-84.3418660544563,-51.9914434628026,0,0,0,0,0
-143.747594682444,24.9403724703175,76.1813056409857,51.9914434628026,148.676170914041,26.8625079093345,-80.0324264245482,-51.9914434628026,0,0,0,0,0
-139.577946157352,27.2188880057511,71.4688894008598,51.9914434628027,144.486226382741,28.9039138188998,-75.2292470347697,-51.9914434628026,0,0,0,0,0
-135.422478863292,29.349537474506,66.7398052933195,51.9914434628027,140.201272996478,30.6347091264893,-70.3184392284878,-51.9914434628025,0,0,0,0,0
-133.578125914406,31.2383376129245,61.8481588958665,51.9914434628026,138.327566046742,32.2587723228472,-65.3431793422095,-51.9914434628027,0,0,0,0,0
-130.897321915876,33.4248476673907,58.6109649895252,51.9914434628026,135.193798735199,33.9182540048006,-61.6602330848624,-51.9914434628026,0,0,0,0,0
-128.819678606773,35.4954615662772,56.0092553377927,51.9914434628026,132.668353955171,35.5966024193993,-58.6204629800104,-51.9914434628026,0,0,0,0,0
-127.777147849994,37.8944676492038,54.3580770686606,51.9914434628026,131.354833679384,37.867038684993,-56.6743869307748,-51.9914434628026,0,0,0,0,0
-125.816467591477,39.3546975920853,52.0162603163186,51.9914434628026,129.036500303719,39.1997480786202,-53.9476605000308,-51.9914434628027,0,0,0,0,0
-124.05932531301,40.876570446195,49.8814592074976,51.9914434628026,126.993676031284,40.6132380845087,-51.5061887009015,-51.9914434628026,0,0,0,0,0
-122.995986321508,42.5824526610242,48.3796470110966,51.9914434628026,125.658565213757,42.6583795761537,-49.59160163914,-51.9914434628026,0,0,0,0,0
-121.099960336906,43.6025825873602,46.3007493326094,51.9914434628026,123.538802011157,43.7464946095284,-47.2329920938009,-51.9914434628026,0,0,0,0,0
-119.473932743864,44.5076670761006,44.5430374641326,51.9914434628026,121.334430903308,44.7246797396257,-44.8813767195002,-51.9914434628026,0,0,0,0,0
-119.070475236454,45.8995622122538,43.7807781147194,51.9914434628027,120.749021252326,46.2262175888606,-43.891014199184,-51.9914434628026,0,0,0,0,0
-117.888763613831,46.7610112446921,42.477386999585,51.9914434628027,119.484426569591,47.2203597793596,-42.4521099533136,-51.9914434628026,0,0,0,0,0
-116.766752497325,47.49550544542,41.2832655320901,51.9914434628026,117.956235350589,47.9965857745053,-40.8750263373486,-51.9914434628027,0,0,0,0,0
-115.510625151838,48.4076537150671,39.9449519535763,51.9914434628026,116.631225381074,49.1104006847338,-39.406024977042,-51.9914434628026,0,0,0,0,0
-114.4453741369,49.4582816178698,38.7556299270374,51.9914434628026,116.523622965656,49.6990280529064,-36.5489766076656,-51.9914434628027,0,0,0,0,0
-113.447726199181,50.7778416494176,37.5719905634292,51.9914434628027,115.294709539643,51.0563608499202,-35.1344928988832,-51.9914434628026,0,0,0,0,0
-112.585595856187,51.1504273609621,34.2222393093872,51.9914434628027,113.550456046901,52.1979178968843,-33.4144855619232,-51.9914434628026,0,0,0,0,0
-111.46934216191,52.592012419936,32.9657314297517,51.9914434628026,112.293970852319,53.732956454792,-32.0122007120157,-51.9914434628027,0,0,0,0,0
-109.375765162803,53.644363278977,31.1112780026542,51.9914434628027,110.957106395641,54.0771894398347,-28.3860432521755,-51.9914434628026,0,0,0,0,0
-109.139296710607,54.2639182431298,28.2760537808365,51.9914434628027,110.001426375625,55.4732090370989,-27.3263832231326,-51.9914434628027,0,0,0,0,0
-108.290462674353,55.7249846547448,27.3143441540616,51.9914434628026,109.233978763305,56.9860315416605,-26.3955740735195,-51.9914434628026,0,0,0,0,0
-108.115980677903,57.2396701120068,26.8241413539345,51.9914434628026,109.477191232393,57.5570745746258,-23.8935068788009,-51.9914434628026,0,0,0,0,0
-107.908636348162,58.7728878463682,26.3059213146293,51.9914434628026,109.279387362856,58.9444532635281,-23.3873988338577,-51.9914434628027,0,0,0,0,0
-108.050310869469,59.2896270338718,23.7657643033916,51.9914434628026,108.913832272263,60.2320533886075,-22.8050944244203,-51.9914434628026,0,0,0,0,0
-107.500868392518,60.8147633556374,23.0345171970977,51.9914434628026,108.989746387384,60.6615538302257,-20.2203346978326,-51.9914434628026,0,0,0,0,0
-107.362135830116,61.5916724321965,20.2597139380095,51.9914434628026,108.390272461314,62.0746581178161,-19.4773037296947,-51.9914434628027,0,0,0,0,0
-106.810077207104,63.0915816017379,19.5618328516092,51.9914434628026,108.385228270886,63.4730745932799,-19.0864431641969,-51.9914434628026,0,0,0,0,0
-106.708346821889,64.4936825892434,19.1493668334348,51.9914434628026,108.372352928682,63.6950304791556,-16.5087490860905,-51.9914434628026,0,0,0,0,0
-106.772871328096,65.1092392822178,16.5370264599926,51.9914434628026,108.007687104409,64.9919472878178,-15.9524746906538,-51.9914434628026,0,0,0,0,0
-106.528427278513,66.5655401709659,16.0351861413868,51.9914434628026,107.865257186877,65.2568833214018,-13.3045528948917,-51.9914434628026,0,0,0,0,0
-106.557687782629,68.0719685801909,15.6529768544109,51.9914434628026,107.660010181075,66.4794219017003,-12.8611360286018,-51.9914434628026,0,0,0,0,0
-107.388321333688,68.7746557848743,13.3396875458596,51.9914434628026,108.089188740258,67.0514967070291,-10.3900767035332,-51.9914434628027,0,0,0,0,0
-107.779025111427,70.44195207061,13.0253764030041,51.9914434628026,108.302460510577,68.6103076166653,-10.0193223296576,-51.9914434628026,0,0,0,0,0
-108.099904949385,72.1164376143958,12.6535721540382,51.9914434628026,108.683391666006,70.1925486279153,-9.68990074418326,-51.9914434628026,0,0,0,0,0
-108.270956280242,72.7942999904262,9.98883075229715,51.9914434628026,108.773032182973,70.9027844475562,-6.97687885984728,-51.9914434628026,0,0,0,0,0
-108.706522664648,74.3189148708065,9.65790346545704,51.9914434628027,109.052060767976,72.4396867116349,-6.58162890387652,-51.9914434628026,0,0,0,0,0
-109.474850992626,74.7045254891011,7.23780355913767,51.9914434628027,109.719172703004,72.8300285510457,-4.13100311705093,-51.9914434628027,0,0,0,0,0
-109.896395942862,75.9616452956055,6.93285608948427,51.9914434628027,110.075147169899,74.1576107817585,-3.78171786842901,-51.9914434628027,0,0,0,0,0
-110.815742068704,77.2196164631431,6.7368920349497,51.9914434628026,111.045328346073,75.4807922949875,-3.57944278062984,-51.9914434628027,0,0,0,0,0
-111.374914189988,77.4447420197761,4.21724603946902,51.9914434628026,111.408566038298,75.6377248205666,-1.03756465802031,-51.9914434628026,0,0,0,0,0
-111.689581770359,78.5146093287444,3.88049792029194,51.9914434628026,111.73042738053,76.7457306908125,-0.690250989642703,-51.9914434628026,0,0,0,0,0
-111.923391109235,78.6196796460714,1.29630451496245,51.9914434628026,111.84269702139,76.8884653428304,1.93265301074376,-51.9914434628026,0,0,0,0,0
-111.839875708748,79.5575756226695,0.91056480725064,51.9914434628026,111.707056776642,77.8233912329443,2.32582684186719,-51.9914434628026,0,0,0,0,0
-111.951618557619,79.5923048337973,-1.68097266943814,51.9914434628027,111.62884834174,77.8723970282976,4.95317154073779,-51.9914434628026,0,0,0,0,0
-111.717150946678,79.6172703637143,-4.32598672555601,51.9914434628027,111.436493774524,78.8198872847933,5.35362814024982,-51.9914434628026,0,0,0,0,0
-111.85558893897,80.4466944483535,-4.63524493915128,51.9914434628027,111.622099593157,78.7221601800413,7.88453457507122,-51.9914434628027,0,0,0,0,0
-111.652184717306,80.3902801232837,-7.23837042829998,51.9914434628026,111.317377190082,78.6173291839161,10.4815349835144,-51.9914434628026,0,0,0,0,0
-110.795406923756,80.1779383308867,-9.84068731080716,51.9914434628026,110.649889895401,79.4328048935546,10.8678429556101,-51.9914434628027,0,0,0,0,0
-110.597007095008,80.8206869117785,-10.1012552303593,51.9914434628027,110.323084427419,79.2590579609018,13.4208657326011,-51.9914434628026,0,0,0,0,0
-110.125655509768,80.4712722622736,-12.5920335237474,51.9914434628027,110.131723109765,79.8895638757788,13.669226064921,-51.9914434628027,0,0,0,0,0
-109.76147768825,80.9577957289655,-12.7936751750971,51.9914434628026,109.412323554528,79.5759027452356,16.1858645547763,-51.9914434628026,0,0,0,0,0
-109.59037087555,80.2345155074771,-15.1208910849623,51.9914434628026,109.330080579597,79.8975401845619,16.3044881182629,-51.9914434628026,0,0,0,0,0
-109.929800463551,80.2702739196367,-15.1138009969515,51.9914434628027,109.491941827707,80.0392109120174,16.3457321709072,-51.9914434628026,0,0,0,0,0
-110.311954158713,80.1105830646343,-15.0319565377246,51.9914434628026,109.841447703765,79.9658517729159,16.3001847017092,-51.9914434628027,0,0,0,0,0
-110.616228904573,79.9800624275497,-14.9637104931243,51.9914434628027,110.160012515623,79.846456765916,16.2383221940183,-51.9914434628027,0,0,0,0,0
-110.646388229211,79.8862591384696,-14.9262664042031,51.9914434628027,110.344255002887,79.7024859165592,16.1738982044242,-51.9914434628026,0,0,0,0,0
-110.811015634942,79.7449168058615,-14.8613231331958,51.9914434628027,110.566273895898,79.5420580042887,16.0997670438506,-51.9914434628026,0,0,0,0,0
-110.990979074029,79.5827085795914,-14.7862884244884,51.9914434628027,110.738783747425,79.3882925330699,16.0300930318992,-51.9914434628027,0,0,0,0,0
-111.049909443358,79.4628934732475,-14.7357106266718,51.9914434628026,110.518557884997,78.3691269440675,18.260100006083,-51.9914434628027,0,0,0,0,0
-110.999047414802,79.3488120415745,-14.6956405784588,51.9914434628026,110.488392570176,78.2137765051723,18.2038020235625,-51.9914434628027,0,0,0,0,0
-110.8737833161,79.2457639422238,-14.665990483415,51.9914434628027,110.34977346157,78.0760595197288,18.1625661624576,-51.9914434628026,0,0,0,0,0
-110.680931742122,79.1591904131398,-14.6486085280997,51.9914434628026,110.191179839149,78.0204041842678,18.1540087655387,-51.9914434628027,0,0,0,0,0
-110.410696703173,79.0931423038276,-14.6459282248725,51.9914434628027,109.92154259177,77.9769108834144,18.158852470272,-51.9914434628027,0,0,0,0,0
-110.26102440759,79.0563055184622,-14.6446225459337,51.9914434628026,109.829949106483,77.9920589931446,18.1714424214866,-51.9914434628026,0,0,0,0,0
-110.271406662457,78.9866251186353,-14.617962787236,51.9914434628026,109.795062015639,77.960787449069,18.1628098878603,-51.9914434628027,0,0,0,0,0
-110.453702887558,78.8902114290424,-14.5665214987751,51.9914434628026,109.97682346759,77.8938164449852,18.1241844678774,-51.9914434628026,0,0,0,0,0
-110.470035832037,78.8589378417139,-14.553410128891,51.9914434628026,109.999393864576,77.8707452021466,18.1139515058937,-51.9914434628026,0,0,0,0,0
-110.357946860074,78.8403714219996,-14.556267755509,51.9914434628026,109.92438755659,77.8771021423375,18.12224276224,-51.9914434628026,0,0,0,0,0
-110.353873589436,78.8237822235368,-14.5504570188808,51.9914434628026,109.933769138444,77.893212471291,18.1273732510875,-51.9914434628026,0,0,0,0,0
-110.347617566409,78.8389078843482,-14.556626496577,51.9914434628027,109.960499353958,77.884468230492,18.1220625387869,-51.9914434628026,0,0,0,0,0
-110.282000242515,78.8423690044832,-14.5636411938164,51.9914434628027,109.960348015328,77.9061331177296,18.1299882954755,-51.9914434628026,0,0,0,0,0
-110.306169348241,78.8651706060618,-14.5699865746179,51.9914434628026,109.946851180808,77.9180806962219,18.135414828065,-51.9914434628027,0,0,0,0,0
-110.249942175072,78.8481310733423,-14.5685683186107,51.9914434628026,109.952778626106,77.9238464989464,18.1370537324315,-51.9914434628027,0,0,0,0,0
-110.343099150066,78.8557263294842,-14.5632699265735,51.9914434628026,110.014015420116,77.9781564987006,18.1521377570425,-51.9914434628027,0,0,0,0,0
-110.398965709539,78.858943733576,-14.5596029352328,51.9914434628026,110.058330422933,77.9769420080485,18.1482533253051,-51.9914434628026,0,0,0,0,0
-110.488086378805,78.8380226779743,-14.54400623689,51.9914434628026,110.128689552293,77.9540673906876,18.134355570572,-51.9914434628026,0,0,0,0,0
-110.340553210195,78.8381154839078,-14.556949586962,51.9914434628027,109.965084534166,77.9010838153284,18.1277694637962,-51.9914434628026,0,0,0,0,0
