5.35061,30.75727,33.96055,39.9077,94.26951,11.1947,10.86433,-20.03073,-9.06995,-30.43716,-36.9881,-42.50529,-95.36765,-5.44007,-3.9754,12.13249,15.19647,0.0119,-3,0,0,0,0,0,0,0,0,826.3469,797.24025,900,639.34066,50,778.36709,783.46413,900,284.19898,58.1714,0,0,0,0,0,0,1,0,1,0,7979,0,-3.98936E+027
5.04198,31.04482,33.61007,39.10545,94.48054,11.38703,10.66041,-20.9806,-8.49773,-30.72963,-36.63822,-41.84171,-95.41888,-5.43516,-3.98234,12.8646,15.17661,0.01637,-2.78947,0,0,0,0,0,0,0,0,830.22338,802.57729,900,653.05957,63.9212,778.47531,785.53615,900,301.03423,75.74148,0,0,0,0,0,0,1,0,1,0,7979,0,-3.9893601280724E+027
4.73334,31.33237,33.2596,38.3032,94.69157,11.57936,10.45648,-21.93047,-7.92552,-31.0221,-36.28834,-41.17813,-95.47011,-5.43025,-3.98929,13.59671,15.15675,0.02084,-2.57895,0,0,0,0,0,0,0,0,834.09986,807.91434,900,666.77849,77.8424,778.58353,787.60818,900,317.86948,93.31157,0,0,0,0,0,0,1,0,1,0,7979,0,-3.9893602561448E+027
4.42471,31.61992,32.90912,37.50095,94.9026,11.77169,10.25256,-22.88035,-7.3533,-31.31457,-35.93846,-40.51455,-95.52133,-5.42535,-3.99623,14.32882,15.13689,0.02531,-2.36842,0,0,0,0,0,0,0,0,837.97634,813.25138,900,680.4974,91.7636,778.69175,789.6802,900,334.70472,110.88165,0,0,0,0,0,0,1,0,1,0,7979,0,-3.9893603842172E+027
4.11608,31.90747,32.55865,36.6987,95.11363,11.96402,10.04864,-23.83022,-6.78109,-31.60705,-35.58858,-39.85097,-95.57256,-5.42044,-4.00317,15.06092,15.11702,0.02978,-2.15789,0,0,0,0,0,0,0,0,841.85282,818.58842,900,694.21631,105.6848,778.79997,791.75223,900,351.53997,128.45173,0,0,0,0,0,0,1,0,1,0,7979,0,-3.98936051228961E+027
3.80745,32.19502,32.20817,35.89645,95.32467,12.15635,9.84471,-24.78009,-6.20887,-31.89952,-35.2387,-39.18739,-95.62379,-5.41553,-4.01012,15.79303,15.09716,0.03425,-1.94737,0,0,0,0,0,0,0,0,845.72929,823.92547,900,707.93522,119.606,778.90819,793.82425,900,368.37522,146.02182,0,0,0,0,0,0,1,0,1,0,7979,0,-3.98936064036201E+027
3.49881,32.48257,31.8577,35.0942,95.5357,12.34868,9.64079,-25.72996,-5.63666,-32.19199,-34.88882,-38.52381,-95.67502,-5.41062,-4.01706,16.52514,15.0773,0.03872,-1.73684,0,0,0,0,0,0,0,0,849.60577,829.26251,900,721.65414,133.5272,779.01641,795.89628,900,385.21047,163.5919,0,0,0,0,0,0,1,0,1,0,7979,0,-3.98936076843441E+027
3.19018,32.77012,31.50722,34.29195,95.74673,12.54101,9.43686,-26.67983,-5.06444,-32.48446,-34.53894,-37.86023,-95.72625,-5.40571,-4.024,17.25725,15.05744,0.04319,-1.52632,0,0,0,0,0,0,0,0,853.48225,834.59956,900,735.37305,147.4484,779.12463,797.9683,900,402.04572,181.16199,0,0,0,0,0,0,1,0,1,0,7979,0,-3.98936089650681E+027
2.88155,33.05767,31.15674,33.4897,95.95776,12.73334,9.23294,-27.62971,-4.49223,-32.77693,-34.18906,-37.19665,-95.77747,-5.40081,-4.03095,17.98936,15.03758,0.04766,-1.31579,0,0,0,0,0,0,0,0,857.35873,839.9366,900,749.09196,161.3696,779.23285,800.04033,900,418.88096,198.73207,0,0,0,0,0,0,1,0,1,0,7979,0,-3.98936102457921E+027
2.57292,33.34522,30.80627,32.68745,96.16879,12.92567,9.02902,-28.57958,-3.92001,-33.0694,-33.83918,-36.53307,-95.8287,-5.3959,-4.03789,18.72147,15.01772,0.05213,-1.10526,0,0,0,0,0,0,0,0,861.23521,845.27364,900,762.81087,175.2908,779.34107,802.11235,900,435.71621,216.30215,0,0,0,0,0,0,1,0,1,0,7979,0,-3.98936115265161E+027
2.26428,33.63277,30.45579,31.8852,96.37982,13.11799,8.82509,-29.52945,-3.3478,-33.36188,-33.4893,-35.8695,-95.87993,-5.39099,-4.04483,19.45357,14.99785,0.05661,-0.89474,0,0,0,0,0,0,0,0,865.11169,850.61069,900,776.52979,189.21199,779.4493,804.18438,900,452.55146,233.87224,0,0,0,0,0,0,1,0,1,0,7979,0,-3.98936128072402E+027
1.95565,33.92032,30.10532,31.08295,96.59085,13.31032,8.62117,-30.47932,-2.77558,-33.65435,-33.13942,-35.20592,-95.93116,-5.38608,-4.05177,20.18568,14.97799,0.06108,-0.68421,0,0,0,0,0,0,0,0,868.98817,855.94773,900,790.2487,203.13319,779.55752,806.2564,900,469.38671,251.44232,0,0,0,0,0,0,1,0,1,0,7979,0,-3.98936140879642E+027
1.64702,34.20787,29.75484,30.2807,96.80188,13.50265,8.41725,-31.4292,-2.20337,-33.94682,-32.78954,-34.54234,-95.98238,-5.38118,-4.05872,20.91779,14.95813,0.06555,-0.47368,0,0,0,0,0,0,0,0,872.86465,861.28477,900,803.96761,217.05439,779.66574,808.32843,900,486.22195,269.0124,0,0,0,0,0,0,1,0,1,0,7979,0,-3.98936153686882E+027
1.33839,34.49542,29.40436,29.47845,97.01291,13.69498,8.21332,-32.37907,-1.63115,-34.23929,-32.43966,-33.87876,-96.03361,-5.37627,-4.06566,21.6499,14.93827,0.07002,-0.26316,0,0,0,0,0,0,0,0,876.74113,866.62182,900,817.68652,230.97559,779.77396,810.40045,900,503.0572,286.58249,0,0,0,0,0,0,1,0,1,0,7979,0,-3.98936166494122E+027
1.02975,34.78297,29.05389,28.6762,97.22394,13.88731,8.0094,-33.32894,-1.05894,-34.53176,-32.08978,-33.21518,-96.08484,-5.37136,-4.0726,22.38201,14.91841,0.07449,-0.05263,0,0,0,0,0,0,0,0,880.61761,871.95886,900,831.40544,244.89679,779.88218,812.47248,900,519.89245,304.15257,0,0,0,0,0,0,1,0,1,0,7979,0,-3.98936179301362E+027
0.72112,35.07052,28.70341,27.87395,97.43498,14.07964,7.80547,-34.27881,-0.48672,-34.82423,-31.7399,-32.5516,-96.13607,-5.36645,-4.07955,23.11412,14.89855,0.07896,0.15789,0,0,0,0,0,0,0,0,884.49408,877.29591,900,845.12435,258.81799,779.9904,814.5445,900,536.7277,321.72266,0,0,0,0,0,0,1,0,1,0,7979,0,-3.98936192108602E+027
0.41249,35.35807,28.35294,27.0717,97.64601,14.27197,7.60155,-35.22868,0.08549,-35.11671,-31.39002,-31.88802,-96.1873,-5.36154,-4.08649,23.84622,14.87868,0.08343,0.36842,0,0,0,0,0,0,0,0,888.37056,882.63295,900,858.84326,272.73919,780.09862,816.61653,900,553.56295,339.29274,0,0,0,0,0,0,1,0,1,0,7979,0,-3.98936204915843E+027
0.10386,35.64562,28.00246,26.26945,97.85704,14.4643,7.39763,-36.17856,0.65771,-35.40918,-31.04014,-31.22444,-96.23852,-5.35664,-4.09343,24.57833,14.85882,0.0879,0.57895,0,0,0,0,0,0,0,0,892.24704,887.96999,900,872.56217,286.66039,780.20684,818.68855,900,570.39819,356.86282,0,0,0,0,0,0,1,0,1,0,7979,0,-3.98936217723083E+027
-0.20478,35.93317,27.65199,25.4672,98.06807,14.65663,7.1937,-37.12843,1.22992,-35.70165,-30.69026,-30.56086,-96.28975,-5.35173,-4.10038,25.31044,14.83896,0.09237,0.78947,0,0,0,0,0,0,0,0,896.12352,893.30704,900,886.28109,300.58159,780.31506,820.76058,900,587.23344,374.43291,0,0,0,0,0,0,1,0,1,0,7979,0,-3.98936230530323E+027
-0.51341,36.22072,27.30151,24.66495,98.2791,14.84896,6.98978,-38.0783,1.80214,-35.99412,-30.34038,-29.89728,-96.34098,-5.34682,-4.10732,26.04255,14.8191,0.09684,1,0,0,0,0,0,0,0,0,900,898.64408,900,900,314.50279,780.42328,822.8326,900,604.06869,392.00299,0,0,0,0,0,0,1,0,1,0,7979,0,-3.98936243337563E+027
-0.51341,36.22072,27.30151,24.66495,98.2791,14.84896,6.98978,-38.0783,1.80214,-35.99412,-30.34038,-29.89728,-96.34098,-5.34682,-4.10732,26.04255,14.8191,0.09684,1,0,0,0,0,0,0,0,0,900,898.64408,900,900,314.50279,780.42328,822.8326,900,604.06869,392.00299,0,0,0,0,0,0,1,0,1,0,7979,0,-3.98936243337563E+027
-0.54385,36.1816,27.29639,24.61714,98.35346,14.84305,7.04987,-38.07053,1.8473,-35.93892,-30.3422,-29.88743,-96.38152,-5.29613,-4.16348,26.09822,14.81727,0.098,1,0,0,0,0,0,0,0,0,900,898.85582,900,900,313.7792,780.5642,822.85119,900,605.81043,390.13453,0,0,0,0,0,0,1,0,1,0,7979,0,-3.98936243337563E+027
-0.5641,36.16479,27.3026,24.58108,98.40162,14.8291,7.08445,-38.05959,1.87283,-35.91119,-30.34367,-29.87541,-96.40512,-5.27039,-4.18674,26.11219,14.81666,0.09917,1,0,0,0,0,0,0,0,0,900,899.00346,900,900,313.1073,780.62185,822.90698,900,606.01944,389.12022,0,0,0,0,0,0,1,0,1,0,7979,0,-3.98936243337563E+027
-0.57417,36.17027,27.32013,24.55677,98.42359,14.80712,7.09352,-38.04548,1.87876,-35.91094,-30.34478,-29.8612,-96.41181,-5.2696,-4.17708,26.08445,14.81728,0.10033,1,0,0,0,0,0,0,0,0,900,899.08699,900,900,312.48708,780.59623,822.99996,900,604.69572,388.96007,0,0,0,0,0,0,1,0,1,0,7979,0,-3.98936243337563E+027
-0.5914,36.17888,27.32249,24.57112,98.46972,14.8826,7.07893,-38.0281,1.86029,-35.92961,-30.33129,-29.84514,-96.38044,-5.26391,-4.15848,26.05479,14.81881,0.10165,1,0,0,0,0,0,0,0,0,900,899.18153,900,900,310.97099,780.37844,823.26031,900,596.37022,389.99217,0,0,0,0,0,0,1,0,1,0,7979,0,-3.98936243337563E+027
-0.56207,36.237,27.38763,24.55993,98.40001,14.8139,7.08703,-37.99143,1.83259,-36.01084,-30.33549,-29.82814,-96.38903,-5.34781,-4.01031,25.91424,14.82198,0.10285,1,0,0,0,0,0,0,0,0,900,899.24239,900,900,311.35001,780.39125,823.18593,900,593.65312,391.48694,0,0,0,0,0,0,1,0,1,0,7979,0,-3.98936243337563E+027
-0.51669,36.374,27.50505,24.45326,98.21662,14.28505,6.87857,-38.02765,1.79841,-36.09795,-30.39036,-29.79085,-96.40343,-5.44706,-3.88255,25.68405,14.82681,0.10379,1,0,0,0,0,0,0,0,0,900,898.97173,900,900,311.21218,780.26314,823.54546,900,595.77803,392.94612,0,0,0,0,0,0,1,0,1,0,7979,0,-3.98936243337563E+027
-0.4266,36.5498,27.69295,24.25856,97.89803,13.45202,6.64146,-38.06984,1.77874,-36.1703,-30.51094,-29.71958,-96.46201,-5.56686,-3.72738,25.33337,14.83315,0.1042,1,0,0,0,0,0,0,0,0,900,898.53789,900,900,315.55372,780.42969,823.44628,900,596.05671,392.23432,0,0,0,0,0,0,1,0,1,0,7979,0,-3.98936243337563E+027
-0.34601,36.66273,27.8536,24.07488,97.63066,12.70273,6.51414,-38.11507,1.79929,-36.25381,-30.70005,-29.57177,-96.58062,-5.62019,-3.39863,24.84112,14.84113,0.10375,1.09524,0,0,0,0,0,0,0,0,900,898.31255,900,900,322.82406,780.66029,823.24791,900,594.0363,389.67186,0,0,0,0,0,0,1,0,1,0,7979,0,-3.98936243337563E+027
-0.34369,36.75391,27.9401,23.93922,97.56692,12.22866,6.34817,-38.13341,1.82305,-36.18171,-30.84004,-29.45571,-96.67435,-5.59286,-3.09371,24.46725,14.85166,0.10209,0.95238,0,0,0,0,0,0,0,0,900,898.57156,900,900,328.9918,780.66029,822.91318,900,596.02188,389.17361,0,0,0,0,0,0,1,0,1,0,7979,0,-3.98936243337563E+027
-0.39933,36.77134,27.91805,23.92411,97.67731,12.12159,6.27091,-38.17284,1.80001,-36.02412,-30.89155,-29.41753,-96.63136,-5.6265,-3.02056,24.19602,14.8661,0.099,0.66667,0,0,0,0,0,0,0,0,900,898.63631,900,900,334.88388,780.54499,822.62804,900,602.64047,388.99566,0,0,0,0,0,0,1,0,1,0,7979,0,-3.98936243337563E+027
-0.48193,36.80184,27.88647,23.95913,97.87917,12.25425,6.25093,-38.13091,1.74877,-35.86738,-30.86948,-29.43363,-96.51639,-5.6478,-2.99237,23.99256,14.88479,0.09453,0.33333,0,0,0,0,0,0,0,0,900,898.89532,900,900,340.46585,780.60904,822.24371,900,603.85969,389.63627,0,0,0,0,0,0,1,0,1,0,7979,0,-3.98936243337563E+027
-0.56455,36.82709,27.84314,23.97051,98.0438,12.19024,6.11571,-38.20879,1.65042,-35.73552,-30.80732,-29.48824,-96.23974,-5.65169,-3.15342,23.79797,14.90608,0.0891,0.04762,0,0,0,0,0,0,0,0,900,898.55861,900,900,340.84488,780.48093,822.52885,900,608.35336,390.20571,0,0,0,0,0,0,1,0,1,0,7979,0,-3.98936243337563E+027
-0.55589,36.87634,27.84004,23.95547,97.98323,11.89769,6.0022,-38.34934,1.54399,-35.63848,-30.73673,-29.54592,-95.92221,-5.65261,-3.34475,23.5836,14.92684,0.08329,0,0,0,0,0,0,0,0,0,900,898.39025,900,900,340.81042,780.49374,822.39248,900,607.65667,391.02427,0,0,0,0,0,0,1,0,1,0,7979,0,-3.98936243337563E+027
-0.47779,36.9037,27.83715,23.95467,97.75957,11.49908,6.05187,-38.53183,1.4457,-35.58834,-30.66891,-29.57364,-95.60705,-5.5575,-3.4153,23.40094,14.94346,0.07735,-0.04762,0,0,0,0,0,0,0,0,900,897.79453,900,900,345.35869,780.36563,822.33049,900,602.39663,390.73955,0,0,0,0,0,0,1,0,1,0,7979,0,-3.98936243337563E+027
-0.38357,36.95938,27.82201,23.97701,97.5332,11.09137,6.16008,-38.72307,1.36233,-35.48083,-30.56533,-29.64155,-95.34861,-5.41798,-3.46149,23.39813,14.95276,0.07081,-0.33333,0,0,0,0,0,0,0,0,900,897.76863,900,900,349.28675,780.3272,822.59084,900,599.22667,390.88191,0,0,0,0,0,0,1,0,1,0,7979,0,-3.98936243337563E+027
-0.31261,36.99663,27.73159,24.07706,97.35921,10.60221,6.31946,-39.04199,1.2792,-35.37797,-30.44478,-29.75671,-95.12859,-5.29319,-3.63161,23.55724,14.95286,0.06259,-0.7619,0,0,0,0,0,0,0,0,900,897.74273,900,900,352.76687,780.42969,823.17353,900,598.49514,390.88191,0,0,0,0,0,0,1,0,1,0,7979,0,-3.98936243337563E+027
-0.32088,37.17639,27.65697,24.20685,97.38719,10.39498,6.3069,-39.17477,1.22269,-35.2791,-30.32667,-29.88745,-94.95928,-5.17841,-3.84821,23.81808,14.94359,0.05165,-0.90476,0,0,0,0,0,0,0,0,900,896.52538,900,900,357.45297,780.46812,823.52066,900,592.92159,391.45135,0,0,0,0,0,0,1,0,1,0,7979,0,-3.98936243337563E+027
-0.40308,37.31031,27.5513,24.33722,97.54285,10.25491,6.21213,-39.38233,1.20402,-35.27731,-30.25784,-30.00664,-94.88215,-5.13771,-4.04825,23.98069,14.92621,0.03775,-0.7619,0,0,0,0,0,0,0,0,900,895.19147,900,900,359.79602,780.4425,823.52066,900,594.0363,391.23781,0,0,0,0,0,0,1,0,1,0,7979,0,-3.98936243337563E+027
-0.52974,37.46884,27.47644,24.43642,97.74139,10.29532,6.0399,-39.48229,1.23582,-35.30766,-30.24163,-30.08775,-94.91821,-5.17941,-4.18393,24.03799,14.90309,0.02185,-0.33333,0,0,0,0,0,0,0,0,900,894.7123,900,900,359.62373,780.39125,823.12394,900,593.1306,391.05986,0,0,0,0,0,0,1,0,1,0,7979,0,-3.98936243337563E+027
-0.67053,37.60198,27.4774,24.45282,97.91591,10.36571,5.92251,-39.4555,1.28079,-35.33109,-30.2419,-30.14284,-94.99126,-5.24266,-4.29302,24.07072,14.87717,0.0056,-0.04762,0,0,0,0,0,0,0,0,900,894.4792,900,900,362.44918,780.40406,822.64043,900,592.85192,391.48694,0,0,0,0,0,0,1,0,1,0,7979,0,-3.98936243337563E+027
-0.80306,37.63147,27.50049,24.42401,98.08124,10.49578,5.9203,-39.38824,1.31609,-35.3895,-30.26163,-30.16564,-95.07414,-5.29873,-4.33578,24.0453,14.85127,-0.00927,0.09524,0,0,0,0,0,0,0,0,900,894.33674,900,900,362.0357,780.59623,822.56605,900,592.53841,391.6293,0,0,0,0,0,0,1,0,1,0,7979,0,-3.98936243337563E+027
-0.91045,37.59183,27.50125,24.37382,98.20559,10.48688,5.92651,-39.39692,1.32993,-35.41434,-30.25851,-30.19171,-95.12462,-5.2931,-4.36876,24.09576,14.82804,-0.02117,0,0,0,0,0,0,0,0,0,900,894.41444,900,900,361.48439,780.80121,822.64043,900,593.86212,391.30899,0,0,0,0,0,0,1,0,1,0,7979,0,-3.98936243337563E+027
-0.98356,37.6072,27.51862,24.29682,98.31653,10.51131,5.77421,-39.32162,1.33299,-35.41944,-30.24902,-30.21495,-95.13524,-5.37884,-4.36927,24.1291,14.8097,-0.02883,0,0,0,0,0,0,0,0,0,900,893.3266,900,900,363.10385,780.76278,822.55365,900,595.63869,391.23781,0,0,0,0,0,0,1,0,1,0,7979,0,-3.98936243337563E+027
-1.02495,37.48661,27.48961,24.26334,98.38446,10.71996,5.74779,-39.26292,1.33506,-35.43593,-30.23094,-30.22842,-95.15378,-5.41882,-4.3171,24.19436,14.79598,-0.03141,0,0,0,0,0,0,0,0,0,900,893.10644,900,900,360.38178,780.91651,822.26851,900,596.96241,389.74304,0,0,0,0,0,0,1,0,1,0,7979,0,-3.98936243337563E+027
-1.07007,37.38175,27.45618,24.26186,98.48047,11.15448,5.78476,-39.08307,1.35492,-35.42992,-30.21909,-30.24572,-95.19607,-5.48253,-4.26456,24.27582,14.78207,-0.02866,0,0,0,0,0,0,0,0,0,900,892.93808,900,900,359.34808,780.39125,821.63623,900,596.6489,391.2734,0,0,0,0,0,0,1,0,1,0,7979,0,-3.98936243337563E+027
-1.11261,37.34771,27.47898,24.24283,98.59722,11.4978,5.82641,-38.84252,1.39086,-35.35004,-30.18311,-30.29069,-95.2396,-5.43781,-4.31178,24.52416,14.76079,-0.02104,0,0,0,0,0,0,0,0,0,900,892.35531,900,900,359.27917,779.91724,821.3015,900,594.48915,392.23432,0,0,0,0,0,0,1,0,1,0,7979,0,-3.98936243337563E+027
-1.13296,37.30399,27.51094,24.21677,98.62257,11.63573,5.96947,-38.69078,1.42973,-35.35,-30.15214,-30.3433,-95.28716,-5.38988,-4.35387,24.76688,14.72862,-0.00975,0,0,0,0,0,0,0,0,0,900,891.35812,900,900,359.79602,779.78913,821.46266,900,592.46874,392.69699,0,0,0,0,0,0,1,0,1,0,7979,0,-3.98936243337563E+027
-1.10372,37.32234,27.54291,24.19788,98.52131,11.45198,6.19447,-38.6726,1.46854,-35.36817,-30.15153,-30.38699,-95.33625,-5.32899,-4.4796,25.01394,14.69014,0.00358,0,0,0,0,0,0,0,0,0,900,890.99551,900,900,359.00351,779.96848,821.8098,900,591.77204,392.55463,0,0,0,0,0,0,1,0,1,0,7979,0,-3.98936243337563E+027
-1.05476,37.47493,27.61037,24.16225,98.44208,11.09356,6.225,-38.68904,1.5025,-35.40723,-30.20817,-30.39755,-95.4118,-5.37344,-4.64665,25.12636,14.6566,0.01723,0,0,0,0,0,0,0,0,0,900,889.73931,900,900,361.2432,780.30157,822.36769,900,594.52398,391.55812,0,0,0,0,0,0,1,0,1,0,7979,0,-3.98936243337563E+027
-1.01315,37.56764,27.65984,24.15923,98.41059,10.93323,6.28248,-38.69915,1.53677,-35.50616,-30.27979,-30.34505,-95.51173,-5.40615,-4.72203,25.08389,14.63986,0.02943,0,0,0,0,0,0,0,0,0,900,888.2759,900,900,359.76156,780.76278,822.75201,900,596.75341,389.63627,0,0,0,0,0,0,1,0,1,0,7979,0,-3.98936243337563E+027
-1.03641,37.66555,27.68398,24.17249,98.51616,10.97071,6.27184,-38.6408,1.56866,-35.60422,-30.34103,-30.23306,-95.64142,-5.46381,-4.62044,24.94025,14.64572,0.03872,0,0,0,0,0,0,0,0,0,900,886.55348,900,900,360.96754,780.66029,822.69002,900,597.10175,390.56161,0,0,0,0,0,0,1,0,1,0,7979,0,-3.98936243337563E+027
-1.12419,37.76151,27.70067,24.1603,98.73533,11.00984,6.07664,-38.59839,1.53581,-35.59346,-30.34067,-30.15296,-95.6719,-5.42905,-4.62736,24.91458,14.6716,0.04439,0,0,0,0,0,0,0,0,0,900,884.6368,900,900,361.34656,780.39125,822.38008,900,596.23088,390.41925,0,0,0,0,0,0,1,0,1,0,7979,0,-3.98936243337563E+027
-1.22503,37.76204,27.69347,24.1383,98.88522,11.01939,5.90423,-38.62557,1.46409,-35.5716,-30.2692,-30.1203,-95.66052,-5.317,-4.5269,25.0167,14.70963,0.04671,0,0,0,0,0,0,0,0,0,900,883.66551,900,900,363.27614,780.3272,822.65283,900,596.19605,390.98868,0,0,0,0,0,0,1,0,1,0,7979,0,-3.98936243337563E+027
-1.30707,37.73809,27.70958,24.10665,98.93619,10.97126,5.7918,-38.64568,1.34266,-35.51866,-30.20054,-30.14034,-95.56132,-5.12856,-4.52774,25.26818,14.75051,0.04681,0,0,0,0,0,0,0,0,0,900,884.04108,900,900,362.72483,780.60904,822.90078,900,594.62849,390.63278,0,0,0,0,0,0,1,0,1,0,7979,0,-3.98936243337563E+027
-1.37607,37.69787,27.74589,24.07149,98.97112,10.8856,5.62705,-38.69894,1.22856,-35.43,-30.13915,-30.22197,-95.43442,-4.94278,-4.72659,25.62511,14.78599,0.04613,0,0,0,0,0,0,0,0,0,900,884.05403,900,900,364.06864,780.50655,823.03716,900,595.77803,389.03125,0,0,0,0,0,0,1,0,1,0,7979,0,-3.98936243337563E+027
-1.39919,37.58726,27.77119,24.09402,98.91571,10.92001,5.73528,-38.76988,1.20205,-35.426,-30.1032,-30.30343,-95.39184,-4.77677,-4.8545,25.92317,14.81069,0.0458,0,0,0,0,0,0,0,0,0,900,883.95043,900,900,362.65592,780.16065,822.97517,900,594.97684,388.88889,0,0,0,0,0,0,1,0,1,0,7979,0,-3.98936243337563E+027
-1.42816,37.48137,27.78946,24.1602,98.88979,11.10041,5.99612,-38.79211,1.25893,-35.47247,-30.1028,-30.35139,-95.42727,-4.66377,-4.92949,26.14697,14.82343,0.04649,0,0,0,0,0,0,0,0,0,900,884.01518,900,900,361.31211,780.25033,822.91318,900,594.21047,387.00263,0,0,0,0,0,0,1,0,1,0,7979,0,-3.98936243337563E+027
-1.45718,37.42416,27.82247,24.21514,98.89617,11.2189,6.19898,-38.81889,1.36473,-35.5249,-30.12186,-30.3794,-95.48678,-4.49564,-5.03083,26.33745,14.82664,0.04855,0,0,0,0,0,0,0,0,0,900,884.01518,900,900,359.41699,780.13503,822.24371,900,591.77204,386.57556,0,0,0,0,0,0,1,0,1,0,7979,0,-3.98936243337563E+027
-1.47376,37.3938,27.83744,24.25348,98.8576,11.21513,6.33957,-38.85987,1.49413,-35.545,-30.12028,-30.4047,-95.56848,-4.2116,-5.01733,26.58441,14.82436,0.05227,0,0,0,0,0,0,0,0,0,900,884.09288,900,900,360.07167,779.84037,821.61144,900,588.18407,387.60766,0,0,0,0,0,0,1,0,1,0,7979,0,-3.98936243337563E+027
-1.48861,37.40279,27.87116,24.25197,98.85129,11.19309,6.33191,-38.83933,1.57838,-35.57412,-30.14473,-30.42705,-95.63373,-3.98793,-4.98498,26.79198,14.82004,0.05775,0,0,0,0,0,0,0,0,0,900,884.05403,900,900,360.89863,779.94286,821.32629,900,585.95465,388.56858,0,0,0,0,0,0,1,0,1,0,7979,0,-3.98936243337563E+027
-1.51165,37.35726,27.84933,24.25501,98.87882,11.14464,6.24917,-38.90671,1.64022,-35.58918,-30.15407,-30.44925,-95.68532,-3.81456,-5.03085,26.9741,14.81549,0.06483,-0.09524,0,0,0,0,0,0,0,0,900,883.93747,900,900,362.44918,779.866,821.54945,900,586.19849,389.13802,0,0,0,0,0,0,1,0,1,0,7979,0,-3.98936243337563E+027
-1.53659,37.30219,27.78573,24.29396,98.91161,11.19897,6.20395,-38.99204,1.70333,-35.64519,-30.16802,-30.43508,-95.77376,-3.74327,-4.97633,27.07218,14.81133,0.07313,0.04762,0,0,0,0,0,0,0,0,900,884.76631,900,900,361.58776,779.95567,821.58664,900,587.76605,390.70396,0,0,0,0,0,0,1,0,1,0,7979,0,-3.98936243337563E+027
-1.55905,37.26183,27.74065,24.35318,98.95746,11.3299,6.24368,-39.04163,1.75543,-35.70502,-30.19955,-30.40319,-95.86439,-3.82966,-4.97612,27.08523,14.80804,0.08211,0.33333,0,0,0,0,0,0,0,0,900,885.23253,900,900,362.72483,780.42969,822.16933,900,589.9258,391.45135,0,0,0,0,0,0,1,0,1,0,7979,0,-3.98936243337563E+027
-1.57007,37.28999,27.77547,24.37588,99.00741,11.40566,6.23127,-39.01018,1.82416,-35.77409,-30.24504,-30.32832,-95.97668,-3.89064,-4.90311,27.06547,14.80617,0.09115,0.66667,0,0,0,0,0,0,0,0,900,885.40088,900,900,362.65592,780.68591,822.41728,900,593.65312,391.77166,0,0,0,0,0,0,1,0,1,0,7979,0,-3.98936243337563E+027
-1.55366,37.2916,27.83077,24.36767,98.96449,11.35855,6.29286,-38.98542,1.89064,-35.86127,-30.30441,-30.24129,-96.07622,-3.9506,-4.74669,26.97244,14.80617,0.09961,0.95238,0,0,0,0,0,0,0,0,900,885.37498,900,900,363.8619,780.63466,822.47927,900,587.4177,391.80725,0,0,0,0,0,0,1,0,1,0,7979,0,-3.98936243337563E+027
-1.52481,37.27912,27.8948,24.34531,98.93326,11.33325,6.3769,-38.93794,1.92745,-35.9237,-30.36319,-30.16304,-96.13941,-3.98712,-4.63194,26.88555,14.80782,0.10684,1.09524,0,0,0,0,0,0,0,0,900,884.62385,900,900,364.24092,780.63466,822.86359,900,584.63093,390.9175,0,0,0,0,0,0,1,0,1,0,7979,0,-3.98936243337563E+027
-1.50148,37.22189,27.90395,24.33234,98.94124,11.33872,6.41295,-38.96279,1.93564,-35.96559,-30.39858,-30.11601,-96.17291,-3.96861,-4.55387,26.83142,14.81023,0.11236,1,0,0,0,0,0,0,0,0,900,883.61371,900,900,363.58625,780.5578,823.40908,900,583.27237,389.17361,0,0,0,0,0,0,1,0,1,0,7979,0,-3.98936243337563E+027
-1.48659,37.19685,27.87121,24.33033,98.98316,11.39672,6.34143,-39.00224,1.93325,-35.95764,-30.3844,-30.09585,-96.15446,-3.91954,-4.53802,26.86525,14.81212,0.11597,1,0,0,0,0,0,0,0,0,900,883.69142,900,900,362.89711,780.4425,823.39669,900,585.01411,390.2413,0,0,0,0,0,0,1,0,1,0,7979,0,-3.98936243337563E+027
-1.46657,37.17843,27.82398,24.33756,99.01577,11.44002,6.28172,-39.06618,1.92299,-35.9283,-30.35241,-30.10754,-96.13292,-3.96931,-4.57094,26.91333,14.81247,0.11777,1.09524,0,0,0,0,0,0,0,0,900,883.48421,900,900,362.86266,780.5578,823.39669,900,588.25374,390.20571,0,0,0,0,0,0,1,0,1,0,7979,0,-3.98936243337563E+027
-1.44755,37.2117,27.81214,24.31866,99.02858,11.48335,6.22073,-39.04868,1.93425,-35.87572,-30.30587,-30.11561,-96.13729,-3.95296,-4.56996,27.05594,14.81104,0.11814,0.95238,0,0,0,0,0,0,0,0,900,884.30009,900,900,361.62222,780.87808,823.43388,900,589.89097,389.77863,0,0,0,0,0,0,1,0,1,0,7979,0,-3.98936243337563E+027
-1.44202,37.21881,27.81273,24.26777,99.00138,11.43754,6.19,-39.04106,1.94714,-35.8823,-30.29543,-30.11995,-96.15755,-4.00974,-4.51404,27.11465,14.80869,0.11769,0.66667,0,0,0,0,0,0,0,0,900,885.20663,900,900,362.00124,781.05743,823.55785,900,584.38708,389.84981,0,0,0,0,0,0,1,0,1,0,7979,0,-3.98936243337563E+027
-1.42437,37.22221,27.84081,24.22,98.94516,11.43223,6.27019,-38.98375,1.97022,-35.87562,-30.28237,-30.12083,-96.17405,-3.95689,-4.48329,27.24881,14.80707,0.11706,0.33333,0,0,0,0,0,0,0,0,900,885.38793,900,900,362.07015,781.09587,823.24791,900,584.56126,389.13802,0,0,0,0,0,0,1,0,1,0,7979,0,-3.98936243337563E+027
-1.42224,37.20703,27.85601,24.17487,98.91334,11.41699,6.32181,-38.95839,1.97101,-35.92062,-30.30404,-30.12197,-96.1563,-3.91125,-4.49243,27.32743,14.80772,0.11671,0.04762,0,0,0,0,0,0,0,0,900,885.19368,900,900,361.62222,780.96775,823.12394,900,582.61051,387.99915,0,0,0,0,0,0,1,0,1,0,7979,0,-3.98936243337563E+027
-1.41804,37.20439,27.85527,24.15564,98.90021,11.41428,6.32255,-38.95436,1.99579,-35.92451,-30.29366,-30.11996,-96.11831,-3.80096,-4.54403,27.46669,14.81096,0.11684,-0.09524,0,0,0,0,0,0,0,0,900,884.72746,900,900,362.34581,780.7884,823.22312,900,584.0039,390.41925,0,0,0,0,0,0,1,0,1,0,7979,0,-3.98936243337563E+027
-1.41848,37.18081,27.82655,24.17141,98.91711,11.44626,6.31106,-38.99595,2.02893,-35.9399,-30.27918,-30.13158,-96.1117,-3.78264,-4.56066,27.56921,14.81546,0.11747,0,0,0,0,0,0,0,0,0,900,884.11878,900,900,361.93233,780.54499,823.38429,900,587.24353,390.56161,0,0,0,0,0,0,1,0,1,0,7979,0,-3.98936243337563E+027
-1.41735,37.18171,27.81375,24.19356,98.93967,11.53584,6.30199,-38.98923,2.08815,-35.94084,-30.24563,-30.14446,-96.15217,-3.75753,-4.50804,27.70237,14.81909,0.11858,0,0,0,0,0,0,0,0,0,900,884.36484,900,900,361.89787,780.48093,823.8306,900,586.37266,391.48694,0,0,0,0,0,0,1,0,1,0,7979,0,-3.98936243337563E+027
-1.42576,37.17827,27.81496,24.20099,98.96115,11.55984,6.26238,-38.99563,2.13644,-35.96402,-30.23798,-30.15729,-96.20108,-3.77514,-4.45447,27.77744,14.81974,0.12008,-0.09524,0,0,0,0,0,0,0,0,900,884.5332,900,900,361.48439,780.63466,823.89259,900,588.35824,392.09196,0,0,0,0,0,0,1,0,1,0,7979,0,-3.98936243337563E+027
-1.40811,37.18985,27.86151,24.20115,98.95407,11.58866,6.30629,-38.95581,2.18379,-35.96547,-30.22602,-30.17205,-96.248,-3.7085,-4.46522,27.89326,14.81569,0.12162,0.04762,0,0,0,0,0,0,0,0,900,884.62385,900,900,361.5533,782.06951,823.88019,900,591.56303,392.19873,0,0,0,0,0,0,1,0,1,0,7979,0,-3.98936243337563E+027
-1.41129,37.20036,27.89657,24.1815,98.96144,11.56319,6.31702,-38.92989,2.21056,-35.99493,-30.24298,-30.1715,-96.2755,-3.63881,-4.49547,27.95789,14.80652,0.12263,0.33333,0,0,0,0,0,0,0,0,900,884.68861,900,900,361.58776,784.99046,824.3389,900,588.98526,390.9175,0,0,0,0,0,0,1,0,1,0,7979,0,-3.98936243337563E+027
-1.42219,37.20304,27.90338,24.16911,98.97804,11.56682,6.30983,-38.92064,2.25428,-35.99953,-30.23867,-30.15834,-96.31865,-3.54173,-4.48248,28.03607,14.79358,0.12254,0.66667,0,0,0,0,0,0,0,0,900,884.585,900,900,362.587,788.74412,825.08275,900,585.15345,390.02776,0,0,0,0,0,0,1,0,1,0,7979,0,-3.98936243337563E+027
-1.44834,37.20143,27.8813,24.17173,99.02474,11.64135,6.30357,-38.91384,2.29412,-35.99607,-30.22312,-30.15432,-96.3672,-3.46235,-4.45492,28.13417,14.77953,0.12113,0.95238,0,0,0,0,0,0,0,0,900,884.40369,900,900,362.69037,792.66434,826.11175,900,583.23754,390.02776,0,0,0,0,0,0,1,0,1,0,7979,0,-3.98936243337563E+027
-1.48784,37.20161,27.84922,24.18172,99.09293,11.74845,6.26763,-38.90163,2.33596,-35.9901,-30.19087,-30.15957,-96.41901,-3.36967,-4.37692,28.27671,14.76767,0.1187,1.09524,0,0,0,0,0,0,0,0,900,884.37779,900,900,362.75929,796.08491,827.22753,900,582.81952,389.92099,0,0,0,0,0,0,1,0,1,0,7979,0,-3.98936243337563E+027
-1.5093,37.19673,27.83361,24.18639,99.09881,11.77949,6.28877,-38.89858,2.36135,-36.01904,-30.19294,-30.16204,-96.45788,-3.34332,-4.34689,28.39103,14.76073,0.11585,1,0,0,0,0,0,0,0,0,900,884.36484,900,900,362.65592,797.7888,827.68624,900,584.87477,389.92099,0,0,0,0,0,0,1,0,1,0,7979,0,-3.98936243337563E+027
-1.49132,37.21436,27.86703,24.18925,99.07026,11.79949,6.37023,-38.84828,2.38491,-36.04442,-30.2318,-30.14787,-96.49112,-3.3426,-4.39237,28.47572,14.75946,0.11311,0.90476,0,0,0,0,0,0,0,0,900,884.5073,900,900,362.44918,799.68485,828.30612,900,587.24353,390.34807,0,0,0,0,0,0,1,0,1,0,7979,0,-3.98936243337563E+027
-1.48266,37.24319,27.90453,24.17205,99.04596,11.80019,6.4047,-38.7713,2.4152,-36.08728,-30.29934,-30.10078,-96.53887,-3.36228,-4.38842,28.48714,14.76255,0.11063,1.04762,0,0,0,0,0,0,0,0,900,884.57205,900,900,362.07015,801.00439,828.95079,900,587.83572,390.63279,0,0,0,0,0,0,1,0,1,0,7979,0,-3.98936243337563E+027
-1.47328,37.26194,27.93019,24.1533,99.02637,11.7948,6.43326,-38.71506,2.45166,-36.10835,-30.35471,-30.04096,-96.59551,-3.41855,-4.35494,28.45028,14.76789,0.10828,1.33333,0,0,0,0,0,0,0,0,900,884.5591,900,900,362.20798,803.05418,829.09956,900,586.19849,390.66837,0,0,0,0,0,0,1,0,1,0,7979,0,-3.98936243337563E+027
-1.48034,37.29248,27.95171,24.13344,99.05803,11.82476,6.44076,-38.64854,2.48421,-36.11039,-30.39395,-29.96734,-96.6528,-3.4175,-4.31651,28.41242,14.7739,0.10605,1.66667,0,0,0,0,0,0,0,0,900,884.5332,900,900,362.00124,805.55235,829.13676,900,585.78047,390.2413,0,0,0,0,0,0,1,0,1,0,7979,0,-3.98936243337563E+027
-1.50611,37.27771,27.9463,24.1177,99.11706,11.81943,6.44898,-38.65789,2.51314,-36.1055,-30.3794,-29.91167,-96.70537,-3.36095,-4.25588,28.40742,14.78018,0.10421,1.95238,0,0,0,0,0,0,0,0,900,884.70156,900,900,361.58776,808.17864,828.88881,900,587.62671,390.45484,0,0,0,0,0,0,1,0,1,0,7979,0,-3.98936243337563E+027
-1.52762,37.25317,27.93195,24.10933,99.14612,11.81464,6.48844,-38.69312,2.53146,-36.12066,-30.34145,-29.87768,-96.75374,-3.31479,-4.17359,28.42243,14.78705,0.10325,2.09524,0,0,0,0,0,0,0,0,900,884.76631,900,900,361.89787,809.45975,828.47969,900,589.36845,389.77863,0,0,0,0,0,0,1,0,1,0,7979,0,-3.98936243337563E+027
-1.52015,37.23797,27.93488,24.12159,99.14605,11.85167,6.60179,-38.70795,2.53862,-36.15518,-30.31186,-29.86251,-96.78315,-3.27962,-4.12467,28.44533,14.79433,0.10361,2,0,0,0,0,0,0,0,0,900,884.5591,900,900,361.93233,810.47183,828.44249,900,590.06514,389.77863,0,0,0,0,0,0,1,0,1,0,7979,0,-3.98936243337563E+027
-1.5249,37.27331,27.94898,24.13351,99.17423,11.94742,6.59709,-38.66166,2.54234,-36.18959,-30.29701,-29.8686,-96.79587,-3.3271,-4.11373,28.44547,14.80082,0.10529,2,0,0,0,0,0,0,0,0,900,884.72746,900,900,362.07015,810.18999,828.61606,900,589.78646,389.17361,0,0,0,0,0,0,1,0,1,0,7979,0,-3.98936243337563E+027
-1.51107,37.32401,27.98167,24.14681,99.17782,11.98522,6.56404,-38.6331,2.55241,-36.22534,-30.29603,-29.88151,-96.80972,-3.36833,-4.09173,28.45116,14.80493,0.10796,2,0,0,0,0,0,0,0,0,900,884.42959,900,900,362.24244,810.35653,828.44249,900,588.39307,388.92448,0,0,0,0,0,0,1,0,1,0,7979,0,-3.98936243337563E+027
-1.49053,37.37712,28.02176,24.16898,99.15729,11.98724,6.58685,-38.60806,2.55547,-36.26131,-30.32835,-29.87978,-96.80775,-3.40767,-4.12133,28.43627,14.80564,0.11107,2,0,0,0,0,0,0,0,0,900,883.89862,900,900,362.17352,810.26686,829.31032,900,586.82551,388.8533,0,0,0,0,0,0,1,0,1,0,7979,0,-3.98936243337563E+027
-1.49019,37.41466,28.06171,24.17696,99.14416,11.88597,6.59931,-38.61642,2.55815,-36.2688,-30.36099,-29.87511,-96.82355,-3.48026,-4.23331,28.39871,14.80322,0.11408,2,0,0,0,0,0,0,0,0,900,883.1993,900,900,362.72483,810.36935,829.74424,900,588.49758,389.95658,0,0,0,0,0,0,1,0,1,0,7979,0,-3.98936243337563E+027
-1.48858,37.37493,28.07355,24.18965,99.0902,11.76044,6.73823,-38.68427,2.58816,-36.2964,-30.36836,-29.83931,-96.89868,-3.49253,-4.16739,28.34905,14.799,0.11656,2,0,0,0,0,0,0,0,0,900,882.65537,900,900,362.72483,810.38216,829.83102,900,584.38708,389.56509,0,0,0,0,0,0,1,0,1,0,7979,0,-3.98936243337563E+027
-1.51541,37.34536,28.07998,24.18994,99.1116,11.68563,6.81147,-38.7283,2.6051,-36.30538,-30.3738,-29.79827,-96.95304,-3.50118,-4.12044,28.29915,14.79432,0.11815,2.09524,0,0,0,0,0,0,0,0,900,882.1244,900,900,363.96527,810.35653,829.71944,900,582.01832,388.92448,0,0,0,0,0,0,1,0,1,0,7979,0,-3.98936243337563E+027
-1.56853,37.3275,28.06685,24.18758,99.21287,11.6913,6.74704,-38.75687,2.62339,-36.2594,-30.3575,-29.77016,-96.99409,-3.51727,-4.13049,28.2851,14.78991,0.11851,1.95238,0,0,0,0,0,0,0,0,900,882.46112,900,900,364.58549,810.24123,829.32272,900,581.3913,387.50089,0,0,0,0,0,0,1,0,1,0,7979,0,-3.98936243337563E+027
-1.61056,37.33604,28.07526,24.18449,99.33275,11.77369,6.6818,-38.73956,2.64494,-36.21087,-30.3328,-29.74802,-97.02568,-3.49674,-4.12335,28.29946,14.78574,0.11737,1.66667,0,0,0,0,0,0,0,0,900,882.55177,900,900,364.44766,810.21561,828.52928,900,583.06336,387.14499,0,0,0,0,0,0,1,0,1,0,7979,0,-3.98936243337563E+027
-1.64103,37.31549,28.06853,24.18794,99.38901,11.82758,6.67719,-38.76202,2.66101,-36.20187,-30.3134,-29.72792,-97.04207,-3.47994,-4.06864,28.30837,14.78115,0.11461,1.33333,0,0,0,0,0,0,0,0,900,882.86258,900,900,363.8619,810.33091,828.76483,900,584.45675,387.50089,0,0,0,0,0,0,1,0,1,0,7979,0,-3.98936243337563E+027
-1.64781,37.3283,28.09178,24.18754,99.36666,11.88373,6.74187,-38.72952,2.66481,-36.21372,-30.31377,-29.72071,-97.04987,-3.51632,-4.07318,28.28034,14.77553,0.11043,1.04762,0,0,0,0,0,0,0,0,900,882.90143,900,900,364.4132,810.21561,828.65325,900,587.83572,390.66837,0,0,0,0,0,0,1,0,1,0,7979,0,-3.98936243337563E+027
-1.63445,37.26485,28.07784,24.2098,99.25783,11.92058,6.96294,-38.773,2.68048,-36.27237,-30.30857,-29.70462,-97.08756,-3.54073,-3.97423,28.21879,14.76897,0.10539,0.90476,0,0,0,0,0,0,0,0,900,882.99209,900,900,361.7945,810.39497,829.00038,900,585.6063,392.73258,0,0,0,0,0,0,1,0,1,0,7979,0,-3.98936243337563E+027
-1.64308,37.27621,28.08234,24.20935,99.20294,11.93711,7.04201,-38.76154,2.68127,-36.31239,-30.31729,-29.68388,-97.10342,-3.58804,-3.92112,28.14899,14.76237,0.10028,1,0,0,0,0,0,0,0,0,900,882.99209,900,900,358.10764,810.52308,829.53348,900,585.64113,393.62232,0,0,0,0,0,0,1,0,1,0,7979,0,-3.98936243337563E+027
-1.65274,37.27341,28.07652,24.19989,99.15844,11.88006,7.11734,-38.77729,2.68364,-36.30886,-30.31119,-29.6613,-97.11624,-3.59903,-3.91116,28.12306,14.75682,0.096,1,0,0,0,0,0,0,0,0,900,882.78488,900,900,356.69492,810.40778,829.33512,900,586.86035,393.30201,0,0,0,0,0,0,1,0,1,0,7979,0,-3.98936243337563E+027
-1.67226,37.3017,28.09666,24.17724,99.19491,11.9073,7.12715,-38.71518,2.67362,-36.27061,-30.30006,-29.63777,-97.11013,-3.58914,-3.93063,28.13941,14.75303,0.09329,1,0,0,0,0,0,0,0,0,900,882.57767,900,900,357.17731,810.57432,828.88881,900,587.59188,391.91402,0,0,0,0,0,0,1,0,1,0,7979,0,-3.98936243337563E+027
-1.69576,37.27892,28.08777,24.15587,99.24493,11.88112,7.09473,-38.73789,2.65496,-36.2457,-30.28903,-29.60944,-97.10446,-3.57357,-3.90149,28.15787,14.75097,0.09254,1,0,0,0,0,0,0,0,0,900,882.57767,900,900,359.1758,810.88179,828.77723,900,587.76605,390.27689,0,0,0,0,0,0,1,0,1,0,7979,0,-3.98936243337563E+027
-1.70048,37.26653,28.08298,24.14735,99.26543,11.91764,7.0684,-38.74513,2.62947,-36.21803,-30.27575,-29.5864,-97.08276,-3.55043,-3.89827,28.18925,14.74996,0.09361,1,0,0,0,0,0,0,0,0,900,882.66832,900,900,362.79374,810.62557,828.50448,900,588.63692,390.63279,0,0,0,0,0,0,1,0,1,0,7979,0,-3.98936243337563E+027
-1.6989,37.24053,28.07263,24.15032,99.26791,11.97438,7.04901,-38.77322,2.60024,-36.19566,-30.26108,-29.5749,-97.05456,-3.52673,-3.90335,28.2264,14.74925,0.09597,1,0,0,0,0,0,0,0,0,900,882.78488,900,900,365.13679,810.76649,828.85161,900,588.63692,390.49043,0,0,0,0,0,0,1,0,1,0,7979,0,-3.98936243337563E+027
-1.68894,37.23778,28.07928,24.14875,99.2311,11.97205,7.06369,-38.78936,2.58185,-36.18049,-30.2426,-29.574,-97.01802,-3.48817,-3.9303,28.27633,14.74836,0.09882,1,0,0,0,0,0,0,0,0,900,882.92733,900,900,361.7945,811.08677,829.21114,900,588.63692,390.77514,0,0,0,0,0,0,1,0,1,0,7979,0,-3.98936243337563E+027
-1.66634,37.23174,28.08792,24.14845,99.1582,11.90598,7.15175,-38.82073,2.58259,-36.18572,-30.23612,-29.57071,-96.99489,-3.48557,-3.95229,28.29038,14.74717,0.10148,1,0,0,0,0,0,0,0,0,900,882.86258,900,900,360.34732,811.1252,829.01278,900,588.98527,390.2413,0,0,0,0,0,0,1,0,1,0,7979,0,-3.98936243337563E+027
-1.65828,37.24984,28.10999,24.14155,99.13421,11.93293,7.18843,-38.77135,2.58961,-36.1898,-30.2372,-29.57143,-96.97235,-3.49837,-3.98765,28.28851,14.74567,0.10346,1,0,0,0,0,0,0,0,0,900,882.82373,900,900,361.2432,811.36862,829.06237,900,588.1144,389.03125,0,0,0,0,0,0,1,0,1,0,7979,0,-3.98936243337563E+027
-1.65242,37.24692,28.10614,24.13985,99.1246,11.92062,7.23609,-38.76452,2.59175,-36.20861,-30.26019,-29.56889,-96.97235,-3.55746,-4.01483,28.24865,14.74374,0.10461,1,0,0,0,0,0,0,0,0,900,882.78488,900,900,363.93081,811.21488,829.34752,900,588.60208,388.74653,0,0,0,0,0,0,1,0,1,0,7979,0,-3.98936243337563E+027
-1.66394,37.2806,28.10174,24.11452,99.15036,11.91075,7.13356,-38.73318,2.60368,-36.23278,-30.27633,-29.55433,-96.99792,-3.62967,-3.95838,28.18549,14.74123,0.10517,1,0,0,0,0,0,0,0,0,900,882.72013,900,900,366.4806,810.76649,829.22354,900,588.74142,388.60417,0,0,0,0,0,0,1,0,1,0,7979,0,-3.98936243337563E+027
-1.65746,37.30754,28.10963,24.07184,99.15678,11.88748,7.00903,-38.69854,2.61014,-36.26303,-30.31035,-29.52467,-97.02528,-3.67351,-3.89165,28.10041,14.73827,0.10564,1,0,0,0,0,0,0,0,0,900,882.84963,900,900,368.99593,810.51027,829.01278,900,587.20869,389.38715,0,0,0,0,0,0,1,0,1,0,7979,0,-3.98936243337563E+027
-1.64703,37.31226,28.11186,24.0188,99.14171,11.77349,6.90422,-38.70747,2.61537,-36.2718,-30.33576,-29.50162,-97.04385,-3.72536,-3.84717,27.99932,14.73535,0.10638,1,0,0,0,0,0,0,0,0,900,882.61652,900,900,367.20419,810.47183,828.61606,900,588.00989,390.45484,0,0,0,0,0,0,1,0,1,0,7979,0,-3.98936243337563E+027
-1.62571,37.32078,28.12688,23.95828,99.10568,11.62065,6.81819,-38.72271,2.62111,-36.26227,-30.35037,-29.48807,-97.06633,-3.78892,-3.81946,27.89985,14.73337,0.10744,1,0,0,0,0,0,0,0,0,900,882.64242,900,900,364.06864,810.29248,828.72764,900,592.78225,390.70396,0,0,0,0,0,0,1,0,1,0,7979,0,-3.98936243337563E+027
-1.59419,37.34031,28.14702,23.88842,99.0128,11.36421,6.78643,-38.75269,2.62102,-36.2718,-30.37499,-29.46853,-97.08248,-3.85842,-3.77089,27.7572,14.73368,0.10852,1,0,0,0,0,0,0,0,0,900,882.22801,900,900,363.0694,810.30529,828.95079,900,594.62849,390.56161,0,0,0,0,0,0,1,0,1,0,7979,0,-3.98936243337563E+027
-1.54015,37.3601,28.16411,23.83386,98.88019,11.04364,6.84832,-38.81966,2.60789,-36.25005,-30.36378,-29.46378,-97.04866,-3.88569,-3.76188,27.68901,14.73749,0.10912,1,0,0,0,0,0,0,0,0,900,882.0726,900,900,364.17201,810.30529,829.32272,900,596.30055,391.02427,0,0,0,0,0,0,1,0,1,0,7979,0,-3.98936243337563E+027
-1.49371,37.40049,28.16287,23.79999,98.79323,10.81938,6.88269,-38.8749,2.57925,-36.24801,-30.33207,-29.46802,-96.96779,-3.901,-3.75987,27.64182,14.7451,0.10874,1,0,0,0,0,0,0,0,0,900,882.03375,900,900,365.24016,810.48465,828.44249,900,595.88254,391.38017,0,0,0,0,0,0,1,0,1,0,7979,0,-3.98936243337563E+027
-1.45672,37.4198,28.11368,23.82871,98.77995,10.90252,7.03796,-38.8499,2.54731,-36.23026,-30.28072,-29.47703,-96.8591,-3.78403,-3.80153,27.69888,14.75516,0.10708,1,0,0,0,0,0,0,0,0,900,882.46112,900,900,366.37723,810.42059,827.94659,900,590.97084,391.30899,0,0,0,0,0,0,1,0,1,0,7979,0,-3.98936243337563E+027
-1.46823,37.55595,28.15272,23.77257,98.91308,10.84038,6.91713,-38.69995,2.52939,-36.24213,-30.22574,-29.48867,-96.77981,-3.73441,-3.8274,27.72803,14.76478,0.10416,1,0,0,0,0,0,0,0,0,900,882.68127,900,900,366.92854,810.62557,827.45069,900,588.84593,390.73955,0,0,0,0,0,0,1,0,1,0,7979,0,-3.98936243337563E+027
-1.44924,37.79036,28.27566,23.56142,98.90514,10.18713,6.52971,-38.61711,2.56811,-36.26671,-30.19502,-29.47105,-96.80372,-3.70432,-3.76592,27.71808,14.77119,0.10028,1,0,0,0,0,0,0,0,0,900,882.95324,900,900,366.10158,810.5487,827.66145,900,588.88076,390.13453,0,0,0,0,0,0,1,0,1,0,7979,0,-3.98936243337563E+027
-1.33546,38.09534,28.42142,23.28669,98.57507,8.87032,6.17272,-38.70626,2.64094,-36.29584,-30.2496,-29.40273,-96.90248,-3.75659,-3.63132,27.57033,14.77406,0.09555,1,0,0,0,0,0,0,0,0,900,882.70718,900,900,367.44539,810.42059,828.35571,900,588.42791,389.81422,0,0,0,0,0,0,1,0,1,0,7979,0,-3.98936243337563E+027
-1.12089,38.29131,28.51196,23.12867,98.11788,7.58785,6.22348,-38.97786,2.72151,-36.31583,-30.30877,-29.34513,-97.01398,-3.94432,-3.49671,27.30337,14.77595,0.08942,1,0,0,0,0,0,0,0,0,900,882.82373,900,900,369.06485,810.33091,829.03758,900,589.99547,390.02776,0,0,0,0,0,0,1,0,1,0,7979,0,-3.98936243337563E+027
-0.97968,38.59538,28.54042,23.01522,97.8267,6.44879,6.21797,-39.19908,2.76954,-36.47995,-30.49627,-29.21432,-97.12676,-4.24885,-3.22996,26.66107,14.78031,0.08111,0.90476,0,0,0,0,0,0,0,0,900,882.48702,900,900,372.2004,810.30529,829.14916,900,590.44832,390.5972,0,0,0,0,0,0,1,0,1,0,7979,0,-3.98936243337563E+027
-0.90411,38.94563,28.48682,23.01411,97.74647,5.76672,6.27168,-39.28601,2.769,-36.50429,-30.65368,-29.0998,-97.18768,-4.39108,-2.89136,26.08466,14.78924,0.07072,1.04762,0,0,0,0,0,0,0,0,900,882.08555,900,900,378.50596,810.13874,829.4467,900,585.53663,390.73955,0,0,0,0,0,0,1,0,1,0,7979,0,-3.98936243337563E+027
-0.86446,39.509,28.51277,23.01838,97.88351,5.28531,6.00962,-39.14884,2.73007,-36.5744,-30.78243,-28.94368,-97.17421,-4.63668,-2.41045,25.37585,14.80268,0.05989,1.33333,0,0,0,0,0,0,0,0,900,881.63228,900,900,387.08566,810.34372,829.29793,900,583.51622,389.67186,0,0,0,0,0,0,1,0,1,0,7979,0,-3.98936243337563E+027
-0.74671,40.25621,28.571,23.04605,97.89993,4.74346,5.56878,-39.0017,2.71016,-36.48834,-30.84721,-28.75299,-97.08545,-4.85184,-1.97236,24.73699,14.81904,0.05127,1.66667,0,0,0,0,0,0,0,0,900,881.19197,900,900,396.6646,810.39497,828.81442,900,579.6844,389.38715,0,0,0,0,0,0,1,0,1,0,7979,0,-3.98936243337563E+027
-0.47593,41.23793,28.66943,23.15723,97.56758,3.8306,5.09584,-38.92643,2.72277,-36.19339,-30.90819,-28.52779,-96.95563,-4.9392,-1.56961,24.24365,14.83633,0.04728,1.85714,0,0,0,0,0,0,0,0,900,880.95886,900,900,404.00386,810.18999,829.23594,900,579.82374,389.8854,0,0,0,0,0,0,1,0,1,0,7979,0,-3.98936243337563E+027
-0.00632,42.21162,28.70164,23.50202,96.81841,2.84184,5.02247,-39.12405,2.79899,-35.69865,-30.98233,-28.32629,-96.86097,-4.97089,-1.18315,23.88034,14.85273,0.04898,2.14286,0,0,0,0,0,0,0,0,900,881.33442,900,900,416.09813,809.95939,829.33512,900,582.68018,391.05986,0,0,0,0,0,0,1,0,1,0,7979,0,-3.98936243337563E+027
0.48394,43.49643,28.75055,23.88292,95.91735,1.70076,4.80108,-39.22494,2.93457,-35.08033,-31.211,-28.10576,-96.79332,-4.95527,-0.94117,23.44747,14.86679,0.05581,2.33333,0,0,0,0,0,0,0,0,900,881.46393,900,900,429.84632,809.81847,829.71944,900,585.98948,394.33412,0,0,0,0,0,0,1,0,1,0,7979,0,-3.98936243337563E+027
0.99101,44.87548,28.78458,24.28634,94.9814,0.59233,4.47927,-39.28395,3.11784,-34.21149,-31.49011,-27.95021,-96.77768,-4.69856,-0.90119,23.21688,14.87783,0.06603,2.66667,0,0,0,0,0,0,0,0,900,881.65818,900,900,458.10075,809.84409,829.62026,900,586.37266,397.75073,0,0,0,0,0,0,1,0,1,0,7979,0,-3.98936243337563E+027
1.55286,46.36408,28.87696,24.63428,93.93568,-1.02713,4.06301,-39.43325,3.31548,-33.34962,-31.78158,-27.84467,-96.80099,-4.3891,-0.9238,23.01777,14.88623,0.07734,2.85714,0,0,0,0,0,0,0,0,900,881.78769,900,900,501.24044,809.8569,829.47149,900,590.03031,400.98939,0,0,0,0,0,0,1,0,1,0,7979,0,-3.98936243337563E+027
2.19813,47.89953,29.06364,24.96436,92.8886,-2.49989,3.79917,-39.46672,3.50529,-32.45489,-31.91036,-27.88049,-96.70531,-3.96026,-1.26031,23.04676,14.8929,0.0875,3.14286,0,0,0,0,0,0,0,0,900,881.72294,900,900,542.65729,809.93377,828.95079,900,585.32762,403.94334,0,0,0,0,0,0,1,0,1,0,7979,0,-3.98936243337563E+027
2.92158,49.45996,29.29702,25.26517,91.88177,-4.14858,3.66075,-39.5943,3.66661,-31.7729,-31.88354,-28.02976,-96.5344,-3.45972,-1.65009,23.1692,14.89807,0.09491,3.2381,0,0,0,0,0,0,0,0,900,882.35751,900,900,575.39108,809.78003,829.32272,900,581.87898,404.65514,0,0,0,0,0,0,1,0,1,0,7979,0,-3.98936243337563E+027
3.70675,51.07809,29.49488,25.62674,90.95783,-5.6611,3.59106,-39.61243,3.79501,-31.30398,-31.71828,-28.27625,-96.30884,-2.99016,-2.02722,23.39333,14.90105,0.09867,3.71429,0,0,0,0,0,0,0,0,900,882.97914,900,900,608.36607,809.65192,829.53348,900,580.24175,404.15688,0,0,0,0,0,0,1,0,1,0,7979,0,-3.98936243337563E+027
4.60714,52.82403,29.67323,25.91777,89.92285,-7.71456,3.29444,-40.0119,3.90117,-31.12105,-31.52554,-28.58045,-96.13466,-2.7782,-2.33689,23.45122,14.90099,0.09825,4.28571,0,0,0,0,0,0,0,0,900,883.31585,900,900,628.55765,809.66473,829.53348,900,580.55527,404.01452,0,0,0,0,0,0,1,0,1,0,7979,0,-3.98936243337563E+027
5.62784,54.69629,29.74822,26.26255,88.57586,-10.37604,2.49812,-40.88367,4.01549,-31.19695,-31.40087,-28.84461,-96.1203,-2.80307,-2.4364,23.19963,14.89784,0.09319,4.85714,0,0,0,0,0,0,0,0,900,883.12159,900,900,638.34333,809.72879,829.4095,900,582.61051,403.44508,0,0,0,0,0,0,1,0,1,0,7979,0,-3.98936243337563E+027
6.80714,56.76065,29.72078,26.7245,86.74526,-14.11529,0.86668,-42.31343,4.12585,-31.35974,-31.35336,-29.03528,-96.27191,-2.9048,-2.30483,22.80002,14.89265,0.08321,4.90476,0,0,0,0,0,0,0,0,900,883.28995,900,900,662.01502,809.61349,829.49629,900,586.23332,404.54837,0,0,0,0,0,0,1,0,1,0,7979,0,-3.98936243337563E+027
8.13398,59.04409,29.70647,27.37822,84.59429,-17.68638,-0.90297,-43.6933,4.21541,-31.48548,-31.31256,-29.16629,-96.4221,-2.97455,-2.14338,22.40476,14.88739,0.06877,4.7619,0,0,0,0,0,0,0,0,900,883.26405,900,900,679.24333,809.69035,829.32272,900,585.04894,405.1178,0,0,0,0,0,0,1,0,1,0,7979,0,-3.98936243337563E+027
9.4979,61.44655,29.63149,28.10825,82.36788,-21.46616,-3.24517,-45.19056,4.27377,-31.58902,-31.27319,-29.2341,-96.53697,-2.99904,-1.98879,22.01358,14.88417,0.05134,4.42857,0,0,0,0,0,0,0,0,900,884.70156,900,900,706.83619,809.70317,829.22354,900,585.22312,404.58396,0,0,0,0,0,0,1,0,1,0,7979,0,-3.98936243337563E+027
10.81623,64.02469,29.60235,28.95127,80.31219,-24.40762,-5.66715,-46.13765,4.27693,-31.53697,-31.19577,-29.27136,-96.54201,-2.92125,-2.0013,21.87957,14.88427,0.03314,4.09524,0,0,0,0,0,0,0,0,900,886.83839,900,900,745.45517,809.7416,829.28553,900,584.97927,404.72632,0,0,0,0,0,0,1,0,1,0,7979,0,-3.98936243337563E+027
11.95572,66.58695,29.57522,29.66684,78.56105,-26.98594,-8.14378,-46.66833,4.24729,-31.49778,-31.12428,-29.29905,-96.55746,-2.87043,-1.94881,21.79468,14.88776,0.01648,3.52381,0,0,0,0,0,0,0,0,900,888.87162,900,900,778.45083,809.84409,829.28553,900,585.11861,405.1178,0,0,0,0,0,0,1,0,1,0,7979,0,-3.98936243337563E+027
12.91427,68.94734,29.52411,30.41094,77.10598,-28.69833,-10.18706,-46.67207,4.20381,-31.49231,-31.08865,-29.31069,-96.57626,-2.81608,-1.84661,21.71472,14.8938,0.00311,3.09524,0,0,0,0,0,0,0,0,900,890.50339,900,900,792.20591,810.03626,829.4219,900,585.25795,405.61606,0,0,0,0,0,0,1,0,1,0,7979,0,-3.98936243337563E+027
13.64799,71.11381,29.42133,31.0461,76.00882,-29.85829,-12.17397,-46.11516,4.16142,-31.48821,-31.08119,-29.32441,-96.55404,-2.76303,-1.84142,21.65755,14.90102,-0.00608,2.33333,0,0,0,0,0,0,0,0,900,892.18695,900,900,804.42423,809.89533,829.79383,900,585.08378,406.1499,0,0,0,0,0,0,1,0,1,0,7979,0,-3.98936243337563E+027
14.39114,73.02329,29.42501,31.63532,74.87732,-30.52827,-13.56103,-45.63293,4.14279,-31.49538,-31.10412,-29.34263,-96.56887,-2.6689,-1.79634,21.61057,14.90792,-0.01106,1.71429,0,0,0,0,0,0,0,0,900,893.31365,900,900,801.48853,810.06188,829.53348,900,586.58167,406.07872,0,0,0,0,0,0,1,0,1,0,7979,0,-3.98936243337563E+027
15.10246,74.81475,29.52626,31.92849,73.49183,-31.89563,-15.44644,-45.50929,4.15241,-31.54295,-31.16893,-29.36946,-96.62161,-2.62685,-1.73996,21.46667,14.91325,-0.01243,1.28571,0,0,0,0,0,0,0,0,900,894.51028,900,900,800,810.13874,829.04997,900,583.96907,405.65165,0,0,0,0,0,0,1,0,1,0,7979,0,-3.98936243337563E+027
15.98976,76.34736,29.74094,32.37462,71.52923,-33.36989,-17.06635,-46.18686,4.19342,-31.54101,-31.20912,-29.42045,-96.71242,-2.61317,-1.69393,21.38314,14.91596,-0.01112,0.66667,0,0,0,0,0,0,0,0,900,896.43861,900,900,800,810.15156,829.19875,900,581.91382,405.54488,0,0,0,0,0,0,1,0,1,0,7979,0,-3.98936243337563E+027
17.07856,77.51769,29.7307,33.30672,69.51109,-34.56391,-19.50974,-47.32353,4.25087,-31.58086,-31.23313,-29.47193,-96.82318,-2.65246,-1.58181,21.22514,14.91557,-0.00819,0,0,0,0,0,0,0,0,0,900,898.05483,900,900,800,810.07469,829.59547,900,582.22733,405.61606,0,0,0,0,0,0,1,0,1,0,7979,0,-3.98936243337563E+027
18.29353,78.23579,29.55019,34.88573,67.63403,-34.97684,-21.91634,-48.88919,4.30476,-31.62915,-31.25059,-29.51063,-96.932,-2.68295,-1.4567,21.04765,14.91271,-0.00444,-0.57143,0,0,0,0,0,0,0,0,900,899.36413,900,903.27228,800,810.18999,830.04178,900,584.28258,405.86519,0,0,0,0,0,0,1,0,1,0,7979,0,-3.98936243337563E+027
19.67203,78.57152,29.12206,37.1494,66.10262,-34.70157,-24.61754,-50.86007,4.33199,-31.65734,-31.27212,-29.54058,-96.96914,-2.75235,-1.46785,20.82827,14.90884,-0.000243,-1.42857,0,0,0,0,0,0,0,0,900,900.02202,900,898.36386,800,809.88252,830.4261,900,585.01411,406.22108,0,0,0,0,0,0,1,0,1,0,7979,0,-3.98936243337563E+027
20.98903,78.63101,28.71923,39.70741,64.9385,-33.73723,-26.54819,-53.13816,4.3485,-31.64508,-31.27756,-29.54809,-97.00665,-2.72293,-1.41932,20.67766,14.90517,0.00439,-2,0,0,0,0,0,0,0,0,900,900.21498,900,898.70574,800,809.61349,830.07897,900,585.50179,406.68375,0,0,0,0,0,0,1,0,1,0,7979,0,-3.98936243337563E+027
22.31858,78.56699,28.37427,42.52109,64.07284,-32.57011,-27.80624,-55.70776,4.33407,-31.62784,-31.28595,-29.54745,-96.96594,-2.7401,-1.44254,20.49953,14.9022,0.00952,-2.66667,0,0,0,0,0,0,0,0,900,900,900,879.92674,800,809.511,829.53348,900,580.34626,406.47021,0,0,0,0,0,0,1,0,1,0,7979,0,-3.98936243337563E+027
23.4677,78.46881,28.14874,45.25061,63.38657,-31.34298,-28.40123,-58.45089,4.32268,-31.58245,-31.2615,-29.54352,-96.91181,-2.75381,-1.46194,20.3738,14.89956,0.015,-3.38095,0,0,0,0,0,0,0,0,900,900,900,834.60317,800,809.63911,829.48389,900,578.39551,406.25667,0,0,0,0,0,0,1,0,1,0,7979,0,-3.98936243337563E+027
24.4112,78.28475,27.98614,47.727,63.04572,-29.95901,-28.97629,-61.00197,4.31824,-31.52665,-31.20871,-29.54123,-96.84797,-2.69166,-1.44011,20.31973,14.89635,0.0204,-3.85714,0,0,0,0,0,0,0,0,900,900,900,761.80708,800,810.11312,829.76903,900,579.71923,406.5058,0,0,0,0,0,0,1,0,1,0,7979,0,-3.98936243337563E+027
25.0588,78.05624,27.80506,49.83803,63.03767,-28.27635,-29.4265,-63.2793,4.29509,-31.48911,-31.15216,-29.56067,-96.76912,-2.70007,-1.44344,20.29398,14.89208,0.02506,-3.90476,0,0,0,0,0,0,0,0,900,900,900,685.07937,800,810.58714,829.90541,900,583.2027,407.92939,0,0,0,0,0,0,1,0,1,0,7979,0,-3.98936243337563E+027
25.3148,77.67522,27.61583,51.25217,63.44844,-26.17864,-29.6947,-65.04957,4.271,-31.46,-31.11139,-29.59268,-96.72956,-2.73875,-1.4745,20.29871,14.88695,0.02834,-3.7619,0,0,0,0,0,0,0,0,900,900,900,616.7033,800,810.76649,830.00459,900,585.81531,408.35647,0,0,0,0,0,0,1,0,1,0,7979,0,-3.98936243337563E+027
24.95364,77.25866,27.62084,51.38874,64.24949,-24.04453,-29.4397,-65.80619,4.27152,-31.47889,-31.08691,-29.60771,-96.74666,-2.75337,-1.37543,20.26629,14.88171,0.02999,-3.33333,0,0,0,0,0,0,0,0,900,900,900,583.5409,800,810.30529,830.10377,900,585.95464,408.10734,0,0,0,0,0,0,1,0,1,0,7979,0,-3.98936243337563E+027
24.38314,76.84041,27.95556,50.47297,65.08748,-22.5217,-28.79718,-65.80878,4.27941,-31.46189,-31.08831,-29.61895,-96.72457,-2.82861,-1.42056,20.18917,14.8774,0.03021,-3.04762,0,0,0,0,0,0,0,0,900,900,900,564.93284,800,809.95939,830.21535,900,581.91382,407.18201,0,0,0,0,0,0,1,0,1,0,7979,0,-3.98936243337563E+027
23.59645,76.71223,28.64306,48.46217,65.67776,-22.15837,-28.50191,-64.81537,4.28677,-31.4468,-31.13231,-29.6079,-96.74874,-2.91433,-1.475,20.04876,14.87487,0.02944,-2.90476,0,0,0,0,0,0,0,0,900,900,900,559.46276,800,809.65192,830.32692,900,579.89341,406.00754,0,0,0,0,0,0,1,0,1,0,7979,0,-3.98936243337563E+027
22.77601,76.95044,29.84345,45.64048,65.94704,-22.98921,-28.1735,-62.91942,4.2785,-31.39889,-31.18955,-29.58693,-96.79114,-2.8983,-1.51139,19.94295,14.87405,0.02809,-3.09524,0,0,0,0,0,0,0,0,900,900,900,567.17949,800,809.72879,830.56248,900,581.46097,406.11431,0,0,0,0,0,0,1,0,1,0,7979,0,-3.98936243337563E+027
22.1416,77.63145,31.24626,42.58499,66.05618,-24.56468,-27.74018,-60.39771,4.23474,-31.35232,-31.2301,-29.57941,-96.80578,-2.95404,-1.51421,19.83217,14.87415,0.02622,-2.95238,0,0,0,0,0,0,0,0,900,900,900,595.50672,800,809.86971,830.62447,900,583.93423,407.25319,0,0,0,0,0,0,1,0,1,0,7979,0,-3.98936243337563E+027
21.75288,78.6219,32.48541,39.65591,66.06657,-26.3882,-27.32655,-57.61776,4.15849,-31.28211,-31.2387,-29.59376,-96.80155,-2.96445,-1.55427,19.82737,14.87465,0.02363,-2.66667,0,0,0,0,0,0,0,0,900,900,900,638.87668,800,810.15156,830.68645,900,586.75584,407.39554,0,0,0,0,0,0,1,0,1,0,7979,0,-3.98936243337563E+027
21.59378,79.80711,33.56869,37.03422,66.10792,-28.00885,-26.65313,-54.71966,4.06949,-31.29619,-31.22076,-29.61598,-96.79322,-2.94166,-1.45373,19.81066,14.876,0.02009,-2.33333,0,0,0,0,0,0,0,0,900,900,900,681.7094,800,810.25405,830.78563,900,586.30299,407.2176,0,0,0,0,0,0,1,0,1,0,7979,0,-3.98936243337563E+027
21.43579,81.22762,34.61037,34.28253,66.19971,-29.65735,-25.81676,-51.2971,3.98217,-31.28902,-31.18998,-29.65446,-96.7325,-2.89696,-1.43521,19.8499,14.87913,0.01565,-2.04762,0,0,0,0,0,0,0,0,900,900,900,716.8254,800,810.42059,830.78563,900,587.20869,406.96847,0,0,0,0,0,0,1,0,1,0,7979,0,-3.98936243337563E+027
21.32619,82.60925,35.56261,31.72313,66.13579,-31.13696,-24.66285,-47.82232,3.91468,-31.31664,-31.16333,-29.69557,-96.67902,-2.88911,-1.39192,19.87029,14.88442,0.01072,-1.90476,0,0,0,0,0,0,0,0,900,900,900,746.76435,800,809.99782,830.68645,900,588.63692,406.32785,0,0,0,0,0,0,1,0,1,0,7979,0,-3.98936243337563E+027
21.22795,83.83781,36.50705,29.33942,65.91267,-32.4535,-23.16264,-44.522,3.8845,-31.36458,-31.15239,-29.73108,-96.6492,-2.85315,-1.34682,19.85998,14.89093,0.00593,-2,0,0,0,0,0,0,0,0,900,900,900,769.81685,800,809.67754,830.59967,900,588.60208,406.32785,0,0,0,0,0,0,1,0,1,0,7979,0,-3.98936243337563E+027
21.1856,84.87354,37.41157,27.27006,65.55188,-33.54342,-21.2046,-41.63489,3.90539,-31.40755,-31.16854,-29.75199,-96.66084,-2.84464,-1.27779,19.79698,14.89696,0.00201,-2,0,0,0,0,0,0,0,0,900,900,900,791.74603,800,809.57505,830.25254,900,585.36246,406.22108,0,0,0,0,0,0,1,0,1,0,7979,0,-3.98936243337563E+027
21.38916,85.60136,37.91581,25.89931,64.89031,-34.41102,-19.96778,-39.8663,3.94665,-31.38477,-31.19967,-29.77905,-96.67872,-2.80318,-1.33238,19.79389,14.9015,-0.00037,-2.09524,0,0,0,0,0,0,0,0,900,900,900,814.06593,800,809.60068,830.62447,900,579.61473,405.79401,0,0,0,0,0,0,1,0,1,0,7979,0,-3.98936243337563E+027
21.85341,85.88164,38.17911,25.53625,64.0461,-34.7674,-19.16523,-39.51857,4.0053,-31.38535,-31.23442,-29.80662,-96.73274,-2.78176,-1.3247,19.76127,14.9051,-0.000923,-1.95238,0,0,0,0,0,0,0,0,900,900,900,830.62271,800,809.78003,831.78984,900,571.21956,405.33134,0,0,0,0,0,0,1,0,1,0,7979,0,-3.98936243337563E+027
22.35336,85.95097,38.24882,25.76083,63.27869,-34.85027,-19.15233,-39.98456,4.05097,-31.35336,-31.27841,-29.83495,-96.75845,-2.74551,-1.38937,19.75083,14.90934,0.000189,-1.66667,0,0,0,0,0,0,0,0,900,900,900,844.1514,800,810.04907,832.18656,900,571.95109,404.93985,0,0,0,0,0,0,1,0,1,0,7979,0,-3.98936243337563E+027
22.91012,85.65843,38.21516,26.72392,62.64998,-34.51977,-19.51939,-41.43854,4.08148,-31.31302,-31.30852,-29.8631,-96.7757,-2.7621,-1.44302,19.7336,14.9155,0.00231,-1.33333,0,0,0,0,0,0,0,0,900,900,900,856.2149,800,809.8569,832.17416,900,576.2706,403.94334,0,0,0,0,0,0,1,0,1,0,7979,0,-3.98936243337563E+027
23.33387,85.26823,38.08357,28.04156,62.31925,-34.01569,-20.44117,-43.19378,4.0989,-31.27598,-31.32101,-29.87378,-96.79568,-2.77584,-1.46181,19.68509,14.92387,0.00435,-1.04762,0,0,0,0,0,0,0,0,900,900,900,858.11966,800,809.86971,831.64107,900,582.01832,402.98242,0,0,0,0,0,0,1,0,1,0,7979,0,-3.98936243337563E+027
23.54506,84.90015,37.95699,29.52364,62.3337,-33.2055,-21.37757,-44.83194,4.08429,-31.22242,-31.3232,-29.86471,-96.80332,-2.78657,-1.47965,19.63595,14.93385,0.00516,-1,0,0,0,0,0,0,0,0,900,900,900,853.82173,800,809.98501,830.56248,900,583.16787,403.33832,0,0,0,0,0,0,1,0,1,0,7979,0,-3.98936243337563E+027
23.4896,84.67426,37.83959,30.79239,62.60129,-32.37483,-22.36422,-46.07713,4.05282,-31.15594,-31.29436,-29.85138,-96.81397,-2.81471,-1.46032,19.61107,14.94443,0.00387,-0.95238,0,0,0,0,0,0,0,0,900,900,900,848.88889,800,809.9722,830.27733,900,585.18828,403.97893,0,0,0,0,0,0,1,0,1,0,7979,0,-3.98936243337563E+027
23.56586,84.37953,37.65471,32.31063,62.74868,-31.48346,-23.6149,-47.58329,3.9934,-31.12587,-31.25597,-29.8383,-96.8226,-2.85448,-1.35722,19.56667,14.95486,0.000169,-0.66667,0,0,0,0,0,0,0,0,900,900,900,841.41636,800,809.92096,830.67406,900,584.63093,405.50929,0,0,0,0,0,0,1,0,1,0,7979,0,-3.98936243337563E+027
23.82661,84.14633,37.40958,34.15439,62.82542,-30.23219,-24.72293,-49.23023,3.8934,-31.1077,-31.24408,-29.82221,-96.76935,-2.8447,-1.34615,19.53229,14.96476,-0.0057,-0.33333,0,0,0,0,0,0,0,0,900,900,900,825.05495,800,809.98501,830.82283,900,584.10841,405.79401,0,0,0,0,0,0,1,0,1,0,7979,0,-3.98936243337563E+027
24.25715,83.87975,37.10767,36.27626,62.86254,-28.77309,-25.77927,-51.14579,3.80738,-31.09818,-31.23716,-29.80627,-96.71629,-2.80002,-1.34489,19.50183,14.97418,-0.01292,-0.04762,0,0,0,0,0,0,0,0,900,900,900,804.54212,800,810.06188,830.24014,900,584.8051,405.50929,0,0,0,0,0,0,1,0,1,0,7979,0,-3.98936243337563E+027
24.74383,83.6881,36.75274,38.51505,62.85052,-27.37464,-27.0379,-53.08757,3.75533,-31.0696,-31.22043,-29.79692,-96.66096,-2.77353,-1.35687,19.48425,14.98363,-0.02033,0,0,0,0,0,0,0,0,0,900,900,900,776.80098,800,810.40778,829.84342,900,586.26816,405.40252,0,0,0,0,0,0,1,0,1,0,7979,0,-3.98936243337563E+027
25.0194,83.49139,36.45645,40.71022,63.09616,-25.61455,-27.73524,-54.78785,3.74047,-31.03184,-31.18956,-29.79771,-96.61297,-2.76261,-1.36013,19.49403,14.99361,-0.02677,0.04762,0,0,0,0,0,0,0,0,900,900,900,746.22711,800,810.53589,829.4343,900,583.96907,405.90078,0,0,0,0,0,0,1,0,1,0,7979,0,-3.98936243337563E+027
25.21207,83.23889,36.15578,42.90064,63.51761,-23.9532,-28.37926,-56.43113,3.77182,-31.04092,-31.17253,-29.80526,-96.63122,-2.78748,-1.25315,19.47712,15.00385,-0.03142,0.2381,0,0,0,0,0,0,0,0,900,900,900,726.73993,800,810.47183,829.68225,900,585.67597,405.8296,0,0,0,0,0,0,1,0,1,0,7979,0,-3.98936243337563E+027
25.43915,82.84243,35.90765,45.19006,64.04334,-22.27872,-28.7626,-58.29813,3.78789,-31.05692,-31.19704,-29.83119,-96.64879,-2.86362,-1.17239,19.44483,15.01317,-0.03408,0.71429,0,0,0,0,0,0,0,0,900,900,900,711.64835,800,810.21561,829.4467,900,587.87055,406.1499,0,0,0,0,0,0,1,0,1,0,7979,0,-3.98936243337563E+027
25.62034,82.39679,35.63458,47.40241,64.69235,-20.55897,-28.92717,-60.25943,3.7891,-31.07847,-31.26765,-29.85481,-96.64924,-2.90105,-1.18163,19.39446,15.0202,-0.03519,1.28571,0,0,0,0,0,0,0,0,900,900,900,694.21245,800,809.9722,829.84342,900,587.66155,405.50929,0,0,0,0,0,0,1,0,1,0,7979,0,-3.98936243337563E+027
25.6101,81.84258,35.43583,49.17694,65.48793,-18.98659,-28.82795,-62.07863,3.78495,-31.08113,-31.33008,-29.88053,-96.6275,-2.86009,-1.27344,19.36701,15.02452,-0.03545,1.66667,0,0,0,0,0,0,0,0,900,900,900,672.67399,800,809.8569,829.83102,900,584.10841,405.58047,0,0,0,0,0,0,1,0,1,0,7979,0,-3.98936243337563E+027
25.39367,81.16432,35.23562,50.37845,66.38179,-17.45412,-28.58036,-63.59891,3.77745,-31.02887,-31.35512,-29.90623,-96.59017,-2.83272,-1.37092,19.3694,15.02721,-0.03552,2,0,0,0,0,0,0,0,0,900,900,900,645.37241,800,810.01063,829.9426,900,580.31142,406.07872,0,0,0,0,0,0,1,0,1,0,7979,0,-3.98936243337563E+027
24.83714,80.37197,35.10926,50.73107,67.41096,-15.99952,-28.00979,-64.4564,3.76991,-30.95245,-31.3324,-29.92587,-96.5477,-2.81609,-1.47245,19.38367,15.03015,-0.03578,2.42857,0,0,0,0,0,0,0,0,900,900,900,619.24298,800,810.02344,830.12856,900,581.18229,406.43462,0,0,0,0,0,0,1,0,1,0,7979,0,-3.98936243337563E+027
24.24652,79.5319,35.09818,50.27966,68.27677,-14.77419,-27.6506,-64.94029,3.77,-30.88256,-31.28922,-29.91858,-96.55841,-2.82088,-1.44811,19.388,15.03456,-0.03648,2.66667,0,0,0,0,0,0,0,0,900,900,900,603.1746,800,810.0875,830.67406,900,586.65134,406.1499,0,0,0,0,0,0,1,0,1,0,7979,0,-3.98936243337563E+027
23.76468,78.81771,35.28675,49.22835,68.80954,-13.95619,-27.14599,-65.00558,3.72616,-30.7896,-31.23674,-29.91293,-96.52928,-2.87887,-1.46068,19.42807,15.04058,-0.03795,2.85714,0,0,0,0,0,0,0,0,900,900,900,592.62515,800,810.06188,830.47569,900,591.84171,405.79401,0,0,0,0,0,0,1,0,1,0,7979,0,-3.98936243337563E+027
23.25935,78.42244,35.90297,47.25349,69.06522,-14.03729,-26.72523,-64.03866,3.64143,-30.74182,-31.1991,-29.90238,-96.4731,-2.93746,-1.46397,19.44549,15.04759,-0.04075,3.04762,0,0,0,0,0,0,0,0,900,900,900,586.03175,800,810.0875,830.59967,900,594.38465,405.79401,0,0,0,0,0,0,1,0,1,0,7979,0,-3.98936243337563E+027
22.95561,78.27248,36.9038,44.75415,68.99913,-14.97369,-26.05515,-62.44271,3.51818,-30.74624,-31.18327,-29.88826,-96.36519,-2.95089,-1.51625,19.43739,15.05474,-0.04538,3.38095,0,0,0,0,0,0,0,0,900,900,900,587.78999,800,810.04907,830.88481,900,590.97084,406.07872,0,0,0,0,0,0,1,0,1,0,7979,0,-3.98936243337563E+027
22.92168,78.44763,37.88605,42.20319,68.79094,-16.33383,-25.52457,-60.37846,3.40771,-30.74185,-31.16951,-29.86763,-96.25142,-2.89506,-1.53786,19.4492,15.06126,-0.05195,3.90476,0,0,0,0,0,0,0,0,900,900,900,599.95116,800,809.9722,830.86002,900,586.16365,405.68724,0,0,0,0,0,0,1,0,1,0,7979,0,-3.98936243337563E+027
23.06104,78.93001,38.95953,39.57947,68.54418,-18.18553,-24.82808,-58.01212,3.32452,-30.73967,-31.15161,-29.85911,-96.14473,-2.81144,-1.58693,19.46673,15.06652,-0.05993,4.66667,0,0,0,0,0,0,0,0,900,900,900,631.40415,800,809.80566,830.9716,900,585.15345,407.57349,0,0,0,0,0,0,1,0,1,0,7979,0,-3.98936243337563E+027
23.30424,79.65894,39.84569,37.01928,68.38243,-19.94864,-24.30201,-55.6037,3.31633,-30.67128,-31.11537,-29.85256,-96.10178,-2.70606,-1.59966,19.56174,15.07009,-0.06822,5.38095,0,0,0,0,0,0,0,0,900,900,900,662.41758,800,809.89533,831.08318,900,587.94022,408.96149,0,0,0,0,0,0,1,0,1,0,7979,0,-3.98936243337563E+027
23.65044,80.44229,40.50812,34.90887,68.26616,-21.49468,-23.63158,-53.49985,3.34731,-30.59276,-31.07039,-29.87122,-96.07293,-2.64031,-1.6416,19.69537,15.07198,-0.07557,5.7619,0,0,0,0,0,0,0,0,900,900,900,701.39194,800,810.01063,830.86002,900,586.93002,407.92939,0,0,0,0,0,0,1,0,1,0,7979,0,-3.98936243337563E+027
23.81757,81.22187,41.11226,32.83223,68.27256,-23.07958,-23.26736,-51.39148,3.39133,-30.54388,-31.07031,-29.90704,-96.07773,-2.6848,-1.69249,19.77797,15.0727,-0.08104,5.95238,0,0,0,0,0,0,0,0,900,900,900,734.65201,800,810.12593,830.86002,900,585.67597,407.2176,0,0,0,0,0,0,1,0,1,0,7979,0,-3.98936243337563E+027
23.87699,81.83604,41.68259,31.09441,68.36351,-24.3215,-22.66605,-49.53543,3.44179,-30.55208,-31.13097,-29.93773,-96.11315,-2.74428,-1.7531,19.78488,15.07288,-0.08416,6.09524,0,0,0,0,0,0,0,0,900,900,900,759.46276,800,810.24123,830.19055,900,584.87477,404.51278,0,0,0,0,0,0,1,0,1,0,7979,0,-3.98936243337563E+027
23.8402,82.30017,42.02717,29.74556,68.45838,-25.31659,-22.52453,-48.09978,3.48829,-30.60065,-31.25012,-29.94773,-96.18229,-2.77433,-1.78618,19.69672,15.07306,-0.0849,6,0,0,0,0,0,0,0,0,900,900,900,783.88278,800,810.24123,829.85582,900,584.03874,402.44857,0,0,0,0,0,0,1,0,1,0,7979,0,-3.98936243337563E+027
23.80108,82.49841,42.33586,28.90271,68.46634,-25.98753,-22.39307,-47.3249,3.51089,-30.63907,-31.33911,-29.95335,-96.20934,-2.72284,-1.8418,19.60172,15.07353,-0.08356,6.09524,0,0,0,0,0,0,0,0,900,900,900,810.69597,800,810.10031,829.58307,900,584.56126,403.58744,0,0,0,0,0,0,1,0,1,0,7979,0,-3.98936243337563E+027
23.78125,82.41059,42.39493,28.75236,68.55968,-26.01491,-22.48096,-47.15029,3.52754,-30.653,-31.35987,-29.964,-96.22877,-2.68177,-1.85625,19.51637,15.07401,-0.08054,5.95238,0,0,0,0,0,0,0,0,900,900,900,823.63858,800,810.0875,830.57487,900,585.81531,405.26016,0,0,0,0,0,0,1,0,1,0,7979,0,-3.98936243337563E+027
23.84,81.96122,42.27282,29.29763,68.78322,-25.45535,-22.59968,-47.67648,3.50709,-30.62794,-31.31173,-29.98361,-96.22625,-2.61607,-1.86201,19.55272,15.07387,-0.07627,5.66667,0,0,0,0,0,0,0,0,900,900,900,837.558,800,810.2028,831.40551,900,584.94444,405.29575,0,0,0,0,0,0,1,0,1,0,7979,0,-3.98936243337563E+027
23.83537,81.26578,41.85239,30.32439,69.31914,-24.21179,-23.13292,-48.52598,3.40428,-30.55469,-31.22405,-30.03302,-96.12474,-2.60955,-1.98806,19.73546,15.07281,-0.07147,5.42857,0,0,0,0,0,0,0,0,900,900,900,841.31868,800,810.15156,832.03779,900,583.30721,405.75842,0,0,0,0,0,0,1,0,1,0,7979,0,-3.98936243337563E+027
23.56108,80.3234,41.44115,31.45061,70.23517,-22.63073,-23.45144,-49.29972,3.26857,-30.53262,-31.13702,-30.0874,-96.02168,-2.55985,-2.08939,19.98808,15.07126,-0.06679,5,0,0,0,0,0,0,0,0,900,900.31858,900,834.09035,800,810.16437,832.03779,900,588.18407,406.22108,0,0,0,0,0,0,1,0,1,0,7979,0,-3.98936243337563E+027
22.98916,79.26512,41.07245,32.2866,71.30257,-21.26798,-23.81727,-49.89697,3.0998,-30.56235,-31.09913,-30.14788,-95.92261,-2.51045,-2.2015,20.22935,15.07013,-0.06244,4.57143,0,0,0,0,0,0,0,0,900,900.17742,900,828.66911,800,810.15156,831.80223,900,590.97084,407.00406,0,0,0,0,0,0,1,0,1,0,7979,0,-3.98936243337563E+027
22.29869,78.05257,40.72286,33.08804,72.32735,-19.86483,-24.04974,-50.49047,2.92237,-30.62145,-31.05252,-30.22786,-95.7833,-2.38604,-2.38575,20.51993,15.0704,-0.05794,4.42857,0,0,0,0,0,0,0,0,900,898.7166,900,822.22222,800,810.02344,831.19475,900,592.12039,406.5058,0,0,0,0,0,0,1,0,1,0,7979,0,-3.98936243337563E+027
21.60325,76.7713,40.36943,33.95972,73.33606,-18.16023,-23.84631,-51.04954,2.77183,-30.75594,-31.00471,-30.32863,-95.68173,-2.2891,-2.48964,20.77693,15.07227,-0.05222,4,0,0,0,0,0,0,0,0,900,898.19729,900,817.33822,800,809.9722,831.36832,900,591.6327,408.57,0,0,0,0,0,0,1,0,1,0,7979,0,-3.98936243337563E+027
21.02618,75.53025,39.96654,34.84061,74.21431,-16.55142,-23.80974,-51.67077,2.63484,-30.91967,-30.96614,-30.44054,-95.59578,-2.20445,-2.61077,21.06796,15.07478,-0.04407,3.66667,0,0,0,0,0,0,0,0,900.12118,894.12047,900,815.7265,800,809.88252,831.25674,900,588.42791,408.96149,0,0,0,0,0,0,1,0,1,0,7979,0,-3.98936243337563E+027
20.50101,74.35141,39.49637,35.87825,75.16551,-14.41667,-23.33075,-52.16436,2.48651,-31.07842,-30.91645,-30.57827,-95.46578,-2.24021,-2.83918,21.39029,15.07624,-0.03293,3.28571,0,0,0,0,0,0,0,0,900.63187,887.68535,900,814.60317,800,809.78003,831.20715,900,580.24175,408.60559,0,0,0,0,0,0,1,0,1,0,7979,0,-3.98936243337563E+027
19.85633,73.24767,38.98581,36.73302,76.28836,-12.31877,-23.16866,-52.43537,2.35789,-31.30976,-30.8637,-30.70608,-95.39939,-2.1947,-2.94125,21.73561,15.07517,-0.01897,2.71429,0,0,0,0,0,0,0,0,899.47694,879.70266,900,814.26129,800,809.7416,831.86422,900,579.6844,408.39206,0,0,0,0,0,0,1,0,1,0,7979,0,-3.98936243337563E+027
19.11324,72.15861,38.62235,37.32226,77.34863,-10.53254,-22.72883,-52.62024,2.18636,-31.55836,-30.81042,-30.84909,-95.27636,-2.12399,-3.07758,22.1441,15.07138,-0.00268,2.2381,0,0,0,0,0,0,0,0,896.82705,871.9712,900,814.31013,800,809.71598,832.19896,900,579.47539,406.64816,0,0,0,0,0,0,1,0,1,0,7979,0,-3.98936243337563E+027
18.23761,71.10364,38.31529,37.64208,78.51737,-8.88383,-22.3614,-52.58882,1.97703,-31.83437,-30.77072,-30.9998,-95.13603,-2.131,-3.22326,22.54703,15.06603,0.01547,2.04762,0,0,0,0,0,0,0,0,892.9641,865.62545,900,819.24298,800,809.71598,832.19896,900,581.07779,404.51278,0,0,0,0,0,0,1,0,1,0,7979,0,-3.98936243337563E+027
17.37453,69.96471,38.045,37.83037,79.67872,-7.48955,-21.91752,-52.61209,1.80125,-32.12861,-30.72462,-31.13065,-95.03912,-2.1597,-3.24888,22.8988,15.06091,0.03519,1.90476,0,0,0,0,0,0,0,0,889.78991,864.29154,900,826.42247,800,810.17718,831.78984,900,581.28679,405.18898,0,0,0,0,0,0,1,0,1,0,7979,0,-3.98936243337563E+027
16.53502,68.7871,37.67791,38.0362,80.94346,-5.90132,-21.3611,-52.58387,1.67123,-32.43361,-30.70611,-31.21308,-94.96617,-2.2885,-3.20107,23.1076,15.05725,0.05636,2,0,0,0,0,0,0,0,0,887.06706,862.89289,900,833.60195,801.76418,810.35653,831.4427,900,584.49159,405.4737,0,0,0,0,0,0,1,0,1,0,7979,0,-3.98936243337563E+027
15.78633,67.52528,37.14071,38.37874,82.32683,-4.05911,-20.85287,-52.72564,1.59351,-32.69759,-30.70934,-31.26137,-94.95043,-2.49487,-3.12122,23.19484,15.05455,0.07874,2,0,0,0,0,0,0,0,0,884.42087,861.33882,900,841.36752,801.32313,810.59995,831.24434,900,577.14146,406.07872,0,0,0,0,0,0,1,0,1,0,7979,0,-3.98936243337563E+027
15.06175,66.18514,36.45351,38.78588,83.78994,-2.02749,-20.58138,-52.87469,1.55684,-32.94649,-30.7173,-31.26919,-94.98257,-2.58364,-2.95671,23.22588,15.05073,0.10197,2,0,0,0,0,0,0,0,0,879.88278,858.08824,900,848.88889,793.41189,810.65119,831.30633,900,574.98171,406.04313,0,0,0,0,0,0,1,0,1,0,7979,0,-3.98936243337563E+027
14.49952,64.72537,35.79568,39.21747,84.9727,-0.3593,-20.12736,-53.29991,1.4923,-33.09684,-30.7156,-31.27905,-94.92171,-2.61984,-2.94373,23.32199,15.04375,0.12561,2,0,0,0,0,0,0,0,0,873.63826,853.50376,900,855.14042,780.41486,810.27967,831.41791,900,576.20093,406.00754,0,0,0,0,0,0,1,0,1,0,7979,0,-3.98936243337563E+027
13.9669,63.29751,35.23784,39.4704,85.94331,0.96763,-19.87835,-53.62918,1.37722,-33.17969,-30.7103,-31.31426,-94.81945,-2.69536,-3.0518,23.49211,15.03308,0.14913,2,0,0,0,0,0,0,0,0,868.13567,848.99698,900,862.0757,764.37186,809.92096,831.26914,900,579.23155,406.32785,0,0,0,0,0,0,1,0,1,0,7979,0,-3.98936243337563E+027
13.56363,61.81923,34.86271,39.56352,86.46613,1.5705,-19.68122,-54.0672,1.24847,-33.23172,-30.68192,-31.3696,-94.70874,-2.72067,-3.1871,23.76192,15.0201,0.17187,2,0,0,0,0,0,0,0,0,865.21745,846.04426,900,866.12943,751.31969,809.89533,830.9468,900,581.4958,406.54139,0,0,0,0,0,0,1,0,1,0,7979,0,-3.98936243337563E+027
13.26278,60.31864,34.56234,39.75855,86.73809,2.31183,-18.88301,-54.43787,1.09876,-33.31397,-30.67207,-31.42658,-94.56828,-2.75627,-3.34036,24.05045,15.00754,0.19309,2,0,0,0,0,0,0,0,0,863.80779,844.99527,900,867.69231,743.43601,809.88252,832.5089,900,587.52221,406.71934,0,0,0,0,0,0,1,0,1,0,7979,0,-3.98936243337563E+027
13.01968,58.98098,34.35326,39.73694,86.89025,2.64756,-18.45859,-54.75706,0.97705,-33.44298,-30.64759,-31.5002,-94.45251,-2.84394,-3.45511,24.29276,14.99796,0.21217,2,0,0,0,0,0,0,0,0,862.79383,843.99808,900,870.62271,735.68327,809.98501,833.17836,900,584.73543,406.61257,0,0,0,0,0,0,1,0,1,0,7979,0,-3.98936243337563E+027
12.80422,57.6948,34.22892,39.71982,86.98613,3.1618,-17.68681,-54.85997,0.89312,-33.62959,-30.59794,-31.57954,-94.32487,-2.92946,-3.61971,24.51617,14.99244,0.22878,2,0,0,0,0,0,0,0,0,861.97772,843.35056,900,875.21368,721.48715,810.11312,832.94281,900,585.15345,406.1499,0,0,0,0,0,0,1,0,1,0,7979,0,-3.98936243337563E+027
12.61015,56.48271,34.04191,39.72874,87.22111,3.82983,-16.92443,-54.8754,0.81244,-33.85873,-30.54996,-31.66589,-94.18368,-2.99911,-3.7781,24.76178,14.99052,0.24284,2,0,0,0,0,0,0,0,0,859.75195,841.93895,900,881.80708,707.73896,810.06188,832.27334,900,588.32341,405.90078,0,0,0,0,0,0,1,0,1,0,7979,0,-3.98936243337563E+027
12.31146,55.3848,33.8565,39.60744,87.66249,4.70129,-16.33191,-54.63006,0.69598,-34.12653,-30.48186,-31.78708,-93.95286,-3.0945,-4.05257,25.05397,14.9912,0.25429,2,0,0,0,0,0,0,0,0,857.11813,840.30719,900,889.01099,693.71511,810.0875,831.10797,900,594.55882,405.93637,0,0,0,0,0,0,1,0,1,0,7979,0,-3.98936243337563E+027
11.98493,54.23466,33.65133,39.43368,88.14292,5.5756,-15.74694,-54.38443,0.52693,-34.45005,-30.43944,-31.9289,-93.70876,-3.2671,-4.32035,25.34928,14.99378,0.26296,2,0,0,0,0,0,0,0,0,854.10098,839.71146,900,894.87179,679.93246,810.02344,830.04178,900,596.99725,406.00755,0,0,0,0,0,0,1,0,1,0,7979,0,-3.98936243337563E+027
11.52086,53.03469,33.4702,39.24714,88.72996,6.77662,-14.85017,-53.79879,0.31261,-34.83927,-30.41546,-32.07983,-93.43321,-3.47776,-4.62091,25.6006,14.99799,0.26866,2,0,0,0,0,0,0,0,0,851.17038,839.50425,900,898.85226,668.69961,810.03626,830.57488,900,596.85791,406.18549,0,0,0,0,0,0,1,0,1,0,7979,0,-3.98936243337563E+027
11.00058,51.78756,33.34413,38.89564,89.32825,7.73813,-13.92991,-53.15573,0.0922,-35.24938,-30.38996,-32.22775,-93.1784,-3.76563,-4.85262,25.77624,15.00323,0.27149,2,0,0,0,0,0,0,0,0,849.84729,838.72722,900,900.70818,659.87871,809.92096,830.59967,900,591.80688,406.22108,0,0,0,0,0,0,1,0,1,0,7979,0,-3.98936243337563E+027
10.41356,50.51139,33.2529,38.48299,89.97656,8.71992,-12.91097,-52.39095,-0.11621,-35.65159,-30.3668,-32.35539,-92.94166,-4.04458,-5.07031,25.92431,15.00808,0.27196,2,0,0,0,0,0,0,0,0,849.25375,838.48116,900,900.34188,648.33574,809.84409,830.52528,900,586.37266,406.71934,0,0,0,0,0,0,1,0,1,0,7979,0,-3.98936243337563E+027
9.85326,49.08523,33.05176,38.1589,90.69533,9.7215,-11.64166,-51.92955,-0.33044,-36.07169,-30.39605,-32.43896,-92.75231,-4.24726,-5.12831,26.01258,15.0112,0.27071,2,0,0,0,0,0,0,0,0,848.94462,838.0797,900,900,638.4467,809.79284,831.10797,900,583.69039,404.47719,0,0,0,0,0,0,1,0,1,0,7979,0,-3.98936243337563E+027
9.18035,47.79114,32.86642,37.68761,91.58236,10.61554,-10.73504,-51.3452,-0.54,-36.41604,-30.41714,-32.50893,-92.50827,-4.45513,-5.2547,26.08274,15.01261,0.26831,2.09524,0,0,0,0,0,0,0,0,847.90592,836.83645,900,900,626.42134,809.58787,830.15336,900,584.94444,403.62303,0,0,0,0,0,0,1,0,1,0,7979,0,-3.98936243337563E+027
8.5033,46.48777,32.74905,37.0495,92.45981,11.19825,-9.93843,-50.84161,-0.74073,-36.72277,-30.46877,-32.55425,-92.29992,-4.70901,-5.33942,26.0777,15.01391,0.26498,1.95238,0,0,0,0,0,0,0,0,845.25973,835.86516,900,900,610.81249,809.3957,829.66985,900,585.01411,402.23503,0,0,0,0,0,0,1,0,1,0,7979,0,-3.98936243337563E+027
7.79875,45.17049,32.65086,36.29622,93.28524,11.50718,-9.32066,-50.33803,-0.9078,-36.96542,-30.47438,-32.59584,-92.09648,-4.90276,-5.40749,26.10203,15.01709,0.26059,1.66667,0,0,0,0,0,0,0,0,841.97055,834.42765,900,900,599.09724,809.38289,829.32272,900,585.98948,402.23503,0,0,0,0,0,0,1,0,1,0,7979,0,-3.98936243337563E+027
7.19816,43.82389,32.60932,35.47003,93.93418,11.60814,-8.36776,-50.07044,-1.09053,-37.16618,-30.46393,-32.63938,-91.85217,-5.10686,-5.51937,26.12525,15.02287,0.25471,1.33333,0,0,0,0,0,0,0,0,840.47434,833.28801,900,900,593.44635,809.34445,829.47149,900,586.16365,404.26365,0,0,0,0,0,0,1,0,1,0,7979,0,-3.98936243337563E+027
6.62398,42.63654,32.78286,34.5772,94.59708,11.92467,-7.10837,-49.35436,-1.21985,-37.33317,-30.4676,-32.64148,-91.6991,-5.31553,-5.50942,26.06606,15.03012,0.247,1.04762,0,0,0,0,0,0,0,0,839.28726,832.53688,900,900,589.79395,809.49819,830.06657,900,584.31741,404.61955,0,0,0,0,0,0,1,0,1,0,7979,0,-3.98936243337563E+027
6.09541,41.40013,32.86039,33.76483,95.26843,12.36742,-5.46613,-48.70428,-1.29918,-37.41533,-30.49374,-32.59779,-91.63686,-5.44614,-5.37534,26.00785,15.0369,0.23762,0.90476,0,0,0,0,0,0,0,0,838.71845,832.00591,900,900,587.82992,809.57505,831.08318,900,586.12882,404.22806,0,0,0,0,0,0,1,0,1,0,7979,0,-3.98936243337563E+027
5.54577,40.39481,32.89149,32.95979,96.06247,13.02528,-4.08849,-47.72835,-1.31586,-37.38503,-30.5322,-32.52204,-91.60148,-5.53122,-5.34602,25.9446,15.04192,0.22739,1,0,0,0,0,0,0,0,0,838.5948,831.63034,900,900,577.94087,809.33164,830.62447,900,587.34803,405.93637,0,0,0,0,0,0,1,0,1,0,7979,0,-3.98936243337563E+027
5.15794,39.40661,32.81253,32.12506,96.75283,13.30921,-3.03284,-47.09012,-1.2679,-37.2861,-30.58649,-32.41917,-91.6439,-5.51687,-5.30313,25.89446,15.04511,0.21744,1,0,0,0,0,0,0,0,0,837.81578,830.65905,900,900,566.81138,809.0498,830.74844,900,587.90539,407.28878,0,0,0,0,0,0,1,0,1,0,7979,0,-3.98936243337563E+027
5.00347,38.41664,32.52245,31.42798,97.2353,13.30191,-2.38871,-47.03944,-1.19802,-37.11938,-30.60488,-32.34941,-91.6776,-5.44723,-5.29501,25.93179,15.04722,0.20853,1,0,0,0,0,0,0,0,0,836.60397,830.52955,900,900,557.23244,808.79357,830.81043,900,587.73122,408.2497,0,0,0,0,0,0,1,0,1,0,7979,0,-3.98936243337563E+027
5.06491,37.46596,32.01047,30.94846,97.48152,12.90531,-2.249,-47.74782,-1.17002,-36.9569,-30.6051,-32.33672,-91.62204,-5.45842,-5.44186,25.97049,15.04928,0.20058,1,0,0,0,0,0,0,0,0,836.12172,830.85331,900,900,546.72318,808.8192,830.83522,900,587.38287,410.06477,0,0,0,0,0,0,1,0,1,0,7979,0,-3.98936243337563E+027
5.24271,36.75976,31.69933,30.59877,97.60927,12.69345,-2.2307,-48.1664,-1.14533,-36.84174,-30.62198,-32.33685,-91.60978,-5.48603,-5.49073,25.95338,15.05214,0.19292,1,0,0,0,0,0,0,0,0,836.09699,830.40004,900,900,534.76673,809.03699,830.73604,900,584.73543,408.07175,0,0,0,0,0,0,1,0,1,0,7979,0,-3.98936243337563E+027
5.42008,36.18932,31.4359,30.23712,97.62283,12.27383,-2.53381,-48.60274,-1.13113,-36.7368,-30.65087,-32.33286,-91.61912,-5.46851,-5.46053,25.96265,15.05599,0.18497,1,0,0,0,0,0,0,0,0,835.57765,829.42875,900,900,523.77507,809.24196,830.53768,900,586.12882,407.2176,0,0,0,0,0,0,1,0,1,0,7979,0,-3.98936243337563E+027
5.62487,35.76118,31.31143,29.94602,97.37254,11.94501,-2.42516,-48.8324,-1.10069,-36.67029,-30.69157,-32.30654,-91.65501,-5.47733,-5.38371,25.88455,15.06,0.17671,1,0,0,0,0,0,0,0,0,835.3798,828.47041,900,900,509.95796,809.34445,830.48809,900,586.05915,406.29226,0,0,0,0,0,0,1,0,1,0,7979,0,-3.98936243337563E+027
5.83899,35.5677,31.40364,29.65162,97.0513,11.51269,-2.22769,-48.88448,-1.04015,-36.54492,-30.70558,-32.27112,-91.73667,-5.45718,-5.27914,25.85576,15.06273,0.16884,1,0,0,0,0,0,0,0,0,835.20669,827.16241,900,900,503.44566,809.31883,830.50049,900,584.9096,405.79401,0,0,0,0,0,0,1,0,1,0,7979,0,-3.98936243337563E+027
6.06049,35.53907,31.65594,29.46576,96.73106,11.41306,-1.70583,-48.6554,-0.94611,-36.41289,-30.69619,-32.21793,-91.84499,-5.52952,-5.10559,25.78738,15.06255,0.16256,1,0,0,0,0,0,0,0,0,834.55132,826.94225,900,900,492.86748,809.25477,830.40131,900,586.86035,405.50929,0,0,0,0,0,0,1,0,1,0,7979,0,-3.98936243337563E+027
6.25836,35.64899,31.96801,29.44232,96.59417,11.39687,-1.25683,-48.30205,-0.86249,-36.24651,-30.71696,-32.13906,-91.9038,-5.62922,-5.084,25.69585,15.05801,0.15882,1,0,0,0,0,0,0,0,0,835.42926,827.26602,900,900,482.46158,809.24196,830.30213,900,589.47295,403.97893,0,0,0,0,0,0,1,0,1,0,7979,0,-3.98936243337563E+027
6.40613,35.91442,32.45162,29.3985,96.67009,11.56074,-0.87732,-47.58117,-0.78659,-36.07427,-30.76532,-32.04468,-91.95147,-5.72539,-5.0819,25.5457,15.04831,0.15775,1.09524,0,0,0,0,0,0,0,0,836.27011,826.89045,900,900,472.84818,809.13947,830.4261,900,588.67175,403.83657,0,0,0,0,0,0,1,0,1,0,7979,0,-3.98936243337563E+027
6.47072,36.17461,32.96669,29.20278,96.91391,11.71371,-0.7296,-46.69227,-0.73976,-35.88528,-30.82532,-31.9597,-91.96314,-5.79011,-5.17563,25.39583,15.03362,0.15859,0.95238,0,0,0,0,0,0,0,0,836.13409,826.37243,900,900,464.50968,809.08823,830.52528,900,586.33783,403.48067,0,0,0,0,0,0,1,0,1,0,7979,0,-3.98936243337563E+027
6.45539,36.21046,33.23449,28.98908,97.16308,11.97771,-0.35022,-45.98041,-0.71815,-35.73914,-30.86362,-31.88349,-91.95044,-5.79365,-5.24106,25.2272,15.01485,0.15986,0.66667,0,0,0,0,0,0,0,0,836.28247,825.84146,900,900,460.99511,809.06261,830.73604,900,586.05915,405.40252,0,0,0,0,0,0,1,0,1,0,7979,0,-3.98936243337563E+027
6.38867,36.22895,33.37929,28.66465,97.44266,11.9233,-0.26577,-45.47275,-0.73545,-35.58755,-30.84961,-31.84111,-91.88237,-5.70926,-5.33057,25.13896,14.99347,0.15994,0.33333,0,0,0,0,0,0,0,0,835.81259,825.40114,900,900,460.30597,809.17791,830.72365,900,584.77026,405.50929,0,0,0,0,0,0,1,0,1,0,7979,0,-3.98936243337563E+027
6.34858,36.09394,33.32777,28.37769,97.5781,11.80133,-0.2167,-45.30421,-0.75666,-35.49214,-30.78806,-31.81738,-91.83757,-5.69185,-5.30368,25.0309,14.97136,0.15779,0.04762,0,0,0,0,0,0,0,0,834.55132,825.46589,900,900,453.03563,809.31883,830.62447,900,586.54683,406.04313,0,0,0,0,0,0,1,0,1,0,7979,0,-3.98936243337563E+027
6.37412,35.91378,33.24113,28.20342,97.61498,11.70907,0.07056,-45.2579,-0.79573,-35.41899,-30.73068,-31.79216,-91.80553,-5.60327,-5.27284,24.97284,14.95059,0.15313,-0.09524,0,0,0,0,0,0,0,0,834.66261,825.72491,900,900,448.10833,809.34445,830.33932,900,588.56725,404.26365,0,0,0,0,0,0,1,0,1,0,7979,0,-3.98936243337563E+027
6.40411,35.75225,33.1455,28.08031,97.65311,11.6057,0.24497,-45.33135,-0.82887,-35.36627,-30.67559,-31.77142,-91.80703,-5.55832,-5.17584,24.89259,14.93326,0.1464,0,0,0,0,0,0,0,0,0,834.29165,825.75081,900,900,445.73083,809.37008,830.53768,900,586.12882,404.05011,0,0,0,0,0,0,1,0,1,0,7979,0,-3.98936243337563E+027
6.45324,35.60211,33.09036,28.06388,97.64169,11.62021,0.4955,-45.37971,-0.84971,-35.28709,-30.617,-31.7693,-91.84012,-5.51675,-5.09667,24.87634,14.92099,0.13853,0,0,0,0,0,0,0,0,0,834.14327,825.6731,900,900,443.69788,809.3957,830.55008,900,580.34626,402.76888,0,0,0,0,0,0,1,0,1,0,7979,0,-3.98936243337563E+027
6.49475,35.474,33.0409,28.11876,97.61348,11.65619,0.74225,-45.49836,-0.85772,-35.20821,-30.56038,-31.77579,-91.88205,-5.49701,-5.02153,24.92044,14.9143,0.13067,0,0,0,0,0,0,0,0,0,834.89755,825.46589,900,900,444.3181,809.25478,830.67406,900,582.1925,403.87216,0,0,0,0,0,0,1,0,1,0,7979,0,-3.98936243337563E+027
6.54936,35.45513,33.13536,28.14412,97.55493,11.49627,0.94629,-45.57282,-0.84947,-35.14551,-30.5173,-31.77982,-91.90382,-5.45933,-4.94064,24.99015,14.91231,0.12373,0,0,0,0,0,0,0,0,0,835.97334,825.36229,900,900,441.66494,809.34445,830.55008,900,583.51622,404.40601,0,0,0,0,0,0,1,0,1,0,7979,0,-3.98936243337563E+027
6.55076,35.44173,33.23532,28.2084,97.54098,11.55319,1.2537,-45.54646,-0.82822,-35.0977,-30.50763,-31.79377,-91.92372,-5.48422,-4.88434,25.02644,14.91302,0.11828,0,0,0,0,0,0,0,0,0,833.4879,825.47885,900,900,438.8395,809.20353,830.53768,900,585.15345,405.50929,0,0,0,0,0,0,1,0,1,0,7979,0,-3.98936243337563E+027
6.48202,35.49146,33.35156,28.26798,97.60574,11.70676,1.65225,-45.35875,-0.7967,-35.06298,-30.52519,-31.81174,-91.93267,-5.48673,-4.90718,25.05376,14.91421,0.1145,0,0,0,0,0,0,0,0,0,832.16481,825.5177,900,900,434.80808,809.08823,830.38891,900,586.54684,406.43462,0,0,0,0,0,0,1,0,1,0,7979,0,-3.98936243337563E+027
6.35255,35.56738,33.44156,28.27988,97.77609,11.88721,1.86078,-45.13394,-0.77624,-35.05074,-30.56862,-31.82822,-91.92261,-5.50148,-4.99556,25.02799,14.91422,0.11229,0,0,0,0,0,0,0,0,0,831.92986,825.699,900,900,432.25829,809.13948,830.72365,900,587.80088,406.54139,0,0,0,0,0,0,1,0,1,0,7979,0,-3.98936243337563E+027
6.22828,35.6182,33.46813,28.28751,97.92139,12.03034,1.96961,-44.94266,-0.74518,-35.04284,-30.60264,-31.82936,-91.93481,-5.44485,-5.04182,25.01286,14.91183,0.11148,0,0,0,0,0,0,0,0,0,830.71806,825.28459,900,900,430.63883,809.10104,830.36412,900,585.64113,405.18898,0,0,0,0,0,0,1,0,1,0,7979,0,-3.98936243337563E+027
6.15886,35.62432,33.45114,28.2871,98.00647,12.09745,2.03027,-44.87251,-0.7398,-34.99066,-30.59187,-31.86153,-91.92147,-5.43184,-5.13366,25.06443,14.90621,0.1119,0,0,0,0,0,0,0,0,0,831.36106,824.19674,900,900,430.84557,809.08823,830.01698,900,587.52221,404.15688,0,0,0,0,0,0,1,0,1,0,7979,0,-3.98936243337563E+027
6.15038,35.63231,33.47577,28.24541,98.04714,12.07311,2.04268,-44.8228,-0.72681,-34.96881,-30.55729,-31.8839,-91.95242,-5.40487,-5.07723,25.11488,14.89685,0.11338,0,0,0,0,0,0,0,0,0,832.65942,823.56217,900,900,429.77741,809.35726,829.54588,900,588.04473,404.51278,0,0,0,0,0,0,1,0,1,0,7979,0,-3.98936243337563E+027
6.16864,35.576,33.44919,28.22807,98.06142,12.11409,2.15022,-44.84422,-0.7203,-34.94791,-30.54354,-31.89828,-91.98979,-5.42829,-5.003,25.12598,14.88359,0.11575,0,0,0,0,0,0,0,0,0,832.5234,823.083,900,900,429.7085,809.30602,829.50868,900,587.17386,404.79749,0,0,0,0,0,0,1,0,1,0,7979,0,-3.98936243337563E+027
6.18356,35.5431,33.44149,28.17162,98.06426,12.05944,2.17402,-44.8662,-0.71079,-34.94311,-30.54306,-31.905,-92.04156,-5.45412,-4.96303,25.12436,14.8669,0.11879,0,0,0,0,0,0,0,0,0,827.75037,822.37072,900,900,429.2261,809.35726,829.84342,900,585.25795,404.79749,0,0,0,0,0,0,1,0,1,0,7979,0,-3.98936243337563E+027
6.21044,35.51098,33.42846,28.11723,98.03892,11.97462,2.16409,-44.90642,-0.69883,-34.94005,-30.56747,-31.89521,-92.09737,-5.49159,-4.92588,25.09236,14.84778,0.12233,0,0,0,0,0,0,0,0,0,828.44283,821.8786,900,900,429.36393,809.07542,830.24014,900,586.09398,404.58396,0,0,0,0,0,0,1,0,1,0,7979,0,-3.98936243337563E+027
6.24037,35.52067,33.42573,28.06973,98.02251,11.98627,2.12225,-44.85982,-0.67,-34.90926,-30.5703,-31.88961,-92.13239,-5.4841,-4.91459,25.10361,14.8273,0.12625,-0.09524,0,0,0,0,0,0,0,0,831.67019,820.92026,900,900,429.36393,809.26759,830.22774,900,584.52642,404.33483,0,0,0,0,0,0,1,0,1,0,7979,0,-3.98936243337563E+027
6.26569,35.52428,33.39397,28.03213,98.01312,11.95144,2.07738,-44.87645,-0.65467,-34.87822,-30.56648,-31.89924,-92.12836,-5.45899,-4.94777,25.13259,14.80658,0.13032,0.04762,0,0,0,0,0,0,0,0,835.46636,819.71587,900,900,429.91524,809.47256,830.38891,900,586.30299,404.61955,0,0,0,0,0,0,1,0,1,0,7979,0,-3.98936243337563E+027
6.27757,35.56805,33.3798,28.00263,98.0396,11.99687,1.99812,-44.83933,-0.62846,-34.86322,-30.55578,-31.90787,-92.1453,-5.45215,-4.9042,25.14455,14.78706,0.13397,0.42857,0,0,0,0,0,0,0,0,837.80342,819.30145,900,900,430.39763,809.66473,830.35172,900,586.72101,405.04662,0,0,0,0,0,0,1,0,1,0,7979,0,-3.98936243337563E+027
6.28371,35.58564,33.35106,28.00092,98.06653,12.03953,1.99619,-44.85293,-0.60881,-34.84865,-30.55615,-31.91698,-92.15746,-5.50003,-4.89026,25.12425,14.77052,0.13648,0.61905,0,0,0,0,0,0,0,0,837.70449,819.2626,900,900,429.88078,809.63911,830.35172,900,582.22733,405.29575,0,0,0,0,0,0,1,0,1,0,7979,0,-3.98936243337563E+027
6.2743,35.59451,33.34931,27.99291,98.08454,12.04629,2.02211,-44.87118,-0.5913,-34.86811,-30.55949,-31.90844,-92.19641,-5.53856,-4.83686,25.09229,14.75867,0.1373,0.61905,0,0,0,0,0,0,0,0,830.89117,819.10719,900,900,431.39687,809.61349,830.58727,900,587.13903,405.43811,0,0,0,0,0,0,1,0,1,0,7979,0,-3.98936243337563E+027
6.26285,35.58318,33.32869,28.02486,98.08933,12.11858,2.09073,-44.89613,-0.57846,-34.88015,-30.57966,-31.87586,-92.23857,-5.57762,-4.76336,25.04428,14.75231,0.13622,0.42857,0,0,0,0,0,0,0,0,827.97294,819.17194,900,900,432.77514,808.98574,830.48809,900,590.65733,405.15339,0,0,0,0,0,0,1,0,1,0,7979,0,-3.98936243337563E+027
6.25523,35.60751,33.3586,28.04368,98.10064,12.18016,2.1515,-44.8473,-0.56678,-34.84784,-30.56421,-31.85762,-92.25632,-5.61465,-4.74136,25.05273,14.75063,0.13341,0.04762,0,0,0,0,0,0,0,0,828.93744,819.06834,900,900,430.91448,809.17791,830.16576,900,591.84171,405.26016,0,0,0,0,0,0,1,0,1,0,7979,0,-3.98936243337563E+027
6.22925,35.64951,33.42744,28.01106,98.13632,12.16336,2.11832,-44.7508,-0.56242,-34.83923,-30.55099,-31.83756,-92.27342,-5.66084,-4.69433,25.03502,14.75147,0.12911,-0.09524,0,0,0,0,0,0,0,0,829.72883,818.96474,900,900,429.53621,808.78076,830.15336,900,589.85613,403.83657,0,0,0,0,0,0,1,0,1,0,7979,0,-3.98936243337563E+027
6.19559,35.63606,33.44919,28.00547,98.17984,12.25659,2.16446,-44.66869,-0.55131,-34.82899,-30.53725,-31.80594,-92.2906,-5.64116,-4.62237,25.05018,14.75255,0.1236,0,0,0,0,0,0,0,0,0,830.77988,819.05539,900,900,428.12349,808.55016,830.05418,900,585.81531,402.87565,0,0,0,0,0,0,1,0,1,0,7979,0,-3.98936243337563E+027
6.14787,35.63689,33.4438,27.99538,98.23789,12.29321,2.11888,-44.62507,-0.54967,-34.8174,-30.53891,-31.7815,-92.29716,-5.67179,-4.58655,25.0489,14.75265,0.11735,0,0,0,0,0,0,0,0,0,831.02719,818.99064,900,900,427.50327,808.48611,829.89301,900,580.41593,402.44857,0,0,0,0,0,0,1,0,1,0,7979,0,-3.98936243337563E+027
6.12444,35.60182,33.41131,28.01841,98.24878,12.35799,2.14954,-44.63644,-0.55461,-34.79652,-30.54587,-31.75635,-92.28849,-5.63528,-4.61672,25.09456,14.75186,0.11092,0,0,0,0,0,0,0,0,0,831.9175,818.97769,900,900,429.29502,808.72952,830.04178,900,584.38708,403.30273,0,0,0,0,0,0,1,0,1,0,7979,0,-3.98936243337563E+027
6.12319,35.56393,33.37652,28.05961,98.2287,12.41383,2.20014,-44.68037,-0.56219,-34.78905,-30.56726,-31.72561,-92.27167,-5.57884,-4.63643,25.12661,14.7511,0.10485,0,0,0,0,0,0,0,0,0,830.9901,819.13309,900,900,431.15568,808.8192,830.31453,900,586.26816,403.19596,0,0,0,0,0,0,1,0,1,0,7979,0,-3.98936243337563E+027
6.12766,35.53817,33.37583,28.08836,98.20473,12.43338,2.24915,-44.70643,-0.57321,-34.7772,-30.56667,-31.71513,-92.23592,-5.53067,-4.68252,25.16621,14.75152,0.09966,0,0,0,0,0,0,0,0,0,832.14007,819.18489,900,900,431.15568,808.94731,830.55008,900,586.68617,403.42729,0,0,0,0,0,0,1,0,1,0,7979,0,-3.98936243337563E+027
6.14589,35.51861,33.3969,28.11506,98.16354,12.41976,2.3023,-44.73598,-0.58702,-34.76337,-30.5554,-31.71634,-92.18543,-5.47581,-4.7482,25.21403,14.7526,0.09506,0,0,0,0,0,0,0,0,0,834.10617,819.20432,900,900,429.96692,809.12026,830.81043,900,586.37266,403.69421,0,0,0,0,0,0,1,0,1,0,7979,0,-3.98936243337563E+027
6.17786,35.50525,33.43974,28.13972,98.10513,12.37298,2.35961,-44.76901,-0.6036,-34.74756,-30.53343,-31.72925,-92.12019,-5.41428,-4.83348,25.27007,14.75433,0.09106,0,0,0,0,0,0,0,0,0,836.88838,819.19137,900,900,427.58942,809.33805,831.09557,900,585.32762,403.99673,0,0,0,0,0,0,1,0,1,0,7979,0,-3.98936243337563E+027
6.17786,35.50525,33.43974,28.13972,98.10513,12.37298,2.35961,-44.76901,-0.6036,-34.74756,-30.53343,-31.72925,-92.12019,-5.41428,-4.83348,25.27007,14.75433,0.09106,0,0,0,0,0,0,0,0,0,836.88838,819.19137,900,900,427.58942,809.33805,831.09557,900,585.32762,403.99673,0,0,0,0,0,0,1,0,1,0,7979,0,-3.98936243337563E+027
6.13432,35.25536,33.46715,28.75909,97.90326,12.31097,2.80723,-43.467,-1.0492,-34.5207,-30.87315,-32.29641,-92.29111,-5.41564,-4.78832,24.57862,14.7776,0.08689,-1,1,0,0,0,0,0,0,0,836.33357,818.03605,900,886.28109,407.71629,807.708,828.58865,900,569.47874,385.7954,0,0,0,0,0,0,1,0,1,0,7979,0,-3.98936230530323E+027
6.09078,35.00546,33.49456,29.37845,97.70138,12.24895,3.25484,-42.16498,-1.49479,-34.29383,-31.21287,-32.86357,-92.46203,-5.41699,-4.74316,23.88717,14.80087,0.08273,-1,1,0,0,0,0,0,0,0,835.77875,816.88073,900,872.56217,387.84317,806.07795,826.08173,900,553.62987,367.59406,0,0,0,0,0,0,1,0,1,0,7979,0,-3.98936217723083E+027
6.04724,34.75557,33.52197,29.99782,97.49951,12.18694,3.70246,-40.86297,-1.94039,-34.06697,-31.55259,-33.43073,-92.63295,-5.41835,-4.69799,23.19572,14.82414,0.07856,-1,1,0,0,0,0,0,0,0,835.22394,815.7254,900,858.84326,367.97004,804.4479,823.57482,900,537.78099,349.39273,0,0,0,0,0,0,1,0,1,0,7979,0,-3.98936204915843E+027
6.0037,34.50568,33.54938,30.61719,97.29763,12.12492,4.15008,-39.56095,-2.38599,-33.84011,-31.89231,-33.99789,-92.80387,-5.41971,-4.65283,22.50426,14.84741,0.07439,-1,2,0,0,0,0,0,0,0,834.66912,814.57008,900,845.12435,348.09691,802.81785,821.0679,900,521.93212,331.1914,0,0,0,0,0,0,1,0,1,0,7979,0,-3.98936192108602E+027
5.96016,34.25578,33.5768,31.23656,97.09576,12.06291,4.59769,-38.25894,-2.83159,-33.61324,-32.23203,-34.56505,-92.97478,-5.42107,-4.60767,21.81281,14.87068,0.07023,-1,2,0,0,0,0,0,0,0,834.11431,813.41476,900,831.40544,328.22378,801.1878,818.56098,900,506.08324,312.99006,0,0,0,0,0,0,1,0,1,0,7979,0,-3.98936179301362E+027
5.91662,34.00589,33.60421,31.85592,96.89388,12.00089,5.04531,-36.95692,-3.27718,-33.38638,-32.57175,-35.13221,-93.1457,-5.42242,-4.56251,21.12136,14.89395,0.06606,-1,2,0,0,0,0,0,0,0,833.55949,812.25944,900,817.68652,308.35066,799.55775,816.05406,900,490.23437,294.78873,0,0,0,0,0,0,1,0,1,0,7979,0,-3.98936166494122E+027
5.87308,33.75599,33.63162,32.47529,96.69201,11.93888,5.49293,-35.65491,-3.72278,-33.15952,-32.91147,-35.69937,-93.31662,-5.42378,-4.51735,20.42991,14.91722,0.0619,-1,3,0,0,0,0,0,0,0,833.00468,811.10412,900,803.96761,288.47753,797.9277,813.54714,900,474.38549,276.5874,0,0,0,0,0,0,1,0,1,0,7979,0,-3.98936153686882E+027
5.82954,33.5061,33.65903,33.09466,96.49013,11.87686,5.94054,-34.35289,-4.16838,-32.93265,-33.25119,-36.26653,-93.48754,-5.42514,-4.47218,19.73846,14.94049,0.05773,-1,3,0,0,0,0,0,0,0,832.44986,809.94879,900,790.2487,268.6044,796.29765,811.04023,900,458.53661,258.38606,0,0,0,0,0,0,1,0,1,0,7979,0,-3.98936140879642E+027
5.786,33.25621,33.68644,33.71403,96.28826,11.81485,6.38816,-33.05088,-4.61398,-32.70579,-33.59091,-36.83369,-93.65846,-5.4265,-4.42702,19.04701,14.96376,0.05356,-2,3,0,0,0,0,0,0,0,831.89505,808.79347,900,776.52979,248.73127,794.6676,808.53331,900,442.68774,240.18473,0,0,0,0,0,0,1,0,1,0,7979,0,-3.98936128072402E+027
5.74247,33.00631,33.71385,34.33339,96.08638,11.75283,6.83578,-31.74886,-5.05957,-32.47893,-33.93062,-37.40085,-93.82938,-5.42785,-4.38186,18.35555,14.98704,0.0494,-2,4,0,0,0,0,0,0,0,831.34023,807.63815,900,762.81087,228.85815,793.03754,806.02639,900,426.83886,221.9834,0,0,0,0,0,0,1,0,1,0,7979,0,-3.98936115265161E+027
5.69893,32.75642,33.74126,34.95276,95.88451,11.69082,7.2834,-30.44685,-5.50517,-32.25207,-34.27034,-37.96801,-94.0003,-5.42921,-4.3367,17.6641,15.01031,0.04523,-2,4,0,0,0,0,0,0,0,830.78542,806.48283,900,749.09196,208.98502,791.40749,803.51947,900,410.98999,203.78207,0,0,0,0,0,0,1,0,1,0,7979,0,-3.98936102457921E+027
5.65539,32.50653,33.76867,35.57213,95.68263,11.6288,7.73101,-29.14483,-5.95077,-32.0252,-34.61006,-38.53517,-94.17122,-5.43057,-4.29153,16.97265,15.03358,0.04106,-2,4,0,0,0,0,0,0,0,830.2306,805.3275,900,735.37305,189.11189,789.77744,801.01256,900,395.14111,185.58073,0,0,0,0,0,0,1,0,1,0,7979,0,-3.98936089650681E+027
5.61185,32.25663,33.79608,36.1915,95.48076,11.56679,8.17863,-27.84282,-6.39637,-31.79834,-34.94978,-39.10233,-94.34214,-5.43193,-4.24637,16.2812,15.05685,0.0369,-2,4,0,0,0,0,0,0,0,829.67579,804.17218,900,721.65414,169.23876,788.14739,798.50564,900,379.29223,167.3794,0,0,0,0,0,0,1,0,1,0,7979,0,-3.98936076843441E+027
5.56831,32.00674,33.82349,36.81086,95.27888,11.50477,8.62625,-26.5408,-6.84196,-31.57148,-35.2895,-39.66949,-94.51306,-5.43328,-4.20121,15.58975,15.08012,0.03273,-2,5,0,0,0,0,0,0,0,829.12097,803.01686,900,707.93522,149.36564,786.51734,795.99872,900,363.44336,149.17807,0,0,0,0,0,0,1,0,1,0,7979,0,-3.98936064036201E+027
5.52477,31.75684,33.85091,37.43023,95.07701,11.44276,9.07386,-25.23879,-7.28756,-31.34461,-35.62922,-40.23665,-94.68397,-5.43464,-4.15605,14.8983,15.10339,0.02857,-2,5,0,0,0,0,0,0,0,828.56616,801.86154,900,694.21631,129.49251,784.88729,793.4918,900,347.59448,130.97673,0,0,0,0,0,0,1,0,1,0,7979,0,-3.98936051228961E+027
5.48123,31.50695,33.87832,38.0496,94.87513,11.38074,9.52148,-23.93677,-7.73316,-31.11775,-35.96894,-40.80381,-94.85489,-5.436,-4.11089,14.20684,15.12666,0.0244,-2,5,0,0,0,0,0,0,0,828.01134,800.70622,900,680.4974,109.61938,783.25724,790.98488,900,331.74561,112.7754,0,0,0,0,0,0,1,0,1,0,7979,0,-3.9893603842172E+027
5.43769,31.25706,33.90573,38.66897,94.67326,11.31873,9.9691,-22.63476,-8.17876,-30.89089,-36.30866,-41.37097,-95.02581,-5.43736,-4.06572,13.51539,15.14993,0.02023,-2,5,0,0,0,0,0,0,0,827.45653,799.55089,900,666.77849,89.74625,781.62719,788.47797,900,315.89673,94.57407,0,0,0,0,0,0,1,0,1,0,7979,0,-3.9893602561448E+027
5.39415,31.00716,33.93314,39.28833,94.47138,11.25671,10.41671,-21.33274,-8.62435,-30.66402,-36.64838,-41.93813,-95.19673,-5.43871,-4.02056,12.82394,15.1732,0.01607,-2,6,0,0,0,0,0,0,0,826.90171,798.39557,900,653.05957,69.87313,779.99714,785.97105,900,300.04786,76.37273,0,0,0,0,0,0,1,0,1,0,7979,0,-3.9893601280724E+027
5.35061,30.75727,33.96055,39.9077,94.26951,11.1947,10.86433,-20.03073,-9.06995,-30.43716,-36.9881,-42.50529,-95.36765,-5.44007,-3.9754,12.13249,15.19647,0.0119,-3,6,0,0,0,0,0,0,0,826.3469,797.24025,900,639.34066,50,778.36709,783.46413,900,284.19898,58.1714,0,0,0,0,0,0,1,0,1,0,7979,0,-3.98936E+027
