Average operating time,Desired Position Motor #1,Present Position Motor #1,Desired Position Motor #2,Present Position Motor #2
21046,0,0.149187,0,0.192
26507,0,0.149187,0,0.192
28331.3,0,0.149187,0,0.192
29240.8,0,0.149187,0,0.192
29787.2,0,0.149187,0,0.192
30152.3,0,0.149187,0,0.192
30413.4,0,0.149187,0,0.192
30608.6,0,0.149187,0,0.192
30760,0,0.149187,0,0.192
30881.8,0,0.149187,0,0.192
30980.8,0,0.149187,0,0.192
31080.9,0,0.149187,0,0.192
31133.8,0,0.149187,0,0.192
31193.6,0,0.149187,0,0.192
31245.5,0,0.149187,0,0.192
31290.7,0,0.149187,0,0.192
31331.1,0,0.149187,0,0.192
31364.9,0,0.149187,0,0.192
31398.7,0,0.149187,0,0.192
31427.3,0,0.149187,0,0.192
31453.4,0,0.149187,0,0.192
31476.8,0,0.149187,0,0.192
31498.3,0,0.149187,0,0.192
31519,0,0.149187,0,0.192
31543.7,0,0.149187,0,0.192
31554,0,0.149187,0,0.192
31569.5,0,0.149187,0,0.192
31583.9,0,0.149187,0,0.192
31597.8,0,0.149187,0,0.192
31610.6,0,0.149187,0,0.192
31622.2,0,0.149187,0,0.192
31633.8,0,0.149187,0,0.192
31644.1,0,0.149187,0,0.192
31658.1,0,0.149187,0,0.192
31662.1,0,0.149187,0,0.192
31670.8,0,0.149187,0,0.192
31684.4,0,0.149187,0,0.192
31686.7,0,0.149187,0,0.192
31694.3,0,0.149187,0,0.192
31701.2,0,0.149187,0,0.192
31707.8,0,0.149187,0,0.192
31713.2,0,0.149187,0,0.192
31720.5,0,0.149187,0,0.192
31724.5,0,0.149187,0,0.192
31729.9,0,0.149187,0,0.192
31736.5,0,0.149187,0,0.192
31740.2,0,0.149187,0,0.192
31746.2,0,0.149187,0,0.192
31748.4,0,0.149187,180,0.192
31752.9,0,0.144166,180,0.260741
31756,0,0.144166,180,0.57837
31759.8,11.3016,0.144166,179.644,1.64504
31763.5,11.3016,0.144166,179.644,3.47496
31767.4,11.3016,0.237407,179.644,5.96978
31770.7,22.5594,0.646953,178.58,9.20889
31774.3,22.5594,1.42158,178.58,13.0655
31777.9,22.5594,2.64734,178.58,17.3476
31781.1,22.5594,4.4132,178.58,22.029
31784.1,33.7283,6.68972,176.811,26.995
31787.2,33.7283,8.99638,176.811,32.1884
31790.2,33.7283,11.5914,176.811,37.6344
31792.8,44.7638,14.583,174.344,43.2782
31798.9,44.7638,17.4218,174.344,49.0121
31798.4,44.7638,20.5131,174.344,54.8385
31800.7,55.6229,23.8792,171.189,60.6933
31803.2,55.6229,27.0594,171.189,66.7615
31805.9,55.6229,30.4233,171.189,72.8308
31808.2,66.2618,33.8739,167.359,79.0447
31810.7,66.2618,37.3124,167.359,85.0157
31813.1,66.2618,40.786,167.359,91.2225
31814.7,76.6403,44.5035,162.868,97.2575
31819.9,76.6403,47.876,162.868,103.447
31822.6,76.6403,51.4299,162.868,109.728
31820.8,86.7154,55.0979,157.735,116.005
31822.9,86.7154,58.4818,157.735,122.196
31824.9,86.7154,61.9641,157.735,127.886
31826.4,96.4484,65.6026,151.979,133.244
31828.3,96.4484,68.9184,151.979,137.919
31830.3,96.4484,72.3799,151.979,141.848
31831.9,105.801,75.88,145.623,144.846
31833.8,105.801,79.2647,145.623,146.921
31835.3,105.801,82.64,145.623,148.005
31837.7,105.801,86.0577,145.623,148.136
31838.3,114.736,89.4158,138.692,147.887
31840,114.736,92.3508,138.692,147.226
31844.7,114.736,95.285,138.692,145.999
31843.1,123.218,98.3118,131.214,144.622
31844.7,123.218,101.097,131.214,143.163
31846.1,123.218,103.941,131.214,141.42
31847.3,131.214,106.846,123.218,139.552
31848.6,131.214,109.672,123.218,137.675
31850,131.214,112.492,123.218,135.553
31851.2,138.692,115.385,114.735,133.308
31852.4,138.692,118.153,114.735,131.091
31853.4,138.692,120.93,114.735,128.567
31854.8,145.623,123.753,105.8,126.078
31855.6,145.623,126.401,105.8,123.571
31858.4,145.623,129.079,105.8,120.877
31857.2,151.979,131.853,96.448,118.177
31858.4,151.979,134.284,96.448,115.532
31859,151.979,136.794,96.448,112.717
31859.9,157.735,139.307,86.7153,109.833
31864.1,157.735,141.645,86.7153,107.028
31862.1,157.735,144.063,86.7153,103.96
31863.2,157.735,146.313,86.7153,100.923
31863.4,162.869,148.431,76.64,98.1819
31864.7,162.869,150.311,76.64,95.6859
31865.7,162.869,152.077,76.64,93.0679
31866.5,167.359,153.862,66.2613,90.3123
31867.5,167.359,155.597,66.2613,87.507
31868.5,167.359,157.375,66.2613,84.4243
31869.2,171.19,159.153,55.6219,81.3108
31870.2,171.19,160.765,55.6219,78.2127
31871.2,171.19,162.36,55.6219,74.9049
31871.9,174.345,163.985,44.7633,71.5579
31872.7,174.345,165.461,44.7633,68.2868
31873.6,174.345,166.901,44.7633,64.845
31874.1,176.811,168.293,33.728,61.408
31874.9,176.811,169.528,33.728,58.0314
31875.8,176.811,170.738,33.728,54.4604
31876.2,178.581,171.925,22.5588,50.9049
31877,178.581,172.937,22.5588,47.4228
31877.8,178.581,173.884,22.5588,43.7061
31878.4,179.644,174.796,11.3019,40.0474
31879.2,179.644,175.542,11.3019,36.5025
31879.9,179.644,176.278,11.3019,32.7953
31880.4,180,176.97,0,29.1686
31881.1,180,177.5,0,25.6071
31881.8,180,177.998,0,21.8394
31882.5,180,178.399,0,18.131
31883.1,179.644,178.71,-11.3019,14.6596
31883.6,179.644,178.938,-11.3019,11.5461
31884.3,179.644,179.067,-11.3019,8.3437
31884.8,178.581,179.168,-22.5588,5.08444
31885.5,178.581,179.235,-22.5588,1.76711
31886.2,178.581,179.2,-22.5588,-1.72681
31886.6,176.811,179.086,-33.728,-5.24326
31887.2,176.811,178.982,-33.728,-8.7123
31887.8,176.811,178.752,-33.728,-12.4065
31888.3,174.345,178.381,-44.7633,-16.0403
31888.9,174.345,178.033,-44.7633,-19.5864
31889.4,174.345,177.635,-44.7633,-23.3742
31889.6,171.19,177.084,-55.6219,-27.0424
31890,171.19,176.483,-55.6219,-30.5683
31890.6,171.19,175.78,-55.6219,-34.2945
31891.1,167.359,174.976,-66.2613,-37.952
31891.7,167.359,174.159,-66.2613,-41.4756
31892.8,167.359,173.294,-66.2613,-45.1615
31893.1,162.869,172.273,-76.64,-48.787
31893.3,162.869,171.269,-76.64,-52.2951
31894.2,162.869,170.177,-76.64,-56.0119
31894.1,157.735,168.944,-86.7153,-59.5496
31894.6,157.735,167.737,-86.7153,-63.0151
31895.5,157.735,166.442,-86.7153,-66.611
31895.7,157.735,164.999,-86.7153,-70.1416
31896,151.979,163.62,-96.448,-73.3179
31896.8,151.979,162.411,-96.448,-76.1944
31897.1,151.979,161.245,-96.448,-79.1253
31898.5,145.623,159.914,-105.8,-82.1203
31898,145.623,158.455,-105.8,-85.0904
31898.9,145.623,156.855,-105.8,-88.2702
31898.9,138.692,155.089,-114.735,-91.3778
31899.5,138.692,153.343,-114.735,-94.4249
31899.8,138.692,151.495,-114.735,-97.5941
31900.1,131.214,149.496,-123.218,-100.661
31902.1,131.214,147.523,-123.218,-103.639
31900.9,131.214,145.485,-123.218,-106.674
31901.5,123.218,143.284,-131.214,-109.698
31902.1,123.218,141.123,-131.214,-112.569
31901.9,123.218,138.897,-131.214,-115.563
31902.2,114.736,136.525,-138.692,-118.463
31902.4,114.736,134.167,-138.692,-121.22
31902.8,114.736,131.768,-138.692,-124.07
31903.1,105.801,129.244,-145.623,-126.803
31903.5,105.801,126.72,-145.623,-129.387
31904.3,105.801,124.172,-145.623,-132.081
31904.5,96.4484,121.484,-151.979,-134.638
31904.5,96.4484,118.824,-151.979,-137.022
31905.2,96.4484,116.127,-151.979,-139.538
31905.2,96.4484,113.281,-151.979,-141.916
31905.5,86.7154,110.514,-157.735,-143.89
31906.3,86.7154,107.917,-157.735,-145.542
31906.3,86.7154,105.348,-157.735,-147.294
31906.6,76.6403,102.695,-162.868,-149.177
31907,76.6403,100.017,-162.868,-151.115
31907.6,76.6403,97.2617,-162.868,-153.212
31907.5,66.2618,94.3734,-167.359,-155.058
31907.9,66.2618,91.4642,-167.359,-156.788
31908.5,66.2618,88.5099,-167.359,-158.635
31908.4,55.6229,85.4021,-171.189,-160.367
31908.8,55.6229,82.3194,-171.189,-161.959
31909.5,55.6229,79.1743,-171.189,-163.612
31909.3,44.7638,75.8771,-174.344,-165.106
31909.7,44.7638,72.6366,-174.344,-166.388
31910.8,44.7638,69.3387,-174.344,-167.802
31910.5,33.7283,65.9505,-176.811,-169.089
31910.9,33.7283,62.5543,-176.811,-170.267
31910.8,33.7283,59.1388,-176.811,-171.473
31911.2,22.5594,55.6136,-178.58,-172.537
31911.2,22.5594,52.1844,-178.58,-173.44
31911.6,22.5594,48.6743,-178.58,-174.417
31911.9,22.5594,45.0744,-178.58,-175.214
31912.2,11.3016,41.5822,-179.644,-175.851
31913.1,11.3016,38.2785,-179.644,-176.503
31912.8,11.3016,35.0359,-179.644,-177.18
31913.1,0,31.6978,-180,-177.634
31914.2,0,28.4344,-180,-178.063
31913.7,0,25.0942,-180,-178.426
31913.9,-11.3016,21.6557,-179.644,-178.737
31914.5,-11.3016,18.2208,-179.644,-178.905
31914.8,-11.3016,14.7558,-179.644,-179.014
31914.8,-22.5594,11.1682,-178.58,-179.123
31915.9,-22.5594,7.6788,-178.58,-179.136
31915.4,-22.5594,4.08828,-178.58,-179.099
31915.8,-33.7283,0.464773,-176.811,-179.042
31915.9,-33.7283,-3.17093,-176.811,-178.905
31916.1,-33.7283,-6.79516,-176.811,-178.575
31916.1,-44.7638,-10.5363,-174.344,-178.24
31916.2,-44.7638,-14.1447,-174.344,-177.851
31916.7,-44.7638,-17.8149,-174.344,-177.175
31916.6,-55.6229,-21.5087,-171.189,-176.556
31916.8,-55.6229,-25.1695,-171.189,-176.049
31917.3,-55.6229,-28.8253,-171.189,-175.291
31917.2,-66.2618,-32.5635,-167.359,-174.462
31917.5,-66.2618,-36.1957,-167.359,-173.702
31917.6,-66.2618,-39.84,-167.359,-172.702
31918,-66.2618,-43.5761,-167.359,-171.57
31918.1,-76.6403,-47.1573,-162.868,-170.708
31918.3,-76.6403,-50.4753,-162.868,-169.96
31918.5,-76.6403,-53.7502,-162.868,-168.966
31918.7,-86.7154,-57.0323,-157.735,-167.799
31918.9,-86.7154,-60.2936,-157.735,-166.549
31919.3,-86.7154,-63.5262,-157.735,-165.1
31919.3,-96.4484,-66.9037,-151.979,-163.624
31920.2,-96.4484,-70.1234,-151.979,-162.207
31920,-96.4484,-73.4148,-151.979,-160.6
31920.1,-105.801,-76.7342,-145.623,-158.955
31920.1,-105.801,-79.9747,-145.623,-157.317
31920.6,-105.801,-83.2611,-145.623,-155.476
31920.6,-114.736,-86.5813,-138.692,-153.609
31921.4,-114.736,-89.8103,-138.692,-151.752
31921,-114.736,-92.9992,-138.692,-149.762
31921.2,-123.218,-96.2726,-131.214,-147.719
31921.1,-123.218,-99.3733,-131.214,-145.683
31921.3,-123.218,-102.512,-131.214,-143.449
31921.4,-131.214,-105.659,-123.218,-141.176
31921.6,-131.214,-108.684,-123.218,-139.014
31921.8,-131.214,-111.691,-123.218,-136.582
31921.9,-138.692,-114.701,-114.735,-134.172
31922.1,-138.692,-117.623,-114.735,-131.744
31922.4,-138.692,-120.478,-114.735,-129.193
31922.5,-138.692,-123.374,-114.735,-126.573
31922.6,-145.623,-126.082,-105.8,-124.281
31923,-145.623,-128.501,-105.8,-122.145
31923,-145.623,-130.853,-105.8,-119.953
31923.1,-151.979,-133.188,-96.448,-117.523
31923.3,-151.979,-135.445,-96.448,-115.021
31923.5,-151.979,-137.764,-96.448,-112.224
31923.5,-157.735,-140.093,-86.7153,-109.461
31923.7,-157.735,-142.294,-86.7153,-106.696
31923.9,-157.735,-144.528,-86.7153,-103.737
31924,-162.869,-146.753,-76.64,-100.766
31924.2,-162.869,-148.826,-76.64,-97.8596
31924.4,-162.869,-150.894,-76.64,-94.7437
31924.5,-167.359,-152.976,-66.2613,-91.552
31924.7,-167.359,-154.893,-66.2613,-88.4776
31924.8,-167.359,-156.785,-66.2613,-85.203
31925,-171.19,-158.679,-55.6219,-81.8868
31925.1,-171.19,-160.409,-55.6219,-78.7034
31925.3,-171.19,-162.075,-55.6219,-75.3161
31925.3,-174.345,-163.731,-44.7633,-71.9348
31925.5,-174.345,-165.262,-44.7633,-68.6222
31925.7,-174.345,-166.736,-44.7633,-65.1129
31925.8,-176.811,-168.157,-33.728,-61.6284
31926,-176.811,-169.421,-33.728,-58.2234
31926.2,-176.811,-170.635,-33.728,-54.6181
31926.4,-176.811,-171.829,-33.728,-51.0044
31926.5,-178.581,-172.845,-22.5588,-47.7938
31926.7,-178.581,-173.642,-22.5588,-44.7953
31926.8,-178.581,-174.411,-22.5588,-41.7339
31926.9,-179.644,-175.203,-11.3019,-38.5244
31927.1,-179.644,-175.905,-11.3019,-35.2723
31927.3,-179.644,-176.549,-11.3019,-31.8329
31927.3,-180,-177.168,0,-28.3662
31927.5,-180,-177.678,0,-24.9102
31927.7,-180,-178.117,0,-21.229
31927.7,-179.644,-178.489,11.3019,-17.6367
31928.3,-179.644,-178.78,11.3019,-14.08
31928.1,-179.644,-178.944,11.3019,-10.3573
31928.1,-178.581,-179.078,22.5588,-6.67733
31928.3,-178.581,-179.172,22.5588,-3.10993
31928.5,-178.581,-179.137,22.5588,0.662519
31928.6,-176.811,-179.027,33.728,4.39822
31928.8,-176.811,-178.928,33.728,8.04148
31928.9,-176.811,-178.712,33.728,11.8424
31928.8,-174.345,-178.36,44.7633,15.6184
31929.2,-174.345,-178.044,44.7633,19.2616
31929.4,-174.345,-177.645,44.7633,23.0436
31929.7,-174.345,-177.059,44.7633,26.7935
31929.3,-171.19,-176.498,55.6219,30.2376
31929.5,-171.19,-176.056,55.6219,33.3333
31929.7,-171.19,-175.55,55.6219,36.4836
31929.7,-167.359,-174.87,66.2613,39.7357
31929.9,-167.359,-174.102,66.2613,42.963
31930.1,-167.359,-173.179,66.2613,46.413
31930.1,-162.869,-172.139,76.64,49.8169
31930.3,-162.869,-171.152,76.64,53.1816
31930.5,-162.869,-170.118,76.64,56.723
31930.6,-157.735,-168.924,86.7153,60.1967
31930.7,-157.735,-167.697,86.7153,63.5698
31930.9,-157.735,-166.393,86.7153,67.0732
31930.9,-151.979,-164.953,96.448,70.4853
31931.1,-151.979,-163.558,96.448,73.8145
31931.2,-151.979,-162.085,96.448,77.2788
31931.3,-145.623,-160.456,105.8,80.6696
31931.4,-145.623,-158.817,105.8,83.9313
31931.6,-145.623,-157.117,105.8,87.3244
31931.7,-138.692,-155.295,114.735,90.6181
31931.8,-138.692,-153.493,114.735,93.805
31932,-138.692,-151.61,114.735,97.0951
31932,-131.214,-149.594,123.218,100.273
31932.2,-131.214,-147.623,123.218,103.343
31932.3,-131.214,-145.563,123.218,106.476
31932.5,-131.214,-143.35,123.218,109.517
31932.6,-123.218,-141.231,131.214,112.183
31932.7,-123.218,-139.273,131.214,114.567
31932.9,-123.218,-137.316,131.214,116.941
31932.9,-114.736,-135.257,138.692,119.465
31933.1,-114.736,-133.168,138.692,121.997
31933.3,-114.736,-130.943,138.692,124.7
31933.3,-105.801,-128.549,145.623,127.303
31933.5,-105.801,-126.2,145.623,129.81
31933.6,-105.801,-123.742,145.623,132.415
31933.7,-96.4484,-121.135,151.979,134.906
31933.8,-96.4484,-118.564,151.979,137.243
31934,-96.4484,-115.882,151.979,139.761
31934,-86.7154,-113.079,157.735,142.067
31934.2,-86.7154,-110.324,157.735,144.261
31934.3,-86.7154,-107.452,157.735,146.56
31934.9,-76.6403,-104.488,162.868,148.76
31934.5,-76.6403,-101.527,162.868,150.783
31935,-76.6403,-98.5269,162.868,152.801
31934.7,-66.2618,-95.4371,167.359,154.776
31934.8,-66.2618,-92.3708,167.359,156.552
31935,-66.2618,-89.2645,167.359,158.495
31935.1,-55.6229,-85.9874,171.189,160.26
31935.2,-55.6229,-82.8294,171.189,161.833
31935.4,-55.6229,-79.5989,171.189,163.513
31935.5,-55.6229,-76.263,171.189,165.018
31935.5,-44.7638,-73.0031,174.344,166.191
31935.6,-44.7638,-69.9233,174.344,167.263
31935.8,-44.7638,-66.9231,174.344,168.521
31935.8,-33.7283,-63.7787,176.811,169.691
31935.9,-33.7283,-60.6838,176.811,170.702
31936,-33.7283,-57.51,176.811,171.814
31936.1,-22.5594,-54.225,178.58,172.809
31936.2,-22.5594,-50.9529,178.58,173.705
31936.3,-22.5594,-47.6386,178.58,174.625
31936.4,-11.3016,-44.208,179.644,175.39
31936.5,-11.3016,-40.809,179.644,176.084
31936.5,-11.3016,-37.326,179.644,176.801
31936.7,0,-33.7405,180,177.359
31936.8,0,-30.2404,180,177.894
31936.8,0,-26.6671,180,178.313
31936.9,11.3016,-23.017,179.644,178.628
31937.1,11.3016,-19.3641,179.644,178.815
31937.2,11.3016,-15.7578,179.644,178.95
31937.3,22.5594,-11.9873,178.58,179.065
31937.4,22.5594,-8.3652,178.58,179.078
31937.6,22.5594,-4.64917,178.58,179.041
31937.7,33.7283,-0.880057,176.811,178.983
31937.8,33.7283,2.77788,176.811,178.822
31937.9,33.7283,6.46881,176.811,178.453
31938.1,33.7283,10.2659,176.811,178.13
31938.1,44.7638,13.9159,174.344,177.907
31938.3,44.7638,17.3616,174.344,177.613
31938.4,44.7638,20.7082,174.344,177.069
31938.5,55.6229,24.1281,171.189,176.525
31938.6,55.6229,27.4611,171.189,176.006
31938.7,55.6229,30.8493,171.189,175.209
31938.8,66.2618,34.31,167.359,174.35
31939,66.2618,37.7098,167.359,173.548
31939,66.2618,41.1238,167.359,172.582
31939.1,76.6403,44.6735,162.868,171.55
31939.2,76.6403,48.1248,162.868,170.49
31939.3,76.6403,51.6063,162.868,169.176
31939.3,86.7154,55.1402,157.735,167.917
31940,86.7154,58.6174,157.735,166.743
31939.6,86.7154,62.0824,157.735,165.313
31939.6,96.4484,65.6471,151.979,163.803
31939.7,96.4484,69.0913,151.979,162.368
31939.8,96.4484,72.542,151.979,160.711
31939.9,105.801,76.0156,145.623,159.013
31940.1,105.801,79.3959,145.623,157.412
31940.1,105.801,82.7627,145.623,155.571
31940.1,114.736,86.1552,138.692,153.675
31940.2,114.736,89.4201,138.692,151.841
31940.3,114.736,92.7051,138.692,149.777
31940.3,114.736,96.0058,138.692,147.673
31940.4,123.218,99.1373,131.214,145.921
31940.5,123.218,102.036,131.214,144.392
31940.6,123.218,104.801,131.214,142.798
31940.6,131.214,107.642,123.218,140.945
31940.6,131.214,110.374,123.218,138.81
31940.8,131.214,113.098,123.218,136.444
31940.8,138.692,115.896,114.735,134.017
31940.9,138.692,118.567,114.735,131.678
31941,138.692,121.265,114.735,129.1
31941,145.623,124.016,105.8,126.524
31941.1,145.623,126.606,105.8,123.986
31941.2,145.623,129.238,105.8,121.254
31941.3,151.979,131.863,96.448,118.471
31941.4,151.979,134.347,96.448,115.802
31941.5,151.979,136.841,96.448,112.883
31941.5,157.735,139.34,86.7153,109.98
31941.6,157.735,141.695,86.7153,107.142
31941.7,157.735,144.032,86.7153,104.094
31941.7,162.869,146.346,76.64,101.037
31941.8,162.869,148.479,76.64,98.0646
31941.9,162.869,150.627,76.64,94.867
31942,162.869,152.761,76.64,91.7001
31942,167.359,154.676,66.2613,88.8201
31942.1,167.359,156.355,66.2613,86.1819
31942.2,167.359,157.91,66.2613,83.4465
31942.3,171.19,159.513,55.6219,80.5606
31942.4,171.19,161.038,55.6219,77.6273
31942.5,171.19,162.602,55.6219,74.4332
31942.5,174.345,164.188,44.7633,71.2036
31942.6,174.345,165.636,44.7633,68.045
31942.7,174.345,167.03,44.7633,64.6471
31942.7,176.811,168.394,33.728,61.2409
31942.8,176.811,169.615,33.728,57.9283
31942.9,176.811,170.804,33.728,54.3905
31942.9,178.581,171.978,22.5588,50.8682
31943.4,178.581,172.974,22.5588,47.4169
31943.1,178.581,173.874,22.5588,43.7428
31943.1,179.644,174.771,11.3019,40.0877
31943.1,179.644,175.532,11.3019,36.5701
31943.2,179.644,176.262,11.3019,32.8486
31943.2,180,176.96,0,29.1639
31943.3,180,177.493,0,25.5668
31943.3,180,177.992,0,21.8987
31943.5,179.644,178.394,-11.3019,18.157
31943.5,179.644,178.69,-11.3019,14.547
31943.5,179.644,178.857,-11.3019,10.7295
31943.6,179.644,179.002,-11.3019,6.99733
31943.6,178.581,179.126,-22.5588,3.60059
31943.7,178.581,179.204,-22.5588,0.41837
31943.8,178.581,179.175,-22.5588,-2.83733
31943.8,176.811,179.068,-33.728,-6.14281
31943.9,176.811,178.965,-33.728,-9.47081
31944,176.811,178.738,-33.728,-13.0477
31944,174.345,178.368,-44.7633,-16.5476
31944.1,174.345,178.022,-44.7633,-19.981
31944.2,174.345,177.624,-44.7633,-23.6444
31944.2,171.19,177.072,-55.6219,-27.2237
31944.2,171.19,176.476,-55.6219,-30.7117
31944.3,171.19,175.776,-55.6219,-34.4166
31944.3,167.359,174.969,-66.2613,-38.0551
31944.4,167.359,174.154,-66.2613,-41.6083
31944.4,167.359,173.287,-66.2613,-45.299
31944.4,162.869,172.267,-76.64,-48.9636
31944.5,162.869,171.265,-76.64,-52.4622
31944.5,162.869,170.174,-76.64,-56.1268
31944.6,157.735,168.947,-86.7153,-59.6729
31944.6,157.735,167.748,-86.7153,-63.1573
31944.7,157.735,166.448,-86.7153,-66.7733
31944.9,151.979,164.993,-96.448,-70.2779
31944.8,151.979,163.575,-96.448,-73.6901
31944.8,151.979,162.099,-96.448,-77.2053
31944.9,151.979,160.49,-96.448,-80.6044
31944.9,145.623,158.887,-105.8,-83.648
31945,145.623,157.451,-105.8,-86.3716
31945.1,145.623,156.076,-105.8,-89.184
31945.1,138.692,154.564,-114.735,-92.0687
31945.2,138.692,152.961,-114.735,-94.9487
31945.3,138.692,151.186,-114.735,-98.003
31945.3,131.214,149.267,-123.218,-100.972
31945.4,131.214,147.36,-123.218,-103.887
31945.5,131.214,145.364,-123.218,-106.937
31945.5,123.218,143.172,-131.214,-109.876
31945.9,123.218,141.024,-131.214,-112.711
31945.7,123.218,138.821,-131.214,-115.678
31945.8,114.736,136.458,-138.692,-118.556
31945.8,114.736,134.121,-138.692,-121.279
31945.9,114.736,131.737,-138.692,-124.122
31945.9,105.801,129.2,-145.623,-126.836
31945.9,105.801,126.689,-145.623,-129.421
31946.1,105.801,124.14,-145.623,-132.121
31946.1,96.4484,121.441,-151.979,-134.69
31946.2,96.4484,118.79,-151.979,-137.108
31946.2,96.4484,116.101,-151.979,-139.597
31946.3,86.7154,113.254,-157.735,-141.957
31946.2,86.7154,110.474,-157.735,-144.165
31946.3,86.7154,107.585,-157.735,-146.481
31946.4,86.7154,104.576,-157.735,-148.676
31946.5,76.6403,101.672,-162.868,-150.436
31946.5,76.6403,98.9128,-162.868,-151.979
31946.6,76.6403,96.2404,-162.868,-153.577
31946.6,66.2618,93.4668,-167.359,-155.284
31946.7,66.2618,90.6695,-167.359,-157.037
31946.7,66.2618,87.8113,-167.359,-158.895
31946.7,55.6229,84.7925,-171.189,-160.57
31946.8,55.6229,81.7944,-171.189,-162.027
31946.8,55.6229,78.7124,-171.189,-163.518
31946.9,44.7638,75.5034,-174.344,-165.006
31946.9,44.7638,72.3304,-174.344,-166.419
31947,44.7638,69.0633,-174.344,-167.911
31947,33.7283,65.7274,-176.811,-169.186
31947,33.7283,62.3865,-176.811,-170.315
31947.1,33.7283,59.0205,-176.811,-171.539
31947.1,22.5594,55.5117,-178.58,-172.585
31947.2,22.5594,52.1163,-178.58,-173.48
31947.2,22.5594,48.6032,-178.58,-174.451
31947.3,11.3016,45.0235,-179.644,-175.257
31947.3,11.3016,41.4997,-179.644,-175.998
31947.4,11.3016,37.917,-179.644,-176.76
31948.1,11.3016,34.2634,-179.644,-177.329
31947.5,0,30.7202,-180,-177.746
31947.5,0,27.3628,-180,-178.152
31947.6,0,24.08,-180,-178.503
31947.6,-11.3016,20.7032,-179.644,-178.803
31947.7,-11.3016,17.3795,-179.644,-178.95
31947.7,-11.3016,14.0436,-179.644,-179.049
31947.7,-22.5594,10.5212,-178.58,-179.147
31947.8,-22.5594,7.10573,-178.58,-179.154
31947.8,-22.5594,3.62279,-178.58,-179.119
31947.8,-33.7283,0.0308414,-176.811,-179.061
31947.9,-33.7283,-3.52884,-176.811,-178.918
31947.9,-33.7283,-7.09497,-176.811,-178.592
31948,-44.7638,-10.7457,-174.344,-178.244
31948,-44.7638,-14.3219,-174.344,-177.852
31948.1,-44.7638,-17.9497,-174.344,-177.18
31948,-55.6229,-21.6693,-171.189,-176.562
31948.1,-55.6229,-25.3022,-171.189,-176.057
31948.2,-55.6229,-28.9364,-171.189,-175.3
31948.2,-66.2618,-32.6762,-167.359,-174.456
31948.2,-66.2618,-36.266,-167.359,-173.698
31948.3,-66.2618,-39.9741,-167.359,-172.703
31948.3,-76.6403,-43.6335,-162.868,-171.56
31948.3,-76.6403,-47.2362,-162.868,-170.502
31948.4,-76.6403,-50.8719,-162.868,-169.225
31948.4,-76.6403,-54.5463,-162.868,-167.956
31948.4,-86.7154,-58.0271,-157.735,-166.946
31948.8,-86.7154,-61.3386,-157.735,-166.067
31948.9,-86.7154,-64.5225,-157.735,-164.962
31948.6,-96.4484,-67.778,-151.979,-163.623
31948.7,-96.4484,-70.9052,-151.979,-162.161
31948.7,-96.4484,-74.1084,-151.979,-160.473
31948.7,-105.801,-77.3288,-145.623,-158.824
31948.7,-105.801,-80.5127,-145.623,-157.217
31948.8,-105.801,-83.6908,-145.623,-155.4
31948.8,-114.736,-86.9377,-138.692,-153.556
31948.8,-114.736,-90.118,-138.692,-151.695
31948.9,-114.736,-93.2717,-138.692,-149.651
31948.9,-123.218,-96.4792,-131.214,-147.58
31949,-123.218,-99.5418,-131.214,-145.607
31948.9,-123.218,-102.652,-131.214,-143.391
31948.9,-131.214,-105.773,-123.218,-141.103
31949,-131.214,-108.773,-123.218,-138.923
31949.4,-131.214,-111.77,-123.218,-136.532
31949,-138.692,-114.766,-114.735,-134.078
31949.4,-138.692,-117.66,-114.735,-131.674
31949.1,-138.692,-120.503,-114.735,-129.094
31949.2,-145.623,-123.381,-105.8,-126.515
31949.1,-145.623,-126.118,-105.8,-124.002
31949.2,-145.623,-128.795,-105.8,-121.234
31949.2,-145.623,-131.537,-105.8,-118.502
31949.2,-151.979,-134.065,-96.448,-116.024
31949.2,-151.979,-136.347,-96.448,-113.811
31949.3,-151.979,-138.532,-96.448,-111.469
31949.3,-157.735,-140.727,-86.7153,-108.96
31949.7,-157.735,-142.821,-86.7153,-106.343
31949.4,-157.735,-144.957,-86.7153,-103.444
31949.4,-162.869,-147.091,-76.64,-100.508
31949.5,-162.869,-149.11,-76.64,-97.632
31949.5,-162.869,-151.142,-76.64,-94.5102
31949.5,-167.359,-153.174,-66.2613,-91.3576
31949.9,-167.359,-155.049,-66.2613,-88.2844
31949.6,-167.359,-156.895,-66.2613,-85.0347
31949.7,-171.19,-158.767,-55.6219,-81.7363
31949.7,-171.19,-160.487,-55.6219,-78.5434
31949.8,-171.19,-162.152,-55.6219,-75.1597
31949.8,-174.345,-163.798,-44.7633,-71.7487
31949.8,-174.345,-165.294,-44.7633,-68.4764
31949.9,-174.345,-166.753,-44.7633,-64.9612
31949.9,-176.811,-168.184,-33.728,-61.4732
31949.9,-176.811,-169.446,-33.728,-58.0859
31950,-176.811,-170.651,-33.728,-54.5162
31950,-178.581,-171.833,-22.5588,-50.9618
31950,-178.581,-172.861,-22.5588,-47.4797
31950.1,-178.581,-173.789,-22.5588,-43.7772
31950.1,-178.581,-174.71,-22.5588,-40.1197
31950.1,-179.644,-175.473,-11.3019,-36.8403
31950.2,-179.644,-176.092,-11.3019,-33.7884
31950.2,-179.644,-176.696,-11.3019,-30.6821
31950.3,-180,-177.295,0,-27.4702
31950.3,-180,-177.776,0,-24.2299
31950.4,-180,-178.198,0,-20.7692
31950.4,-179.644,-178.56,11.3019,-17.2859
31950.5,-179.644,-178.838,11.3019,-13.8276
31950.5,-179.644,-178.988,11.3019,-10.1594
31950.5,-178.581,-179.116,22.5588,-6.55881
31950.6,-178.581,-179.192,22.5588,-2.98074
31950.6,-178.581,-179.159,22.5588,0.766815
31950.6,-176.811,-179.045,33.728,4.45274
31950.7,-176.811,-178.944,33.728,8.01304
31950.7,-176.811,-178.723,33.728,11.8139
31950.7,-174.345,-178.37,44.7633,15.5627
31951,-174.345,-178.053,44.7633,19.1739
31950.8,-174.345,-177.655,44.7633,22.9807
31950.8,-171.19,-177.069,55.6219,26.7046
31950.9,-171.19,-176.474,55.6219,30.3502
31950.9,-171.19,-175.777,55.6219,34.099
31950.9,-167.359,-174.928,66.2613,37.805
31951,-167.359,-174.133,66.2613,41.389
31951,-167.359,-173.266,66.2613,45.1105
31951,-167.359,-172.267,66.2613,48.7621
31951.2,-162.869,-171.294,76.64,52.0533
31951,-162.869,-170.517,76.64,55.0756
31951.3,-162.869,-169.737,76.64,58.1321
31951.1,-157.735,-168.823,86.7153,61.267
31951,-157.735,-167.719,86.7153,64.4089
31951.4,-157.735,-166.429,86.7153,67.7357
31951.1,-151.979,-164.97,96.448,71.0424
31951.1,-151.979,-163.57,96.448,74.2839
31951.1,-151.979,-162.083,96.448,77.6877
31951.1,-145.623,-160.438,105.8,80.9967
31951.6,-145.623,-158.812,105.8,84.1636
31951.2,-145.623,-157.123,105.8,87.507
31951.2,-138.692,-155.338,114.735,90.752
31951.2,-138.692,-153.542,114.735,93.8856
31951.3,-138.692,-151.712,114.735,97.1402
31951.3,-131.214,-149.623,123.218,100.312
31951.3,-131.214,-147.709,123.218,103.348
31951.4,-131.214,-145.642,123.218,106.528
31951.4,-123.218,-143.348,131.214,109.575
31951.7,-123.218,-141.239,131.214,112.501
31951.4,-123.218,-138.933,131.214,115.501
31951.5,-123.218,-136.62,131.214,118.417
31951.5,-114.736,-134.239,138.692,120.939
31951.5,-114.736,-132.188,138.692,123.004
31951.6,-114.736,-130.073,138.692,125.064
31951.6,-105.801,-127.796,145.623,127.308
31951.6,-105.801,-125.623,145.623,129.729
31951.6,-105.801,-123.25,145.623,132.319
31951.7,-96.4484,-120.655,151.979,134.817
31951.7,-96.4484,-118.223,151.979,137.189
31951.7,-96.4484,-115.609,151.979,139.721
31951.7,-86.7154,-112.775,157.735,142.06
31951.8,-86.7154,-110.144,157.735,144.241
31951.8,-86.7154,-107.322,157.735,146.533
31951.8,-76.6403,-104.295,162.868,148.704
31951.8,-76.6403,-101.462,162.868,150.697
31951.9,-76.6403,-98.5026,162.868,152.808
31951.9,-66.2618,-95.3194,167.359,154.773
31951.9,-66.2618,-92.3543,167.359,156.545
31951.9,-66.2618,-89.2681,167.359,158.456
31952,-55.6229,-85.9444,171.189,160.225
31952.3,-55.6229,-82.7878,171.189,161.813
31952,-55.6229,-79.5552,171.189,163.514
31952,-44.7638,-76.2135,174.344,165.025
31952,-44.7638,-73.011,174.344,166.302
31952,-44.7638,-69.6321,174.344,167.726
31952.1,-44.7638,-66.1822,174.344,169.084
31952.1,-33.7283,-62.725,176.811,170.079
31952.1,-33.7283,-59.6682,176.811,171.003
31952.1,-33.7283,-56.5388,176.811,172.055
31952.1,-22.5594,-53.2632,178.58,173.012
31952.2,-22.5594,-50.1962,178.58,173.87
31952.2,-22.5594,-47.016,178.58,174.745
31952.2,-11.3016,-43.5639,179.644,175.481
31952.3,-11.3016,-40.3593,179.644,176.156
31952.3,-11.3016,-36.9882,179.644,176.864
31952.3,0,-33.3733,180,177.404
31952.4,0,-30.0331,180,177.934
31952.4,0,-26.5036,180,178.341
31952.4,11.3016,-22.7839,179.644,178.657
31952.5,11.3016,-19.324,179.644,178.839
31952.5,11.3016,-15.7177,179.644,178.974
31952.5,22.5594,-11.9091,178.58,179.083
31952.5,22.5594,-8.43119,178.58,179.091
31952.5,22.5594,-4.74456,178.58,179.053
31952.5,33.7283,-0.880057,176.811,178.995
31952.6,33.7283,2.63802,176.811,178.837
31952.6,33.7283,6.34401,176.811,178.457
31952.6,44.7638,10.2257,174.344,178.131
31952.6,44.7638,13.8177,174.344,177.786
31952.7,44.7638,17.5538,174.344,177.237
31952.7,44.7638,21.305,174.344,176.686
31952.7,55.6229,25.0404,171.189,176.26
31952.8,55.6229,28.344,171.189,175.796
31952.8,55.6229,31.6785,171.189,175.044
31952.8,66.2618,35.1815,167.359,174.177
31952.9,66.2618,38.3868,167.359,173.435
31952.9,66.2618,41.707,167.359,172.511
31952.9,76.6403,45.2537,162.868,171.497
31952.9,76.6403,48.5093,162.868,170.462
31953,76.6403,51.9492,162.868,169.139
31953,86.7154,55.5218,157.735,167.874
31953,86.7154,58.8118,157.735,166.74
31953.1,86.7154,62.2043,157.735,165.336
31953.1,96.4484,65.8221,151.979,163.851
31953.1,96.4484,69.0899,151.979,162.42
31953.1,96.4484,72.4953,151.979,160.769
31953.2,105.801,76.0328,145.623,159.08
31953.5,105.801,79.3228,145.623,157.421
31953.2,105.801,82.777,145.623,155.634
31953.2,114.736,86.1818,138.692,153.684
31953.2,114.736,89.3462,138.692,151.903
31953.3,114.736,92.6226,138.692,149.841
31953.3,123.218,96.036,131.214,147.697
31953.5,123.218,99.1022,131.214,145.737
31953.3,123.218,102.393,131.214,143.477
31953.4,123.218,105.459,131.214,141.209
31953.3,131.214,108.58,123.218,139.199
31953.3,131.214,111.233,123.218,137.575
31953.4,131.214,113.876,123.218,135.876
31953.4,138.692,116.643,114.735,133.877
31953.4,138.692,119.118,114.735,131.593
31953.5,138.692,121.708,114.735,129.105
31953.5,145.623,124.433,105.8,126.58
31953.5,145.623,126.887,105.8,124.047
31953.5,145.623,129.454,105.8,121.291
31953.9,151.979,132.103,96.448,118.427
31953.5,151.979,134.54,96.448,115.84
31953.5,151.979,136.935,96.448,112.94
31953.5,157.735,139.479,86.7153,110.008
31953.5,157.735,141.728,86.7153,107.172
31953.6,157.735,144.04,86.7153,104.105
31953.6,162.869,146.411,76.64,101.083
31953.6,162.869,148.484,76.64,98.1002
31953.6,162.869,150.619,76.64,94.931
31953.6,167.359,152.809,66.2613,91.7535
31953.7,167.359,154.68,66.2613,88.6412
31953.8,167.359,156.618,66.2613,85.3428
31953.8,167.359,158.547,66.2613,82.0278
31953.8,171.19,160.303,55.6219,79.0317
31953.8,171.19,161.665,55.6219,76.301
31953.9,171.19,162.976,55.6219,73.3985
31953.8,174.345,164.394,44.7633,70.5244
31953.9,174.345,165.712,44.7633,67.5508
31953.9,174.345,167.105,44.7633,64.3164
31953.9,176.811,168.494,33.728,60.9742
31953.9,176.811,169.656,33.728,57.7304
31954,176.811,170.82,33.728,54.2756
31953.9,178.581,172.008,22.5588,50.7852
31954,178.581,172.977,22.5588,47.3647
31954.2,178.581,173.922,22.5588,43.6563
31953.9,179.644,174.858,11.3019,40.2027
31954,179.644,175.572,11.3019,36.659
31954.1,179.644,176.293,11.3019,32.9671
31954,180,177,0,29.312
31954.1,180,177.51,0,25.6142
31954.1,180,178.004,0,21.9947
31954.2,179.644,178.418,-11.3019,18.2767
31954.1,179.644,178.701,-11.3019,14.6655
31954.3,179.644,178.866,-11.3019,10.8504
31954.2,178.581,179.014,-22.5588,7.07793
31954.1,178.581,179.118,-22.5588,3.33274
31954.2,178.581,179.098,-22.5588,-0.391111
31954.5,178.581,179.013,-22.5588,-4.11141
31954.2,176.811,178.934,-33.728,-7.63733
31954.2,176.811,178.851,-33.728,-10.6916
31954.3,176.811,178.653,-33.728,-13.9117
31954.3,174.345,178.29,-44.7633,-17.2231
31954.3,174.345,177.964,-44.7633,-20.5203
31954.3,174.345,177.581,-44.7633,-24.0403
31954.3,171.19,177.021,-55.6219,-27.6847
31954.3,171.19,176.447,-55.6219,-31.0116
31954.6,171.19,175.752,-55.6219,-34.6453
31954.5,167.359,174.92,-66.2613,-38.2388
31954.5,167.359,174.133,-66.2613,-41.6924
31954.7,167.359,173.292,-66.2613,-45.3096
31954.6,162.869,172.254,-76.64,-48.9079
31954.5,162.869,171.277,-76.64,-52.4231
31954.5,162.869,170.184,-76.64,-56.045
31954.5,157.735,168.921,-86.7153,-59.5911
31954.5,157.735,167.757,-86.7153,-63.0199
31954.6,157.735,166.456,-86.7153,-66.6027
31954.6,151.979,164.956,-96.448,-70.2222
31954.6,151.979,163.574,-96.448,-73.4684
31954.6,151.979,162.07,-96.448,-76.973
31954.6,145.623,160.401,-105.8,-80.4326
31954.6,145.623,158.828,-105.8,-83.7084
31954.9,145.623,157.118,-105.8,-87.245
31954.9,145.623,155.249,-105.8,-90.4758
31954.7,138.692,153.504,-114.735,-93.5016
31954.7,138.692,151.966,-114.735,-96.0616
31954.7,138.692,150.413,-114.735,-98.7461
31954.7,131.214,148.702,-123.218,-101.509
31954.7,131.214,146.995,-123.218,-104.292
31955,131.214,145.101,-123.218,-107.259
31954.8,123.218,142.916,-131.214,-110.165
31954.8,123.218,140.889,-131.214,-112.92
31955.1,123.218,138.75,-131.214,-115.803
31954.8,114.736,136.361,-138.692,-118.618
31954.8,114.736,134.122,-138.692,-121.292
31954.9,114.736,131.756,-138.692,-124.111
31954.9,105.801,129.145,-145.623,-126.814
31955.1,105.801,126.717,-145.623,-129.371
31954.9,105.801,124.163,-145.623,-132.034
31954.9,96.4484,121.377,-151.979,-134.599
31955,96.4484,118.804,-151.979,-137.082
31954.9,96.4484,116.086,-151.979,-139.527
31954.8,86.7154,113.14,-157.735,-141.877
31954.9,86.7154,110.45,-157.735,-144.073
31954.9,86.7154,107.591,-157.735,-146.363
31954.9,76.6403,104.6,-162.868,-148.57
31954.9,76.6403,101.669,-162.868,-150.555
31955,76.6403,98.646,-162.868,-152.717
31955,76.6403,95.5181,-162.868,-154.68
31955.2,66.2618,92.4512,-167.359,-156.251
31955.1,66.2618,89.598,-167.359,-157.649
31955,66.2618,86.8158,-167.359,-159.132
31955.2,55.6229,83.8916,-171.189,-160.705
31955.1,55.6229,81.0018,-171.189,-162.28
31955.1,55.6229,77.9987,-171.189,-163.917
31955.3,44.7638,74.817,-174.344,-165.352
31955.1,44.7638,71.8226,-174.344,-166.575
31955.1,44.7638,68.6409,-174.344,-167.941
31955.1,33.7283,65.2827,-176.811,-169.203
31955.1,33.7283,62.114,-176.811,-170.347
31955.1,33.7283,58.7895,-176.811,-171.575
31955.2,22.5594,55.331,-178.58,-172.614
31955.2,22.5594,51.9298,-178.58,-173.497
31955.2,22.5594,48.4433,-178.58,-174.463
31955.2,11.3016,44.9152,-179.644,-175.262
31955.3,11.3016,41.3777,-179.644,-176.009
31955.4,11.3016,37.8217,-179.644,-176.777
31955.3,0,34.0683,-180,-177.338
31955.4,0,30.6162,-180,-177.823
31955.4,0,26.9855,-180,-178.219
31955.4,-11.3016,23.2867,-179.644,-178.551
31955.4,-11.3016,19.6575,-179.644,-178.769
31955.5,-11.3016,15.9429,-179.644,-178.918
31955.5,-11.3016,12.1759,-179.644,-179.044
31955.7,-22.5594,8.55814,-178.58,-179.138
31955.6,-22.5594,5.14407,-178.58,-179.144
31955.6,-22.5594,1.79454,-178.58,-179.109
31955.6,-33.7283,-1.72999,-176.811,-179.052
31955.6,-33.7283,-4.98627,-176.811,-178.91
31955.6,-33.7283,-8.37596,-176.811,-178.585
31955.7,-44.7638,-11.8983,-174.344,-178.244
31955.7,-44.7638,-15.354,-174.344,-177.855
31955.7,-44.7638,-18.8334,-174.344,-177.177
31955.7,-55.6229,-22.411,-171.189,-176.559
31955.8,-55.6229,-25.9025,-171.189,-176.051
31955.8,-55.6229,-29.4665,-171.189,-175.291
31955.8,-66.2618,-33.0972,-167.359,-174.46
31955.8,-66.2618,-36.6425,-167.359,-173.7
31955.8,-66.2618,-40.2352,-167.359,-172.693
31955.9,-76.6403,-43.911,-162.868,-171.554
31955.9,-76.6403,-47.4743,-162.868,-170.51
31956,-76.6403,-51.0612,-162.868,-169.215
31955.9,-86.7154,-54.8117,-157.735,-167.961
31956.1,-86.7154,-58.2286,-157.735,-166.769
31955.9,-86.7154,-61.784,-157.735,-165.389
31955.9,-86.7154,-65.3301,-157.735,-163.896
31955.9,-96.4484,-68.7728,-151.979,-162.676
31955.9,-96.4484,-71.9696,-151.979,-161.586
31956,-96.4484,-75.0846,-151.979,-160.328
31956,-105.801,-78.1938,-145.623,-158.86
31956,-105.801,-81.2859,-145.623,-157.242
31956,-105.801,-84.3514,-145.623,-155.366
31956,-114.736,-87.5072,-138.692,-153.512
31956,-114.736,-90.5863,-138.692,-151.686
31956,-114.736,-93.6662,-138.692,-149.705
31956,-123.218,-96.8213,-131.214,-147.576
31956.1,-123.218,-99.8381,-131.214,-145.624
31956.1,-123.218,-102.903,-131.214,-143.396
31956.1,-131.214,-105.975,-123.218,-141.126
31956.3,-131.214,-108.981,-123.218,-138.965
31956.1,-131.214,-111.937,-123.218,-136.574
31956.1,-138.692,-114.904,-114.735,-134.12
31956.2,-138.692,-117.792,-114.735,-131.736
31956.2,-138.692,-120.624,-114.735,-129.183
31956.2,-145.623,-123.493,-105.8,-126.571
31956.2,-145.623,-126.207,-105.8,-124.04
31956.4,-145.623,-128.87,-105.8,-121.233
31956.2,-151.979,-131.657,-96.448,-118.471
31956.3,-151.979,-134.127,-96.448,-115.769
31956.3,-151.979,-136.666,-96.448,-112.872
31956.4,-151.979,-139.213,-96.448,-109.966
31956.3,-157.735,-141.616,-86.7153,-107.269
31956.3,-157.735,-143.619,-86.7153,-105.012
31956.3,-157.735,-145.59,-86.7153,-102.482
31956.3,-162.869,-147.575,-76.64,-99.8625
31956.5,-162.869,-149.495,-76.64,-97.1413
31956.3,-162.869,-151.451,-76.64,-94.1369
31956.3,-167.359,-153.436,-66.2613,-91.1004
31956.4,-167.359,-155.291,-66.2613,-88.1304
31956.6,-167.359,-157.107,-66.2613,-84.9636
31956.4,-171.19,-159.015,-55.6219,-81.7055
31956.4,-171.19,-160.639,-55.6219,-78.5813
31956.4,-171.19,-162.265,-55.6219,-75.2166
31956.4,-174.345,-163.877,-44.7633,-71.8495
31956.5,-174.345,-165.367,-44.7633,-68.5523
31956.5,-174.345,-166.821,-44.7633,-65.0287
31956.5,-176.811,-168.236,-33.728,-61.5419
31956.5,-176.811,-169.492,-33.728,-58.1559
31956.5,-176.811,-170.699,-33.728,-54.5553
31956.5,-178.581,-171.879,-22.5588,-51.0222
31956.6,-178.581,-172.894,-22.5588,-47.4797
31956.6,-178.581,-173.826,-22.5588,-43.8353
31956.6,-179.644,-174.738,-11.3019,-40.2252
31956.6,-179.644,-175.51,-11.3019,-36.6744
31956.6,-179.644,-176.247,-11.3019,-32.947
31956.7,-179.644,-176.907,-11.3019,-29.3144
31956.7,-180,-177.456,0,-25.9603
31956.7,-180,-177.883,0,-22.8468
31956.7,-180,-178.289,0,-19.6492
31956.7,-179.644,-178.637,11.3019,-16.3721
31956.7,-179.644,-178.9,11.3019,-13.0809
31956.7,-179.644,-179.041,11.3019,-9.56207
31956.7,-178.581,-179.156,22.5588,-6.04563
31956.7,-178.581,-179.217,22.5588,-2.60741
31956.8,-178.581,-179.18,22.5588,1.0797
31956.8,-176.811,-179.068,33.728,4.74785
31956.8,-176.811,-178.964,33.728,8.2963
31956.8,-176.811,-178.738,33.728,12.045
31956.8,-174.345,-178.381,44.7633,15.7357
31956.9,-174.345,-178.063,44.7633,19.3173
31957,-174.345,-177.662,44.7633,23.1253
31956.9,-171.19,-177.072,55.6219,26.7899
31956.9,-171.19,-176.476,55.6219,30.3799
31956.9,-171.19,-175.778,55.6219,34.1547
31956.9,-167.359,-174.936,66.2613,37.8287
31956.9,-167.359,-174.137,66.2613,41.4009
31957.1,-167.359,-173.269,66.2613,45.0987
31957,-162.869,-172.234,76.64,48.7573
31957,-162.869,-171.262,76.64,52.2513
31957,-162.869,-170.186,76.64,55.9727
31957,-162.869,-168.956,76.64,59.5769
31957.2,-157.735,-167.752,86.7153,62.8373
31957.1,-157.735,-166.749,86.7153,65.7837
31957.1,-157.735,-165.832,86.7153,68.8118
31957.1,-151.979,-164.795,96.448,71.859
31957.1,-151.979,-163.592,96.448,74.9523
31957.2,-151.979,-162.137,96.448,78.2127
31957.2,-145.623,-160.497,105.8,81.4341
31957.2,-145.623,-158.859,105.8,84.5902
31957.3,-145.623,-157.15,105.8,87.8839
31957.2,-138.692,-155.32,114.735,91.0969
31957.4,-138.692,-153.516,114.735,94.176
31957.3,-138.692,-151.611,114.735,97.4163
31957.2,-131.214,-149.594,123.218,100.556
31957.2,-131.214,-147.622,123.218,103.556
31957.2,-131.214,-145.561,123.218,106.681
31957.2,-123.218,-143.347,131.214,109.673
31957.2,-123.218,-141.179,131.214,112.558
31957.3,-123.218,-138.929,131.214,115.539
31957.3,-114.736,-136.534,138.692,118.441
31957.3,-114.736,-134.205,138.692,121.192
31957.3,-114.736,-131.798,138.692,124.038
31957.3,-105.801,-129.243,145.623,126.783
31957.3,-105.801,-126.749,145.623,129.391
31957.4,-105.801,-124.189,145.623,132.105
31957.4,-105.801,-121.484,145.623,134.641
31957.5,-96.4484,-118.864,151.979,136.761
31957.4,-96.4484,-116.411,151.979,138.61
31957.4,-96.4484,-113.993,151.979,140.487
31957.4,-86.7154,-111.506,157.735,142.514
31957.4,-86.7154,-108.956,157.735,144.61
31957.5,-86.7154,-106.326,157.735,146.833
31957.5,-76.6403,-103.579,162.868,148.958
31957.5,-76.6403,-100.8,162.868,150.937
31957.5,-76.6403,-97.9381,162.868,152.996
31957.5,-66.2618,-94.9415,167.359,154.894
31957.6,-66.2618,-91.9642,167.359,156.658
31957.7,-66.2618,-88.9231,167.359,158.551
31957.6,-55.6229,-85.7177,171.189,160.297
31957.6,-55.6229,-82.5819,171.189,161.844
31957.6,-55.6229,-79.3916,171.189,163.514
31957.6,-44.7638,-76.1138,174.344,165.024
31957.7,-44.7638,-72.8382,174.344,166.304
31957.7,-44.7638,-69.4908,174.344,167.721
31957.7,-33.7283,-66.066,176.811,169.084
31957.7,-33.7283,-62.6655,176.811,170.209
31957.7,-33.7283,-59.2141,176.811,171.406
31957.7,-22.5594,-55.6788,178.58,172.462
31957.7,-22.5594,-52.2296,178.58,173.428
31957.8,-22.5594,-48.6771,178.58,174.421
31957.8,-22.5594,-45.0845,178.58,175.204
31957.8,-11.3016,-41.5814,179.644,175.826
31957.8,-11.3016,-38.2936,179.644,176.439
31958,-11.3016,-35.0043,179.644,177.109
31957.8,0,-31.7172,180,177.608
31957.8,0,-28.4093,180,178.097
31957.8,0,-25.0748,180,178.476
31957.8,11.3016,-21.6041,179.644,178.759
31957.9,11.3016,-18.2187,179.644,178.917
31957.9,11.3016,-14.7386,179.644,179.025
31957.9,22.5594,-11.2098,178.58,179.132
31957.9,22.5594,-7.66661,178.58,179.137
31957.9,22.5594,-4.13419,178.58,179.095
31957.9,33.7283,-0.481987,176.811,179.028
31957.9,33.7283,3.12288,176.811,178.86
31958,33.7283,6.77436,176.811,178.483
31957.9,44.7638,10.5062,174.344,178.152
31957.9,44.7638,14.1541,174.344,177.801
31957.9,44.7638,17.807,174.344,177.229
31957.9,55.6229,21.5582,171.189,176.674
31957.9,55.6229,25.1967,171.189,176.124
31957.9,55.6229,28.9085,171.189,175.309
31958,55.6229,32.6482,171.189,174.436
31957.9,66.2618,36.2617,167.359,173.737
31958,66.2618,39.642,167.359,173.1
31958,66.2618,42.9456,167.359,172.244
31957.9,76.6403,46.2916,162.868,171.269
31958.2,76.6403,49.5665,162.868,170.261
31958,76.6403,52.873,162.868,168.992
31958.3,86.7154,56.262,157.735,167.789
31958,86.7154,59.5893,157.735,166.633
31958.2,86.7154,62.9187,157.735,165.224
31958,96.4484,66.3407,151.979,163.758
31958,96.4484,69.6357,151.979,162.331
31958,96.4484,72.9809,151.979,160.689
31958,105.801,76.3534,145.623,158.997
31958,105.801,79.6735,145.623,157.393
31958,105.801,83.0022,145.623,155.567
31958,114.736,86.3811,138.692,153.666
31958,114.736,89.6166,138.692,151.84
31958,114.736,92.8414,138.692,149.786
31958,123.218,96.0976,131.214,147.686
31958,123.218,99.2628,131.214,145.655
31958,123.218,102.435,131.214,143.38
31958,131.214,105.587,123.218,141.135
31958,131.214,108.618,123.218,138.903
31958.1,131.214,111.629,123.218,136.516
31958.1,131.214,114.672,123.218,134.068
31958.1,138.692,117.536,114.735,131.941
31958.1,138.692,120.123,114.735,130.046
31958.1,138.692,122.631,114.735,127.999
31958.1,145.623,125.152,105.8,125.805
31958.1,145.623,127.584,105.8,123.448
31958.1,145.623,130.056,105.8,120.836
31958.3,151.979,132.541,96.448,118.135
31958.1,151.979,134.915,96.448,115.463
31958.1,151.979,137.31,96.448,112.621
31958.2,157.735,139.705,86.7153,109.748
31958.1,157.735,141.973,86.7153,106.943
31958.2,157.735,144.263,86.7153,103.922
31958.2,162.869,146.543,76.64,100.902
31958.5,162.869,148.666,76.64,97.9247
31958.2,162.869,150.776,76.64,94.7698
31958.2,167.359,152.88,66.2613,91.5935
31958.2,167.359,154.8,66.2613,88.4954
31958.2,167.359,156.726,66.2613,85.2207
31958.2,171.19,158.646,55.6219,81.9567
31958.3,171.19,160.374,55.6219,78.7615
31958.3,171.19,162.037,55.6219,75.3576
31958.3,174.345,163.723,44.7633,71.9692
31958.3,174.345,165.261,44.7633,68.6282
31958.3,174.345,166.744,44.7633,65.1437
31958.3,174.345,168.163,44.7633,61.6723
31958.3,176.811,169.375,33.728,58.5031
31958.3,176.811,170.376,33.728,55.571
31958.3,176.811,171.307,33.728,52.512
31958.3,178.581,172.312,22.5588,49.3333
31958.4,178.581,173.259,22.5588,46.1748
31958.4,178.581,174.191,22.5588,42.7603
31958.4,179.644,175.065,11.3019,39.3079
31958.4,179.644,175.755,11.3019,35.9099
31958.4,179.644,176.455,11.3019,32.3129
31958.4,180,177.102,0,28.7585
31958.4,180,177.607,0,25.2409
31958.4,180,178.089,0,21.4495
31958.4,179.644,178.472,-11.3019,17.8477
31958.4,179.644,178.749,-11.3019,14.2649
31958.4,179.644,178.909,-11.3019,10.5102
31958.4,178.581,179.045,-22.5588,6.74963
31958.4,178.581,179.143,-22.5588,3.136
31958.4,178.581,179.114,-22.5588,-0.629333
31958.4,176.811,179.027,-33.728,-4.40059
31958.4,176.811,178.928,-33.728,-8.08415
31958.4,176.811,178.705,-33.728,-11.8921
31958.4,174.345,178.345,-44.7633,-15.6397
31958.4,174.345,178.004,-44.7633,-19.2296
31958.5,174.345,177.614,-44.7633,-23.0317
31958.5,174.345,177.066,-44.7633,-26.669
31958.5,171.19,176.502,-55.6219,-30.0539
31958.5,171.19,176.047,-55.6219,-33.1639
31958.5,171.19,175.574,-55.6219,-36.3733
31958.5,167.359,174.903,-66.2613,-39.6148
31958.5,167.359,174.104,-66.2613,-42.8599
31958.5,167.359,173.193,-66.2613,-46.3313
31958.5,162.869,172.139,-76.64,-49.7529
31958.5,162.869,171.149,-76.64,-53.0785
31958.5,162.869,170.101,-76.64,-56.6281
31958.5,157.735,168.904,-86.7153,-60.0723
31958.5,157.735,167.71,-86.7153,-63.4667
31958.5,157.735,166.408,-86.7153,-66.9701
31958.5,151.979,164.959,-96.448,-70.4166
31958.5,151.979,163.546,-96.448,-73.7375
31958.6,151.979,162.075,-96.448,-77.2279
31958.6,145.623,160.464,-105.8,-80.6353
31958.6,145.623,158.839,-105.8,-83.8862
31958.6,145.623,157.122,-105.8,-87.3209
31958.6,138.692,155.274,-114.735,-90.6596
31958.6,138.692,153.486,-114.735,-93.7932
31958.8,138.692,151.611,-114.735,-97.1022
31958.6,131.214,149.588,-123.218,-100.277
31958.6,131.214,147.604,-123.218,-103.309
31958.6,131.214,145.569,-123.218,-106.478
31958.6,131.214,143.339,-123.218,-109.496
31958.8,123.218,141.186,-131.214,-112.16
31958.6,123.218,139.226,-131.214,-114.509
31958.7,123.218,137.303,-131.214,-116.919
31958.7,114.736,135.233,-138.692,-119.442
31958.7,114.736,133.138,-138.692,-121.943
31958.7,114.736,130.956,-138.692,-124.681
31958.7,105.801,128.562,-145.623,-127.292
31958.7,105.801,126.191,-145.623,-129.781
31958.7,105.801,123.738,-145.623,-132.379
31958.7,96.4484,121.112,-151.979,-134.874
31958.7,96.4484,118.529,-151.979,-137.215
31958.8,96.4484,115.88,-151.979,-139.7
31958.7,86.7154,113.068,-157.735,-142.126
31958.9,86.7154,110.28,-157.735,-144.334
31958.7,86.7154,107.427,-157.735,-146.601
31958.7,76.6403,104.457,-162.868,-148.744
31958.7,76.6403,101.534,-162.868,-150.712
31958.7,76.6403,98.5291,-162.868,-152.837
31958.7,66.2618,95.4385,-167.359,-154.795
31958.8,66.2618,92.363,-167.359,-156.587
31958.8,66.2618,89.2408,-167.359,-158.488
31958.7,55.6229,86.0161,-171.189,-160.235
31958.7,55.6229,82.82,-171.189,-161.836
31958.8,55.6229,79.6046,-171.189,-163.477
31958.8,55.6229,76.2271,-171.189,-164.979
31958.7,44.7638,72.9723,-174.344,-166.174
31958.7,44.7638,69.8774,-174.344,-167.27
31958.8,44.7638,66.8693,-174.344,-168.455
31958.7,33.7283,63.7428,-176.811,-169.655
31958.7,33.7283,60.635,-176.811,-170.707
31958.7,33.7283,57.4949,-176.811,-171.844
31958.7,22.5594,54.2272,-178.58,-172.805
31958.7,22.5594,50.9709,-178.58,-173.663
31958.7,22.5594,47.6264,-178.58,-174.603
31958.7,11.3016,44.1929,-179.644,-175.379
31958.8,11.3016,40.791,-179.644,-176.097
31958.8,11.3016,37.3433,-179.644,-176.851
31958.8,0,33.7434,-180,-177.397
31958.8,0,30.2361,-180,-177.871
31958.8,0,26.6585,-180,-178.259
31958.8,-11.3016,22.9769,-179.644,-178.59
31958.8,-11.3016,19.3885,-179.644,-178.796
31958.8,-11.3016,15.7507,-179.644,-178.932
31958.8,-22.5594,12.011,-178.58,-179.051
31958.8,-22.5594,8.37094,-178.58,-179.065
31958.8,-22.5594,4.65562,-178.58,-179.041
31958.8,-22.5594,0.918788,-178.58,-178.996
31958.8,-33.7283,-2.70401,-176.811,-178.937
31958.9,-33.7283,-6.11808,-176.811,-178.823
31958.9,-33.7283,-9.52642,-176.811,-178.502
31958.9,-44.7638,-12.9061,-174.344,-178.172
31958.9,-44.7638,-16.262,-174.344,-177.793
31958.9,-44.7638,-19.6482,-174.344,-177.132
31958.9,-55.6229,-23.1296,-171.189,-176.52
31958.9,-55.6229,-26.5401,-171.189,-176.019
31958.9,-55.6229,-30.0331,-171.189,-175.265
31958.9,-66.2618,-33.6014,-167.359,-174.44
31958.9,-66.2618,-37.0886,-167.359,-173.688
31958.9,-66.2618,-40.6397,-167.359,-172.679
31958.9,-76.6403,-44.2066,-162.868,-171.545
31958.9,-76.6403,-47.7225,-162.868,-170.507
31958.9,-76.6403,-51.2585,-162.868,-169.217
31958.9,-86.7154,-54.8512,-157.735,-167.943
31959,-86.7154,-58.324,-157.735,-166.719
31959,-86.7154,-61.8436,-157.735,-165.319
31959,-96.4484,-65.414,-151.979,-163.851
31959.1,-96.4484,-68.8733,-151.979,-162.38
31959,-96.4484,-72.3411,-151.979,-160.713
31959,-105.801,-75.8671,-145.623,-159.055
31959.1,-105.801,-79.269,-145.623,-157.422
31959,-105.801,-82.6888,-145.623,-155.559
31959,-105.801,-86.0713,-145.623,-153.681
31959,-114.736,-89.3419,-138.692,-152.058
31959,-114.736,-92.3422,-138.692,-150.709
31959,-114.736,-95.28,-138.692,-149.252
31959,-123.218,-98.2286,-131.214,-147.476
31959,-123.218,-101.08,-131.214,-145.503
31959,-123.218,-103.963,-131.214,-143.241
31959,-131.214,-106.867,-123.218,-140.988
31959.1,-131.214,-109.707,-123.218,-138.839
31959.1,-131.214,-112.532,-123.218,-136.427
31959.1,-138.692,-115.413,-114.735,-134.06
31959.1,-138.692,-118.181,-114.735,-131.637
31959.1,-138.692,-120.916,-114.735,-129.092
31959.1,-145.623,-123.729,-105.8,-126.501
31959.1,-145.623,-126.393,-105.8,-123.983
31959.1,-145.623,-129.028,-105.8,-121.207
31959.1,-151.979,-131.702,-96.448,-118.497
31959.1,-151.979,-134.209,-96.448,-115.803
31959.2,-151.979,-136.718,-96.448,-112.9
31959.1,-157.735,-139.239,-86.7153,-110.014
31959.1,-157.735,-141.587,-86.7153,-107.147
31959.2,-157.735,-143.924,-86.7153,-104.06
31959.1,-162.869,-146.273,-76.64,-101.033
31959.1,-162.869,-148.459,-76.64,-98.0646
31959.1,-162.869,-150.612,-76.64,-94.9025
31959.3,-162.869,-152.761,-76.64,-91.7073
31959.2,-167.359,-154.697,-66.2613,-88.8687
31959.2,-167.359,-156.33,-66.2613,-86.2483
31959.2,-167.359,-157.864,-66.2613,-83.488
31959.2,-171.19,-159.46,-55.6219,-80.6092
31959.2,-171.19,-160.998,-55.6219,-77.6806
31959.2,-171.19,-162.575,-55.6219,-74.4462
31959.2,-174.345,-164.148,-44.7633,-71.2486
31959.2,-174.345,-165.596,-44.7633,-68.077
31959.3,-174.345,-166.991,-44.7633,-64.6767
31959.4,-176.811,-168.357,-33.728,-61.2836
31959.3,-176.811,-169.581,-33.728,-57.9733
31959.3,-176.811,-170.769,-33.728,-54.4284
31959.3,-178.581,-171.949,-22.5588,-50.9239
31959.3,-178.581,-172.952,-22.5588,-47.4844
31959.4,-178.581,-173.865,-22.5588,-43.8092
31959.4,-179.644,-174.76,-11.3019,-40.2181
31959.3,-179.644,-175.539,-11.3019,-36.6353
31959.4,-179.644,-176.265,-11.3019,-32.8593
31959.3,-180,-176.926,0,-29.197
31959.4,-180,-177.486,0,-25.6107
31959.4,-180,-177.969,0,-21.8441
31959.4,-179.644,-178.358,11.3019,-18.1001
31959.4,-179.644,-178.672,11.3019,-14.4593
31959.4,-179.644,-178.864,11.3019,-10.6323
31959.4,-179.644,-179.01,11.3019,-6.91082
31959.4,-178.581,-179.139,22.5588,-3.50222
31959.4,-178.581,-179.207,22.5588,-0.318815
31959.4,-178.581,-179.173,22.5588,2.89185
31959.6,-176.811,-179.06,33.728,6.21393
31959.4,-176.811,-178.956,33.728,9.52415
31959.5,-176.811,-178.733,33.728,13.024
31959.6,-174.345,-178.377,44.7633,16.5215
31959.5,-174.345,-178.057,44.7633,20.0154
31959.5,-174.345,-177.657,44.7633,23.6385
31959.5,-171.19,-177.068,55.6219,27.2213
31959.5,-171.19,-176.47,55.6219,30.7354
31959.5,-171.19,-175.772,55.6219,34.4166
31959.5,-167.359,-174.931,66.2613,38.1013
31959.5,-167.359,-174.142,66.2613,41.6391
31959.6,-167.359,-173.273,66.2613,45.3724
31959.6,-162.869,-172.27,76.64,48.9624
31959.6,-162.869,-171.265,76.64,52.4444
31959.6,-162.869,-170.187,76.64,56.1363
31959.6,-157.735,-168.955,86.7153,59.7867
31959.7,-157.735,-167.723,86.7153,63.2545
31959.6,-157.735,-166.421,86.7153,66.8196
31959.6,-157.735,-164.974,86.7153,70.2945
31959.7,-151.979,-163.614,96.448,73.4661
31959.7,-151.979,-162.409,96.448,76.2856
31959.7,-151.979,-161.223,96.448,79.1905
31959.7,-145.623,-159.883,105.8,82.1665
31959.7,-145.623,-158.42,105.8,85.1366
31959.7,-145.623,-156.834,105.8,88.2631
31959.7,-138.692,-155.086,114.735,91.411
31959.7,-138.692,-153.326,114.735,94.4569
31959.7,-138.692,-151.471,114.735,97.6
31959.7,-131.214,-149.484,123.218,100.683
31959.8,-131.214,-147.538,123.218,103.639
31959.8,-131.214,-145.479,123.218,106.708
31959.8,-123.218,-143.27,131.214,109.727
31959.8,-123.218,-141.122,131.214,112.576
31959.8,-123.218,-138.884,131.214,115.521
31959.8,-114.736,-136.508,138.692,118.408
31959.8,-114.736,-134.175,138.692,121.146
31959.8,-114.736,-131.764,138.692,123.979
31959.8,-105.801,-129.21,145.623,126.708
31959.8,-105.801,-126.712,145.623,129.289
31959.9,-105.801,-124.155,145.623,131.969
31959.8,-96.4484,-121.45,151.979,134.537
31959.9,-96.4484,-118.821,151.979,136.919
31959.9,-96.4484,-116.101,151.979,139.471
31960,-96.4484,-113.268,151.979,141.864
31959.9,-86.7154,-110.516,157.735,143.866
31959.9,-86.7154,-107.886,157.735,145.523
31959.9,-86.7154,-105.34,157.735,147.256
31959.9,-76.6403,-102.684,162.868,149.176
31959.9,-76.6403,-99.9959,162.868,151.108
31960.1,-76.6403,-97.2603,162.868,153.199
31959.9,-66.2618,-94.3461,167.359,155.084
31959.9,-66.2618,-91.4535,167.359,156.792
31959.9,-66.2618,-88.5042,167.359,158.656
31959.9,-55.6229,-85.3806,171.189,160.386
31959.9,-55.6229,-82.3201,171.189,161.95
31959.9,-55.6229,-79.1571,171.189,163.603
31959.9,-44.7638,-75.8951,174.344,165.082
31959.9,-44.7638,-72.6452,174.344,166.356
31959.9,-44.7638,-69.3359,174.344,167.777
31959.9,-33.7283,-65.9534,176.811,169.12
31960,-33.7283,-62.5931,176.811,170.234
31960,-33.7283,-59.2156,176.811,171.422
31960,-22.5594,-55.6573,178.58,172.493
31960,-22.5594,-52.1995,178.58,173.454
31960,-22.5594,-48.6735,178.58,174.436
31960,-11.3016,-45.0923,179.644,175.221
31960,-11.3016,-41.5355,179.644,175.95
31960,-11.3016,-37.95,179.644,176.687
31960,-11.3016,-34.2978,179.644,177.26
31960,0,-30.6786,180,177.729
31960,0,-27.3363,180,178.188
31960,0,-24.0599,180,178.548
31960,11.3016,-20.6839,179.644,178.818
31960.1,11.3016,-17.4125,179.644,178.964
31960.1,11.3016,-14.0321,179.644,179.073
31960.1,22.5594,-10.5664,178.58,179.17
31960.1,22.5594,-7.12222,178.58,179.168
31960.1,22.5594,-3.65077,178.58,179.119
31960.1,33.7283,-0.0423173,176.811,179.045
31960.1,33.7283,3.47361,176.811,178.873
31960.1,33.7283,7.06986,176.811,178.484
31960.1,44.7638,10.7027,174.344,178.157
31960.1,44.7638,14.3657,174.344,177.803
31960.2,44.7638,17.9662,174.344,177.23
31960.2,55.6229,21.6708,171.189,176.676
31960.2,55.6229,25.2957,171.189,176.133
31960.2,55.6229,28.9515,171.189,175.304
31960.1,66.2618,32.6747,167.359,174.424
31960.2,66.2618,36.3226,167.359,173.608
31960.2,66.2618,39.9404,167.359,172.631
31960.2,66.2618,43.645,167.359,171.601
31960.2,76.6403,47.1946,162.868,170.754
31960.2,76.6403,50.5549,162.868,169.969
31960.2,76.6403,53.7939,162.868,168.943
31960.2,86.7154,57.099,157.735,167.784
31960.2,86.7154,60.3187,157.735,166.58
31960.3,86.7154,63.5735,157.735,165.095
31960.3,96.4484,66.9181,151.979,163.612
31960.3,96.4484,70.1535,151.979,162.212
31960.3,96.4484,73.4471,151.979,160.593
31960.3,105.801,76.7887,145.623,158.914
31960.3,105.801,80.0328,145.623,157.3
31960.3,105.801,83.287,145.623,155.456
31960.3,114.736,86.6078,138.692,153.58
31960.4,114.736,89.7895,138.692,151.759
31960.3,114.736,93.025,138.692,149.704
31960.3,123.218,96.2676,131.214,147.639
31960.4,123.218,99.3855,131.214,145.659
31960.4,123.218,102.518,131.214,143.394
31960.3,131.214,105.646,123.218,141.143
31960.4,131.214,108.696,123.218,138.925
31960.5,131.214,111.713,123.218,136.543
31960.4,138.692,114.741,114.735,134.144
31960.4,138.692,117.634,114.735,131.776
31960.4,138.692,120.491,114.735,129.157
31960.4,138.692,123.384,114.735,126.578
31960.5,145.623,126.07,105.8,124.218
31960.4,145.623,128.507,105.8,122.126
31960.5,145.623,130.849,105.8,119.899
31960.5,151.979,133.197,96.448,117.531
31960.5,151.979,135.468,96.448,115.057
31960.5,151.979,137.772,96.448,112.284
31960.4,157.735,140.079,86.7153,109.466
31960.5,157.735,142.295,86.7153,106.722
31960.5,157.735,144.51,86.7153,103.753
31960.5,162.869,146.721,76.64,100.789
31960.5,162.869,148.797,76.64,97.8441
31960.5,162.869,150.876,76.64,94.6927
31960.5,167.359,152.958,66.2613,91.5484
31960.5,167.359,154.864,66.2613,88.4658
31960.5,167.359,156.778,66.2613,85.1674
31960.5,171.19,158.676,55.6219,81.8904
31960.5,171.19,160.38,55.6219,78.6904
31960.5,171.19,162.052,55.6219,75.2877
31960.5,174.345,163.743,44.7633,71.9253
31960.6,174.345,165.264,44.7633,68.6234
31960.6,174.345,166.724,44.7633,65.1307
31960.6,176.811,168.138,33.728,61.619
31960.6,176.811,169.391,33.728,58.2116
31960.6,176.811,170.623,33.728,54.5766
31960.6,176.811,171.83,33.728,50.9914
31960.6,178.581,172.835,22.5588,47.7772
31960.6,178.581,173.627,22.5588,44.8036
31960.6,178.581,174.388,22.5588,41.6889
31960.6,179.644,175.194,11.3019,38.4972
31960.6,179.644,175.872,11.3019,35.2794
31960.6,179.644,176.559,11.3019,31.8198
31960.6,180,177.182,0,28.3366
31960.6,180,177.675,0,24.909
31960.6,180,178.144,0,21.2705
31960.6,179.644,178.516,-11.3019,17.6747
31960.7,179.644,178.785,-11.3019,14.131
31960.7,179.644,178.939,-11.3019,10.3905
31960.7,178.581,179.07,-22.5588,6.69748
31960.7,178.581,179.16,-22.5588,3.10044
31960.7,178.581,179.126,-22.5588,-0.658963
31960.7,176.811,179.04,-33.728,-4.41007
31960.7,176.811,178.939,-33.728,-8.09244
31960.7,176.811,178.715,-33.728,-11.8364
31960.7,174.345,178.35,-44.7633,-15.616
31960.7,174.345,178.007,-44.7633,-19.2569
31960.7,174.345,177.63,-44.7633,-23.0815
31960.7,171.19,177.065,-55.6219,-26.7982
31960.7,171.19,176.467,-55.6219,-30.4154
31960.7,171.19,175.79,-55.6219,-34.1724
31960.7,171.19,174.979,-55.6219,-37.9093
31960.7,167.359,174.167,-66.2613,-41.2361
31960.7,167.359,173.574,-66.2613,-44.2702
31960.7,167.359,172.948,-66.2613,-47.411
31960.7,162.869,172.128,-76.64,-50.5908
31960.7,162.869,171.239,-76.64,-53.7707
31960.8,162.869,170.159,-76.64,-57.1959
31960.8,157.735,168.886,-86.7153,-60.563
31960.8,157.735,167.721,-86.7153,-63.8684
31960.8,157.735,166.42,-86.7153,-67.3422
31960.8,151.979,164.937,-96.448,-70.7425
31960.8,151.979,163.529,-96.448,-74.0421
31960.8,151.979,162.111,-96.448,-77.4673
31960.9,145.623,160.452,-105.8,-80.8332
31961,145.623,158.828,-105.8,-84.0664
31960.9,145.623,157.115,-105.8,-87.4121
31960.9,138.692,155.291,-114.735,-90.6797
31960.9,138.692,153.55,-114.735,-93.8145
31960.9,138.692,151.665,-114.735,-97.0667
31960.9,131.214,149.584,-123.218,-100.239
31960.9,131.214,147.663,-123.218,-103.266
31960.9,131.214,145.629,-123.218,-106.457
31961,131.214,143.415,-123.218,-109.524
31961,123.218,141.2,-131.214,-112.201
31961,123.218,139.251,-131.214,-114.565
31961,123.218,137.379,-131.214,-116.946
31961,114.736,135.247,-138.692,-119.441
31961,114.736,133.155,-138.692,-121.969
31961,114.736,131.041,-138.692,-124.665
31961,105.801,128.578,-145.623,-127.262
31961,105.801,126.269,-145.623,-129.742
31961,105.801,123.831,-145.623,-132.351
31961,96.4484,121.137,-151.979,-134.839
31961,96.4484,118.633,-151.979,-137.209
31961,96.4484,115.985,-151.979,-139.695
31961.1,86.7154,113.066,-157.735,-142.012
31961.1,86.7154,110.382,-157.735,-144.216
31961.1,86.7154,107.556,-157.735,-146.528
31961.1,76.6403,104.494,-162.868,-148.708
31961.2,76.6403,101.663,-162.868,-150.765
31961.1,76.6403,98.5506,-162.868,-152.882
31961.3,66.2618,95.455,-167.359,-154.872
31961.2,66.2618,92.3787,-167.359,-156.639
31961.3,66.2618,89.3556,-167.359,-158.551
31961.2,55.6229,86.0168,-171.189,-160.283
31961.2,55.6229,82.9068,-171.189,-161.786
31961.2,55.6229,79.6757,-171.189,-163.315
31961.2,55.6229,76.3204,-171.189,-164.831
31961.2,44.7638,72.9788,-174.344,-166.081
31961.2,44.7638,70.0029,-174.344,-167.2
31961.3,44.7638,67.0084,-174.344,-168.433
31961.3,33.7283,63.8088,-176.811,-169.619
31961.3,33.7283,60.7992,-176.811,-170.67
31961.3,33.7283,57.6749,-176.811,-171.812
31961.3,22.5594,54.2874,-178.58,-172.787
31961.3,22.5594,51.1509,-178.58,-173.647
31961.3,22.5594,47.805,-178.58,-174.59
31961.3,11.3016,44.2431,-179.644,-175.366
31961.4,11.3016,40.918,-179.644,-176.097
31961.4,11.3016,37.481,-179.644,-176.851
31961.4,0,33.7735,-180,-177.393
31961.5,0,30.3645,-180,-177.87
31961.4,0,26.6922,-180,-178.255
31961.4,-11.3016,22.9927,-179.644,-178.586
31961.4,-11.3016,19.4918,-179.644,-178.792
31961.4,-11.3016,15.8747,-179.644,-178.929
31961.5,-22.5594,12.0009,-178.58,-179.049
31961.4,-22.5594,8.34369,-178.58,-179.065
31961.4,-22.5594,4.77899,-178.58,-179.039
31961.4,-33.7283,0.894402,-176.811,-178.995
31961.6,-33.7283,-2.67603,-176.811,-178.849
31961.5,-33.7283,-6.52189,-176.811,-178.551
31961.5,-33.7283,-10.2114,-176.811,-178.227
31961.5,-44.7638,-13.9898,-174.344,-177.964
31961.5,-44.7638,-17.3185,-174.344,-177.612
31961.5,-44.7638,-20.6609,-174.344,-176.988
31961.5,-55.6229,-24.1646,-171.189,-176.415
31961.6,-55.6229,-27.38,-171.189,-175.934
31961.6,-55.6229,-30.792,-171.189,-175.196
31961.7,-66.2618,-34.3602,-167.359,-174.385
31961.6,-66.2618,-37.7865,-167.359,-173.628
31961.6,-66.2618,-41.126,-167.359,-172.641
31961.6,-76.6403,-44.7768,-162.868,-171.513
31961.6,-76.6403,-48.0976,-162.868,-170.475
31961.7,-76.6403,-51.5891,-162.868,-169.209
31961.8,-86.7154,-55.242,-157.735,-167.932
31961.7,-86.7154,-58.6941,-157.735,-166.75
31961.8,-86.7154,-62.058,-157.735,-165.303
31961.8,-96.4484,-65.7217,-151.979,-163.838
31961.7,-96.4484,-69.135,-151.979,-162.421
31961.8,-96.4484,-72.4537,-151.979,-160.708
31961.8,-105.801,-76.0514,-145.623,-159.048
31961.8,-105.801,-79.2919,-145.623,-157.458
31961.8,-105.801,-82.6895,-145.623,-155.616
31961.8,-114.736,-86.1746,-138.692,-153.679
31961.8,-114.736,-89.3771,-138.692,-151.871
31961.8,-114.736,-92.6204,-138.692,-149.747
31961.8,-114.736,-95.9384,-138.692,-147.678
31961.8,-123.218,-99.1717,-131.214,-145.909
31961.8,-123.218,-101.974,-131.214,-144.424
31961.8,-123.218,-104.766,-131.214,-142.855
31961.8,-131.214,-107.678,-123.218,-140.91
31961.8,-131.214,-110.333,-123.218,-138.961
31961.9,-131.214,-113.055,-123.218,-136.589
31961.9,-138.692,-115.933,-114.735,-134.113
31961.9,-138.692,-118.567,-114.735,-131.721
31961.9,-138.692,-121.247,-114.735,-129.204
31961.9,-145.623,-124.089,-105.8,-126.523
31961.9,-145.623,-126.622,-105.8,-124.004
31961.9,-145.623,-129.246,-105.8,-121.237
31961.9,-151.979,-131.97,-96.448,-118.511
31962,-151.979,-134.387,-96.448,-115.896
31962,-151.979,-136.871,-96.448,-112.892
31962.1,-157.735,-139.461,-86.7153,-110.012
31962,-157.735,-141.802,-86.7153,-107.23
31962,-157.735,-144.065,-86.7153,-104.082
31962,-162.869,-146.461,-76.64,-101.05
31962,-162.869,-148.542,-76.64,-98.1807
31962,-162.869,-150.674,-76.64,-94.9973
31962,-167.359,-152.86,-66.2613,-91.7061
31962.1,-167.359,-154.766,-66.2613,-88.5985
31962.1,-167.359,-156.683,-66.2613,-85.2954
31962.1,-167.359,-158.613,-66.2613,-81.9793
31962.1,-171.19,-160.375,-55.6219,-78.9689
31962.1,-171.19,-161.723,-55.6219,-76.243
31962.1,-171.19,-162.969,-55.6219,-73.389
31962.1,-174.345,-164.312,-44.7633,-70.4225
31962.1,-174.345,-165.619,-44.7633,-67.4003
31962.2,-174.345,-167.033,-44.7633,-64.1896
31962.1,-176.811,-168.445,-33.728,-60.877
31962.1,-176.811,-169.615,-33.728,-57.6332
31962.2,-176.811,-170.793,-33.728,-54.1748
31962.3,-178.581,-171.99,-22.5588,-50.7034
31962.2,-178.581,-172.961,-22.5588,-47.1953
31962.2,-178.581,-173.885,-22.5588,-43.5615
31962.2,-179.644,-174.813,-11.3019,-40.1636
31962.3,-179.644,-175.557,-11.3019,-36.5867
31962.2,-179.644,-176.276,-11.3019,-32.8853
31962.3,-180,-176.951,0,-29.2006
31962.3,-180,-177.492,0,-25.6119
31962.3,-180,-177.975,0,-21.8513
31962.3,-179.644,-178.373,11.3019,-18.1487
31962.3,-179.644,-178.673,11.3019,-14.5778
31962.3,-179.644,-178.865,11.3019,-10.6892
31962.3,-179.644,-179.012,11.3019,-7.08741
31962.3,-178.581,-179.144,22.5588,-3.59467
31962.3,-178.581,-179.207,22.5588,-0.443259
31962.4,-178.581,-179.175,22.5588,2.65481
31962.4,-176.811,-179.06,33.728,6.07881
31962.4,-176.811,-178.959,33.728,9.27526
31962.4,-176.811,-178.735,33.728,12.909
31962.4,-174.345,-178.368,44.7633,16.4243
31962.4,-174.345,-178.06,44.7633,19.8092
31962.4,-174.345,-177.66,44.7633,23.4868
31962.4,-171.19,-177.051,55.6219,27.1396
31962.4,-171.19,-176.474,55.6219,30.6619
31962.5,-171.19,-175.777,55.6219,34.4794
31962.6,-167.359,-174.909,66.2613,37.9852
31962.5,-167.359,-174.112,66.2613,41.4483
31962.5,-167.359,-173.269,66.2613,45.1674
31962.5,-162.869,-172.232,76.64,48.8047
31962.5,-162.869,-171.264,76.64,52.4516
31962.5,-162.869,-170.192,76.64,55.9716
31962.6,-157.735,-168.956,86.7153,59.5212
31962.6,-157.735,-167.723,86.7153,63.04
31962.6,-157.735,-166.418,86.7153,66.6074
31962.7,-151.979,-164.981,96.448,70.112
31962.6,-151.979,-163.583,96.448,73.485
31962.6,-151.979,-162.113,96.448,77.088
31962.6,-151.979,-160.478,96.448,80.4077
31962.6,-145.623,-158.833,105.8,83.5816
31962.6,-145.623,-157.443,105.8,86.2507
31962.6,-145.623,-156.074,105.8,89.0596
31962.6,-138.692,-154.521,114.735,92.0652
31962.6,-138.692,-152.949,114.735,94.8385
31962.7,-138.692,-151.172,114.735,97.9307
31962.7,-131.214,-149.258,123.218,100.93
31962.7,-131.214,-147.356,123.218,103.831
31962.7,-131.214,-145.341,123.218,106.93
31962.7,-123.218,-143.164,131.214,109.785
31962.7,-123.218,-141.044,131.214,112.695
31962.7,-123.218,-138.822,131.214,115.57
31962.8,-114.736,-136.455,138.692,118.447
31962.7,-114.736,-134.136,138.692,121.148
31962.8,-114.736,-131.743,138.692,123.945
31962.9,-105.801,-129.119,145.623,126.681
31962.8,-105.801,-126.716,145.623,129.339
31962.8,-105.801,-124.162,145.623,131.953
31962.9,-96.4484,-121.452,151.979,134.528
31962.8,-96.4484,-118.815,151.979,136.896
31962.8,-96.4484,-116.102,151.979,139.411
31962.9,-86.7154,-113.266,157.735,141.79
31962.8,-86.7154,-110.458,157.735,144.018
31962.9,-86.7154,-107.572,157.735,146.324
31962.9,-86.7154,-104.598,157.735,148.533
31962.9,-76.6403,-101.668,162.868,150.431
31962.9,-76.6403,-98.9264,162.868,151.88
31962.9,-76.6403,-96.2705,162.868,153.477
31962.9,-66.2618,-93.4625,167.359,155.199
31962.9,-66.2618,-90.6782,167.359,156.987
31962.9,-66.2618,-87.8056,167.359,158.85
31962.9,-55.6229,-84.776,171.189,160.538
31962.9,-55.6229,-81.8138,171.189,161.958
31963,-55.6229,-78.7339,171.189,163.469
31963,-44.7638,-75.53,174.344,164.955
31963,-44.7638,-72.3454,174.344,166.356
31963,-44.7638,-69.0777,174.344,167.87
31963,-33.7283,-65.6041,176.811,169.193
31963,-33.7283,-62.3714,176.811,170.279
31963,-33.7283,-58.9767,176.811,171.493
31963.1,-22.5594,-55.4744,178.58,172.514
31963,-22.5594,-52.051,178.58,173.463
31963,-22.5594,-48.5516,178.58,174.433
31963,-11.3016,-45.0041,179.644,175.217
31963,-11.3016,-41.4624,179.644,175.938
31963.1,-11.3016,-37.8898,179.644,176.683
31963,-11.3016,-34.2276,179.644,177.254
31963.1,-11.3016,-30.693,179.644,177.739
31963.1,-11.3016,-27.3313,179.644,178.113
31963.1,-11.3016,-24.3834,179.644,178.401
31963.1,-11.3016,-21.8357,179.644,178.628
31963.1,-11.3016,-19.7751,179.644,178.811
31963.1,-11.3016,-18.1706,179.644,178.962
31963.1,-11.3016,-16.8373,179.644,179.085
31963.1,-11.3016,-15.7557,179.644,179.188
31963.1,-11.3016,-14.8871,179.644,179.255
31963.2,-11.3016,-14.1914,179.644,179.315
31963.2,-11.3016,-13.6441,179.644,179.368
31963.2,-11.3016,-13.2145,179.644,179.401
31963.2,-11.3016,-12.8573,179.644,179.426
31963.2,-11.3016,-12.5561,179.644,179.461
31963.2,-11.3016,-12.3222,179.644,179.495
31963.2,-11.3016,-12.1329,179.644,179.512
31963.3,-11.3016,-11.9873,179.644,179.521
31963.3,-11.3016,-11.8697,179.644,179.531
31963.3,-11.3016,-11.7735,179.644,179.559
31963.3,-11.3016,-11.681,179.644,179.583
31963.3,-11.3016,-11.6007,179.644,179.584
31963.4,-11.3016,-11.5698,179.644,179.584
31963.3,-11.3016,-11.4967,179.644,179.584
31963.3,-11.3016,-11.478,179.644,179.584
31963.3,-11.3016,-11.4773,179.644,179.585
31963.4,-11.3016,-11.473,179.644,179.588
31963.4,-11.3016,-11.4149,179.644,179.589
31963.4,-11.3016,-11.3489,179.644,179.591
31963.4,-11.3016,-11.3482,179.644,179.592
31963.5,-11.3016,-11.3482,179.644,179.593
31963.4,-11.3016,-11.3482,179.644,179.596
31963.4,-11.3016,-11.3482,179.644,179.597
31963.4,-11.3016,-11.3482,179.644,179.599
31963.4,-11.3016,-11.3482,179.644,179.602
31963.4,-11.3016,-11.3482,179.644,179.607
31963.4,-11.3016,-11.3482,179.644,179.635
31963.4,-11.3016,-11.3482,179.644,179.656
31963.6,-11.3016,-11.3482,179.644,179.656
31963.4,-11.3016,-11.3475,179.644,179.656
31963.4,-11.3016,-11.3475,179.644,179.656
31963.4,-11.3016,-11.3468,179.644,179.656
31963.4,-11.3016,-11.3461,179.644,179.656
31963.4,-11.3016,-11.3453,179.644,179.656
31963.5,-11.3016,-11.3446,179.644,179.656
31963.4,-11.3016,-11.3396,179.644,179.656
31963.4,-11.3016,-11.2887,179.644,179.656
31963.5,-11.3016,-11.2471,179.644,179.656
31963.5,-11.3016,-11.2428,179.644,179.656
31963.5,-11.3016,-11.2428,179.644,179.656
31963.5,-11.3016,-11.2428,179.644,179.656
31963.5,-11.3016,-11.2435,179.644,179.656
31963.5,-11.3016,-11.2435,179.644,179.656
31963.6,-11.3016,-11.2442,179.644,179.655
31963.5,-11.3016,-11.2478,179.644,179.655
31963.5,-11.3016,-11.2521,179.644,179.655
31963.5,-11.3016,-11.2521,179.644,179.655
31963.5,-11.3016,-11.2521,179.644,179.655
31963.5,-11.3016,-11.2521,179.644,179.655
31963.5,-11.3016,-11.2521,179.644,179.655
31963.5,-11.3016,-11.2543,179.644,179.655
31963.5,-11.3016,-11.2564,179.644,179.654
31963.6,-11.3016,-11.2578,179.644,179.654
31963.6,-11.3016,-11.2593,179.644,179.654
31963.6,-11.3016,-11.2607,179.644,179.654
31963.6,-11.3016,-11.2621,179.644,179.654
31963.6,-11.3016,-11.2621,179.644,179.654
31963.6,-11.3016,-11.2629,179.644,179.653
31963.6,-11.3016,-11.2636,179.644,179.653
31963.7,-11.3016,-11.2643,179.644,179.653
31963.7,-11.3016,-11.265,179.644,179.653
31963.7,-11.3016,-11.2657,179.644,179.653
31963.7,-11.3016,-11.2672,179.644,179.653
