theta1,theta2,theta3,theta4,theta5,theta6,theta7,theta8,theta9,theta10,theta11,theta12,theta13,theta14,theta15,theta16,theta17,theta18,theta19,theta20,theta21,frame
14.773591599258152,63.22939013286089,41.89617520046686,51.94797964840452,140.18274942792996,9.28766088322684,14.269988525866784,15.677954113829077,-13.983884273647632,-57.19982372489641,-48.25274905262469,-52.394708445045964,-125.78696588261708,-8.550723569740487,-13.610178491574825,14.797105984791385,-6.2274954989699465,-7.152464576232896,-4.552780852213079,0,0,0
14.375575985753999,59.50322312724837,43.58270605575452,57.52993431727989,137.12275743646447,9.49131882743226,13.579860212981481,16.481528866567178,-14.174496924136117,-60.33579104193018,-50.16845617268861,-52.96146122641785,-125.55342571653216,-8.709061320223325,-13.80135125345052,15.90490016272221,-6.562303032374174,-5.637710527515206,-4.2952846542414305,0,0,1
12.599553485500495,57.75217054193956,44.307383378029606,59.37368059188072,139.30428201281055,10.276249913762832,13.873002153838751,17.551853526246653,-13.403787769701987,-61.64561454138489,-50.412555810488065,-52.8885533458613,-129.21694861594113,-9.28522510410752,-13.728627045855408,17.29688868258448,-3.9294466398949375,-5.135468781821209,-4.766934952402787,0,0,2
11.867530522525318,58.20704478868888,44.19036821034087,59.3272360832193,140.81442384649384,9.495427005936882,14.419363577354291,18.317755255554918,-12.627132081821713,-61.23949588671252,-50.407111287224566,-53.22481978550608,-132.17440301770637,-9.37956979835869,-14.040030016172162,18.09964433646434,-2.5479336792491134,-4.820936710063226,-4.939056209509332,0,0,3
11.427835387158455,57.79334748413701,43.329092222780055,58.68470944097194,141.99142546110886,8.970149673208791,14.642982645272387,18.596367388811228,-12.098074166448988,-57.21984294168875,-47.349936748084396,-57.26517840761437,-134.4951756534383,-9.458403973220129,-14.182074179231053,18.478302699697846,-1.1044881925926227,-4.341190327169585,-5.005987367181309,0,0,4
11.23798344898878,57.358690515897045,42.57546386695678,58.09025273541423,142.38093441123576,8.53390337300387,14.75512689906416,18.549399621510307,-11.697805444292378,-55.93049588308057,-46.676785478754944,-57.06649654381972,-136.0424122577441,-9.500206198766335,-14.365159121367386,18.51993349787643,-0.56341824697253,-3.738104451815991,-4.983802965501838,0,0,5
11.226705952895442,55.36950210966322,39.37172045304761,60.84929674692589,142.69801381807355,8.246218143927436,14.842442282756775,18.29667103390786,-11.605962451844155,-53.02928564400442,-43.5872719418808,-60.388339657817745,-136.92751492762767,-9.464962981596766,-14.516705955242259,18.3258134200828,0.02617231936830417,-3.333498337844509,-4.984388639390156,0,0,6
11.409709772648533,54.045412730214416,38.904472434578565,60.709950372384924,141.71870337497745,7.943156525967502,14.718308855788262,17.73307361864482,-11.684743561278374,-51.343456265244804,-43.213040651866,-60.508193558196155,-136.17790204810612,-9.251275272759498,-14.448357125928524,17.766142860893083,0.2313051966774109,-2.761191358752595,-4.913469270759607,0,0,7
11.265479229266312,51.113550043437016,38.89215349494675,61.215935294621524,139.68675055355928,7.750261266977159,14.50154399014313,16.980104128208254,-11.441333548505693,-47.59572845887809,-42.19018100552346,-62.26405679399788,-134.55170798553206,-8.850010791889678,-14.27134553157281,17.028264716282333,0.29636362005041234,-2.46671398572045,-4.758135601124895,0,0,8
11.130893766765796,45.33528856796022,39.66240765980964,62.85960074577557,134.23945165971503,7.192208684061546,13.816888039712511,15.644449145416761,-11.268156663420957,-40.97638502757908,-40.42189002885823,-66.39255577089367,-129.244161442518,-7.986474556047192,-13.58596085682853,15.749847431587154,0.3272884906542153,-2.0387556356296175,-4.624753272140857,0,0,9
10.175992339662994,34.382154926267184,40.002935577303994,67.67024597500807,122.76586220651873,5.485136988751258,12.678546261935994,13.290458870415598,-9.831831060217098,-28.810940882132467,-37.91752233944721,-72.41641776923616,-119.89279024652534,-6.087697350407252,-12.629490058234909,13.389165009695779,0.04854812861635255,-2.2652010446104525,-4.295727934643528,0,0,10
8.444035658613473,20.061111548674116,37.4561327174327,72.86811945828724,108.48365027675568,2.3160243267620153,11.635409447234997,9.778461197213597,-7.607617523042881,-14.949608481752085,-35.51027174141396,-76.70493740485983,-106.94351116827897,-3.0008262692882703,-11.51574499120825,10.12238014838296,-0.03987887070324679,-2.3174368496874704,-3.812476198181298,0,0,11
7.469797965970364,9.2192197572182,36.38738559779569,72.09763834144772,95.95844857883368,-1.829144982010212,10.82557796215567,6.211805558988101,-6.339932705541222,-3.840659307879805,-35.28596285653733,-75.7462115840779,-93.26936679513013,1.1546914236677166,-10.440073696987206,6.751509999596393,-0.47603410305429117,-2.8688793143561724,-2.9214702597434057,0,0,12
8.497747412472807,4.0444040004222375,36.674125217398235,67.98532663353103,84.46283979425927,-6.273697927849858,9.534438150423096,3.2894629330733016,-7.39979621094055,1.7226601564445612,-33.44079000517358,-74.4250485001028,-80.69898870715649,5.462502089337633,-8.929411307993126,4.0307690143149335,-1.0924879359907766,-3.6349466493045317,-2.1123105702172382,0,0,13
9.572863584062418,0.14525197159731842,34.38497271791868,67.15026128261813,75.845082758663,-9.648853517952428,8.26916875862907,1.4272412912736587,-8.38403244675491,5.836081931690708,-29.13621627893201,-76.31101836441941,-71.24597597015368,8.914552843204838,-7.349742670292305,2.2506756548990436,-1.5592843077873673,-3.9780538099949703,-1.4788739802952864,0,0,14
11.037263826075968,-2.1169480800384877,32.777729486775755,67.37396744175545,68.92234991207391,-12.193732450218114,6.963407509763247,0.28004703624075383,-9.942816511587928,7.184396654271037,-27.00205346723532,-76.09032497774815,-64.90921124410274,11.181254769046497,-5.987839793161321,1.2331583755021949,-1.831971404167943,-4.265538942853889,-1.0037421527534078,0,0,15
11.984998677192136,-3.6779319457948105,31.872875204942414,67.69541426537077,64.72913285906255,-13.70917034630496,6.0896784268765325,-0.28252799573841225,-11.054722643368168,7.642878361089798,-25.228839010577783,-76.00054354964266,-61.91946488480004,12.108021256931544,-5.295663524846052,0.8998793829968907,-2.081394854221881,-4.463965675156666,-0.5690218173961862,0,0,16
12.213140655848902,-6.152680469928829,29.77331489936147,71.15884411710678,61.93477652514705,-14.608595581286455,5.539352611422447,-0.7954514168539832,-11.331355550037438,9.06051281033663,-23.99946328352041,-75.5348325847167,-59.95435020807252,12.662897981795536,-4.937109502856882,0.6066824208435011,-2.215072301736123,-4.440040947404376,-0.2356724574434369,0,0,17
12.304635308649454,-7.581826149434918,29.237945697127696,70.933726740546,60.336304523096494,-15.042335854060308,5.097098424006413,-1.2143688414694114,-11.522867224175426,10.335983302625491,-22.835741938450116,-75.10550824283132,-58.92826217515131,12.9172848000138,-4.671543320680605,0.3501940672198681,-2.2655868978474163,-4.386399482535225,0.06226442087415609,0,0,18
12.1560274677829,-8.68548748385621,28.60818909078197,70.39915280768369,59.38552713427889,-15.203720275683564,4.75849986142726,-1.620885265837974,-11.399393625680874,11.616063444854339,-21.82769460546286,-74.4525025353346,-58.330287354824485,13.07559664806094,-4.437518733249757,0.0945314697900451,-2.28608721439471,-4.328557446857365,0.37472464954376505,0,0,19
11.96703357212771,-9.431851336117562,27.862571838389712,69.76113778489929,58.873018950188374,-15.150588807017112,4.491766956341801,-2.0404672993267177,-11.250781515946091,12.088597275549125,-22.456568867990008,-70.38480805583426,-58.00158871370568,13.173492329364121,-4.1980946663625796,-0.17262438475210465,-2.418842787640187,-4.198217619316556,0.7263441418521958,0,0,20
11.742018966337163,-10.215473985047145,26.98732942539226,69.01240752078265,58.28556729587259,-15.063346403828342,4.174407880879329,-2.338701885114671,-11.101258429730757,12.919737115435593,-21.498405249462458,-69.74053070040472,-57.62666390530102,13.1814109076361,-3.959020384131709,-0.4209172644882745,-2.5911563944412004,-4.222440379669857,1.0272041999459542,0,0,21
11.645222379193388,-10.656496372271096,26.078450952909606,68.40056946238929,57.9181084324798,-14.927560600609908,3.953781556848356,-2.6060743217133906,-10.993945058812455,13.54238838478467,-20.66266813812745,-69.20689276414002,-57.27179765952604,13.1465709763978,-3.689335888839036,-0.5560005634379401,-2.78038768762751,-3.9973215701512808,1.2763617920863797,0,0,22
11.524908596963614,-10.850201589656189,25.02546776601206,67.69755942941903,57.74346975148591,-14.700283161522773,3.752302987672481,-2.730477224211523,-10.826672872265197,14.057952357338385,-19.872288546082974,-68.63738636147306,-57.03301768909948,13.018465304843282,-3.439607551671103,-0.6103256948960498,-3.176169615026734,-3.9513056741770396,1.6288006339713588,0,0,23
11.901183718339617,-10.386835094574456,24.024242627075218,67.5782236636465,57.773094160685964,-14.485067866715367,3.563143348345003,-2.7374760010644135,-11.287604773308923,13.393471117146795,-19.033148429061672,-68.72443328180701,-57.06062607427911,12.797914988300462,-3.246511529114733,-0.5110717095158109,-3.5035552648041395,-4.157426347498889,1.8656412733989567,0,0,24
12.306869634281695,-9.954790566908038,23.151926044079666,67.56018554184038,57.733464788845346,-14.40939935684098,3.4119484742442743,-2.710155395250127,-11.793861809684852,12.725504206947742,-18.23914284704444,-68.88084150201291,-57.070456917293534,12.717478141642163,-3.1206271969920767,-0.40946951497485046,-4.019199168955414,-4.503241499307116,2.1490909517989203,0,0,25
12.935903589856835,-9.419367894343988,22.390037768709302,67.84338357227982,57.71583226153277,-14.351886599610232,3.2383844445776653,-2.6153680223354887,-12.484712392343193,11.281574078582882,-19.025059011480952,-65.81581136885326,-57.10449545362224,12.66236795421897,-2.961939479708752,-0.23831391072993272,-4.200248718400221,-4.272372610782199,2.2124926217210974,0,0,26
13.746503610364778,-8.590100917549035,21.75313611827551,68.3640524353067,57.76087906001419,-14.31503694112725,3.0676873984226667,-2.4429225400370522,-13.301444215178515,10.381407694632419,-18.494856552220078,-66.4223767776413,-57.19381027258103,12.616294292970235,-2.8321421187534757,0.05208610503037044,-4.380141823962474,-4.3881560442498415,2.272800490633999,0,0,27
13.982057198044654,-8.40869327584674,21.418552602149784,68.43653261485764,57.61016435014224,-14.473009254707609,2.940969141734763,-2.359883770781807,-13.500884885169242,10.218705204950343,-18.265562651577522,-66.52342862459462,-57.10640669588649,12.755348944230066,-2.7217968780180843,0.2069325309348809,-4.601935754106241,-4.244454238005977,2.3639043798818147,0,0,28
14.074747133949957,-8.38393969593257,21.38105790011363,68.50854134645708,57.3855998742793,-14.613410630034586,2.757113887829235,-2.3171591091820285,-13.583956207175875,10.149486665422312,-18.31934657742676,-66.63110823130738,-56.96298469794224,12.890096369225377,-2.5687946046126897,0.29645109853175944,-4.692178211794792,-4.182950855796306,2.440612123150592,0,0,29
13.876844964069777,-8.517781704969607,21.390808850914638,68.30008086526165,57.24101729165564,-14.680882489352921,2.6585834106973874,-2.286479768993043,-13.318374546583685,10.436986690012937,-18.619762280595236,-66.49112178861766,-56.79453293816483,13.01500361589877,-2.460664536584438,0.3542684834305097,-4.913418977227365,-4.191557785233576,2.5540623271322764,0,0,30
13.458269627390239,-8.72193760529791,21.633648950878783,67.97458661565103,57.27281888236084,-14.750949631601493,2.645394115578425,-2.314655084884232,-12.8414779321287,11.331213265170742,-17.70281635952963,-69.70324550346525,-56.772605604295975,13.106198616628898,-2.4219424937335807,0.38472698206564754,-5.003994567552553,-4.260912748714323,2.612411601123632,0,0,31
13.204435038396824,-8.838160830002451,21.83657822833149,67.8013427653246,57.25623940701223,-14.823475240201216,2.5849377262329045,-2.3289934745426133,-12.592093211379549,11.429122423185612,-18.24349447652686,-69.68922436662884,-56.76245576631651,13.180390904466178,-2.4017691272686243,0.3866329981574509,-5.107093782468304,-4.260578917845434,2.5588552220518554,0,0,32
12.848974064742789,-9.58174885873745,20.72397717151603,71.09385000289215,57.3633728739612,-14.884267918380306,2.5932272684730795,-2.3067354940079636,-12.258114890212497,11.36660178236769,-18.752917175096233,-69.56439469038703,-56.91172307682413,13.194302473859338,-2.4735496943204294,0.4495926640977238,-5.174156381519894,-4.369350543429212,2.5679758411678115,0,0,33
12.426946921211456,-9.589962793277422,21.099827528342864,70.8262099799948,57.57456813278534,-14.890401030526249,2.6502511770825605,-2.2636731603307805,-11.849211101397698,11.256622539458455,-19.382903324125195,-69.41602783049957,-57.12562518018575,13.176489986307727,-2.5801154968317133,0.5432528632811409,-5.364816889891746,-4.765723922358217,2.594783302334619,0,0,34
12.060158932592602,-9.529243620684303,21.381538661577114,70.56708667942688,57.77721623972696,-14.898204058007305,2.7275189115541374,-2.195496033077721,-11.48968275009292,11.690762890186821,-18.35857587735786,-72.6969615567438,-57.32740283824964,13.14463207707171,-2.7100067414517293,0.6592827409218348,-5.466841309066173,-5.111344645769374,2.6346100155552308,0,0,35
11.809202414560701,-9.490959846755038,21.559818588961814,70.38422249157362,57.9428184022273,-14.900255490503548,2.777133232543843,-2.1353599825369023,-11.246765364714124,11.540444213600276,-18.66561502406182,-72.57915497467842,-57.50151741539104,13.116140697139489,-2.8266818157926026,0.7436950402615368,-5.585053939355923,-5.4548681909132695,2.6859545092635693,0,0,36
11.650164021057893,-9.414378720847898,21.70139371515721,70.27888706139228,58.038320268628176,-14.904702135917827,2.828184917189667,-2.0421689032998573,-11.101982429782778,11.432186140337468,-18.82595297376161,-72.49731102923211,-57.613032424600064,13.117504138345412,-2.917243969811017,0.8439490730876967,-5.660759144695648,-5.726436685348382,2.7259543132498663,0,0,37
11.417690848693693,-9.512182628041598,21.774147834654926,70.06267076181425,58.040830478888154,-14.925326025044614,2.85984854636423,-2.0128983985223643,-10.870773696188676,11.568346802030238,-18.88251216693128,-72.2757626778186,-57.63029131245579,13.134415311106887,-2.984028333602011,0.8811710325208982,-5.7542805112795925,-6.0110214172934295,2.8244621414586013,0,0,38
11.201809913370745,-9.531044328184132,21.81207648181681,69.8452742289089,58.1090893316992,-14.842961900712583,2.8946918309611283,-1.9862336657059205,-10.612536196501543,11.799278849403176,-18.888417039011088,-72.00410801635219,-57.669584458396336,13.107975451297916,-3.0397551225731703,0.9064808378257685,-5.940255256789746,-6.201046169463399,2.9376232673438705,0,0,39
11.07856256489245,-9.552597165519053,21.76564499218018,69.68701714912268,58.14812863335846,-14.782068108186158,2.927793697857751,-1.9662259378536184,-10.460072713848517,11.934941957689249,-18.831082060294285,-71.81303353801786,-57.69523254755522,13.054446655694417,-3.082572972221005,0.9199820902814151,-5.915345504684424,-6.289702618443485,2.9450676952857604,0,0,40
11.005459903979451,-9.521393225201214,21.58277402089025,69.51454301284706,58.22856417206675,-14.694341754184574,2.9775068311204294,-1.9841272111322141,-10.370185716823856,11.988117631531638,-18.565603141329948,-71.58477081161298,-57.726472270745546,13.026335254974656,-3.1124396901432276,0.9273558964836671,-6.005500466531321,-6.403922731712757,2.9616776271968535,0,0,41
10.996753120334978,-9.494147034818065,21.437265277164947,69.42920310491924,58.2267913257148,-14.621747529084196,3.0112536245370594,-1.9609830342792558,-10.367819910050095,12.027232579630098,-18.323297573497904,-71.4609833979928,-57.654309994872726,13.029104371556343,-3.092554773329412,0.9534593867495313,-6.091605959760951,-6.37384000375657,3.01004335890211,0,0,42
10.967446486153746,-9.544156979780443,21.27451045709352,69.31400753404009,58.16299620582275,-14.563764899287385,2.993548705171046,-1.9642661344669703,-10.346736823629557,12.130288524916736,-18.070758812926105,-71.31406307475716,-57.557796670705414,13.052921216560703,-3.0498405538275866,0.9204412817279749,-6.204960403776246,-6.524959298747877,3.0720974381346355,0,0,43
10.910479293381254,-9.622742075726297,21.143661425671016,69.18832429336193,58.141887798503284,-14.520872589667627,2.999775738950513,-2.0096277563480744,-10.313361958023936,12.245129817854743,-17.75285553853069,-71.1249781289495,-57.50466598356526,13.061839269806299,-3.0306336876820645,0.8761694432210043,-6.319507938928243,-6.6445191007903786,3.155352969257997,0,0,44
10.861244728522863,-9.76692519342392,21.026876240294587,69.07959187663975,58.06423422981668,-14.495409685764596,2.9907131316617708,-2.072032844096873,-10.296428211524182,12.34170905726845,-17.513101526436568,-70.99234752088827,-57.45468296965353,13.076546281722962,-3.0011366605481733,0.8097237829092359,-6.45235376503867,-6.733452961328593,3.2105730209870758,0,0,45
10.751767041411313,-10.009884660445428,20.955291617577405,68.93072322338138,57.9635400194999,-14.480266811873335,2.965760418046086,-2.1540030385669224,-10.219603951287171,12.582773229418144,-17.34351341857952,-70.83276065553194,-57.37811375743986,13.101185939058885,-2.9690803874053198,0.7138377067627147,-6.593466015606885,-6.787721200622907,3.272840200197162,0,0,46
10.677752550244117,-10.22188594208092,20.853602358150415,68.80279412150055,57.83067388621571,-14.495954747387147,2.927684127821746,-2.2818244469616737,-10.14487997421994,12.800207367056295,-17.176756672605794,-70.67564336261317,-57.29418939087639,13.129716409453163,-2.9387606213296293,0.597978069795377,-6.729889111354567,-6.772680116166322,3.3213206783779743,0,0,47
10.552066824232126,-10.51857882179501,20.874149794133594,68.68120330296888,57.68468714387417,-14.505160721615038,2.8837780014426246,-2.402753852868712,-10.051171486354656,12.971356876685627,-17.165319886769907,-70.5702941778954,-57.2266873026476,13.155005348364952,-2.9070887421314153,0.46900766219532625,-6.740048011949954,-6.834925708775584,3.3352867015284255,0,0,48
10.459042209057491,-10.726304129755633,20.932349804650464,68.61329636637161,57.61734658412573,-14.457775414509596,2.860935487104858,-2.4916379651112015,-9.972779697703128,13.039255611613305,-17.192834395399878,-70.499255082447,-57.23788439082715,13.114271169926138,-2.9099668085163657,0.42817977434784005,-6.774964907024187,-6.8370966556281685,3.3329933316992943,0,0,49
10.321518911440224,-10.845058424070475,21.038974791490165,68.51633399494995,57.592470999656314,-14.471104782768967,2.881138800291355,-2.544771917021186,-9.83429078209195,13.178823152297472,-17.319209104369715,-70.41094112412564,-57.24454563395421,13.091677278894812,-2.9253417477018,0.369727674012267,-6.894015890536038,-6.948250972277477,3.3613431916356404,0,0,50
10.189013241541977,-11.535559757656019,19.60372190165868,71.86813318849559,57.55953519471183,-14.444950208140503,2.893438106766251,-2.6071497865434856,-9.708035589057909,13.232532000922621,-17.46564010239882,-70.340865160716,-57.217263933530596,13.078876578745433,-2.9351916393594912,0.3618203933538361,-7.017230084506653,-7.030170632438,3.3969922586208994,0,0,51
10.056610878254926,-11.656079210534653,19.702243570259558,71.77210550500685,57.5092632488024,-14.410890541580146,2.889648815346687,-2.650077897073937,-9.589120288060695,13.294969630679399,-17.541415938987956,-70.24488736130338,-57.17828152770169,13.065233869148454,-2.95138430480591,0.3361626146310834,-7.115048708139626,-7.12916855695723,3.431056829620614,0,0,52
9.991018010334354,-11.685057431452837,19.772096353958005,71.73580501186886,57.525624071986826,-14.353569711218272,2.925842778182655,-2.6821678754453737,-9.54758761526514,13.240763389046595,-17.705386691882605,-70.27449802172151,-57.17169988455005,13.04481625750653,-2.961518978704477,0.33301792869281077,-7.192984933044789,-7.172637231403896,3.4366925160406567,0,0,53
9.950033460219693,-11.662705545282785,19.80519291192559,71.705332623042,57.52746144689027,-14.307415064641013,2.9403021121184136,-2.6996546190137383,-9.510445900332257,13.228234768059938,-17.769242996459088,-70.26260365172462,-57.162029211087315,13.046200025786677,-2.9779429366823966,0.3447031272755181,-7.240123711213578,-7.25395954128065,3.4851715700934007,0,0,54
9.901693650142574,-11.629399139115407,19.840318234909567,71.66874677472308,57.55851861198149,-14.267599655059659,2.9891520425677274,-2.7087974492415614,-9.441846041629589,13.222969427053762,-17.82725407377731,-70.2133721137378,-57.162151321777614,13.05393548796162,-2.9989951706847977,0.37520672215513573,-7.289429043673303,-7.337360343735733,3.486560460752685,0,0,55
9.850528703070008,-11.552791771072183,19.897769561678622,71.63797259167086,57.587436153249705,-14.230759160110209,3.0392674003000746,-2.7094918554832397,-9.40082904811637,13.155068606092515,-17.91014630145983,-70.20582241526962,-57.19026148396925,13.042291005896885,-3.0209535404656447,0.3868410014455841,-7.338214892424169,-7.480745557362018,3.497734278274492,0,0,56
9.825351772015695,-11.49358165593324,19.9018077801538,71.61138879916926,57.632976053563354,-14.207212076822747,3.1016949752195053,-2.7100978743084334,-9.378361140841612,13.049894844467145,-17.921095191378086,-70.18370639922676,-57.23170692189645,13.045287644714094,-3.04940480895468,0.40513478305128453,-7.44113094534027,-7.582334065424256,3.5216680130034748,0,0,57
9.810680525678508,-11.466902679773263,19.886660509636688,71.58664529077083,57.645118703515486,-14.213724455178495,3.1396948601480443,-2.7179046047557414,-9.386603471622525,12.9679058093024,-17.882376042395865,-70.17259024720364,-57.263704533806205,13.051611607377613,-3.082341769561483,0.41795604561314087,-7.5406040886354475,-7.7206355222838665,3.5403351291999132,0,0,58
9.778369462036116,-11.45078914691599,19.850338974088555,71.53191892686985,57.65680191851076,-14.187543630077904,3.1743141077191566,-2.7320812133763486,-9.333526071582355,13.00199603578713,-17.883783711981604,-70.11576990431797,-57.2776843954987,13.050314680979858,-3.1044514551079256,0.3988689905604171,-7.59874984681779,-7.877002901788085,3.540421475712152,0,0,59
9.761597932529149,-11.462561585689505,19.883117207669873,71.5284361446151,57.6275445443876,-14.180508906178302,3.1823375519455306,-2.77734367955351,-9.337047034099497,12.951011518228272,-17.899727541557514,-70.12504397262063,-57.26962261488834,13.051397421960031,-3.104445895757405,0.3760612148274106,-7.59426969817334,-7.962698609477208,3.51469836209159,0,0,60
9.714860655586046,-11.393631531714892,19.871416736088175,71.47060631260177,57.69714348893198,-14.11850809668795,3.2439509360026992,-2.7948888664152247,-9.297237276522077,12.927083442064825,-17.938416967291115,-70.10005734099157,-57.31377794304439,13.035775028898836,-3.133532039533282,0.35873907533592797,-7.643510621321852,-8.043067906233079,3.5082672402831387,0,0,61
9.684466313779488,-11.359243444221084,19.871414486487726,71.43673034854177,57.731855545329374,-14.11170765935408,3.2736330866940855,-2.8361819366083996,-9.233958988956495,12.917458436845955,-17.96314775186635,-70.0419007260509,-57.340974189774926,13.041096909627283,-3.160210692272774,0.34692482658628115,-7.658452120393144,-8.100579798047203,3.492077110986113,0,0,62
9.639696131317347,-11.303886335781916,19.889072575264354,71.39511102189422,57.776434076074075,-14.082908160524964,3.3204341898953564,-2.845295861384845,-9.184921645810388,12.856645306043603,-18.00884690736802,-70.00974877171053,-57.41226778778994,13.01758109429359,-3.208862938841813,0.33714757262893597,-7.694300049522026,-8.233105017579431,3.5187771344641825,0,0,63
9.601501713478635,-11.2705909613571,19.948292802456287,71.38050764923383,57.77951703517339,-14.078390325466431,3.328285201102614,-2.873711431775013,-9.14867383188513,12.777825080724512,-18.097271983244354,-70.00929140886198,-57.42671737280607,13.013875046186294,-3.229210252089437,0.3196310201442379,-7.669755358029091,-8.25362081023358,3.4625528533211285,0,0,64
9.521776330391662,-11.267260672372204,20.0184649096166,71.32909935455024,57.8332089606854,-14.073714673044249,3.380158026390787,-2.8850688192887928,-9.055792650683065,12.809238374211642,-18.124683657366848,-69.92156605572106,-57.470104395430674,13.020471870979298,-3.27123635191007,0.3156858900935886,-7.728582798339892,-8.43308931225846,3.5019050725717698,0,0,65
9.462972670506083,-11.227080317872938,20.100513563606068,71.30251662544066,57.83634517843313,-14.0682718357301,3.394984711815853,-2.915607204136798,-9.001490085460526,12.814872044237303,-18.223971933368272,-69.9095622384698,-57.4885386235699,13.00968742427274,-3.2914369713790856,0.27986697242001546,-7.705642790164562,-8.482556397838778,3.4773601559033045,0,0,66
9.412981662197113,-11.209332401263119,20.15215237643262,71.27276356412023,57.859105254420214,-14.039623388144777,3.4164145458119197,-2.9374568129220147,-8.96156079957263,12.77844256737538,-18.27055722380333,-69.8876757893559,-57.528276567980626,13.00625483102772,-3.3228775211946324,0.26330595854551814,-7.727786227755699,-8.488632748757269,3.474307477536145,0,0,67
9.399910387673001,-11.199800963014237,20.190521610170777,71.27702387155114,57.86040738637541,-14.049966266500022,3.4296051454766943,-2.9579051404788492,-8.929127646298825,13.281234132860192,-16.813154333901846,-73.30293350131649,-57.55240923302414,12.99820939567007,-3.3471772588261897,0.2302111456677897,-7.723195182581835,-8.559808098917546,3.478136525123488,0,0,68
9.379938914539885,-11.166750959651655,20.189250892974478,71.25194616998182,57.85427297066879,-14.040894400927161,3.4382555136666015,-2.993636786283214,-8.913227819684682,12.762303142764619,-18.323235735813615,-69.85829499402885,-57.52883685603618,13.009434485460112,-3.343925518015854,0.20731707551900191,-7.715192344056893,-8.538122392155287,3.4785111857493587,0,0,69
9.345359374319402,-11.138554087663254,20.201684426024894,71.21876469209245,57.868356955479555,-14.030918078703985,3.436670232029075,-3.0184865898804736,-8.89851900730706,12.747627888842109,-18.327773784740312,-69.8444962229031,-57.552044421014934,13.00275946257499,-3.3649885497841026,0.18407483405199657,-7.688949603330072,-8.550882734908917,3.451336485096666,0,0,70
9.301882658931333,-11.192279112582375,20.195921408744212,71.16797739664534,57.84259268001951,-14.046885529771505,3.43872590634684,-3.0662658535603198,-8.834161549852615,13.337580602255922,-16.87600638069906,-73.22928965488347,-57.54530502237713,13.016281331519108,-3.3715931350562194,0.12338226914811647,-7.718741376012821,-8.592450046103787,3.486752447693911,0,0,71
9.22388104483614,-11.285529566947428,20.222894045614826,71.09587169856421,57.80447361002135,-14.056727170738727,3.4367869162737374,-3.137185403028294,-8.746636944507133,13.431983328198836,-16.937820192315474,-73.16434900941762,-57.52988253216594,13.02063770556944,-3.372305342142978,0.05190100301040712,-7.705359206667373,-8.55917191631412,3.462894749630144,0,0,72
9.188782410238737,-11.317209034518298,20.2181227162613,71.05599060485238,57.81446682124807,-14.037397942638227,3.4464257437510724,-3.1942978884999786,-8.704565540540793,13.430667193349306,-16.983057490434394,-73.13971451875268,-57.53709061420759,13.027229429181089,-3.3844009429960926,-0.010255206196289725,-7.718285015381588,-8.586108586417433,3.47245438466228,0,0,73
9.138158755657896,-11.334015574143049,20.2178285315387,71.00078766765392,57.83511658705666,-14.037363309328528,3.4577552739081012,-3.250532148132093,-8.659040622175365,13.446575101713233,-17.012353685040384,-73.10452885989791,-57.55495583628289,13.033124455662518,-3.396574098995739,-0.06097728792610359,-7.741899389698019,-8.590194422402028,3.4783799547721705,0,0,74
9.086989539717099,-11.379787194246585,20.21810666183104,70.94512370539915,57.83124789013212,-14.047522764144244,3.463323755108907,-3.3173950626095547,-8.615358147338549,13.435234931291413,-17.110877519107014,-73.10395686365955,-57.563589982179664,13.028512511722996,-3.4129510510484815,-0.13166722248815557,-7.741286773064602,-8.593815315342896,3.464505657660549,0,0,75
9.057462631935135,-11.360323337344505,20.24335784962068,70.9262352323016,57.87521853075351,-14.015629042746415,3.483561256826034,-3.344616338178013,-8.5899387445687,13.355682179178515,-17.126355454140235,-73.08278072412031,-57.61572463986791,13.00780905886364,-3.43342867108655,-0.1410989421335543,-7.745917976287692,-8.632859572657273,3.443736388367416,0,0,76
9.008153788769519,-11.361528153031362,20.31284641193391,70.90684479146569,57.8953178407715,-14.005766404492888,3.4960768328750906,-3.373831249770755,-8.562275624656502,13.30675286090827,-17.185520568259495,-73.08081330641267,-57.65021206666305,13.000948582503415,-3.4512622191698266,-0.16295812549927347,-7.726463687117171,-8.735228698189983,3.439088075755957,0,0,77
8.973410324008958,-11.397748872995264,20.316980279866392,70.87133993824492,57.894836178124685,-13.991781316637287,3.502111054997477,-3.4087320051474723,-8.518631569633767,13.273021625075272,-17.246805532311193,-73.06119251438366,-57.65744122316284,13.011327339580728,-3.4644429887766997,-0.18167692256873566,-7.782374660984671,-8.746194959212664,3.4527567579427854,0,0,78
8.920846895703832,-11.388059513314746,20.35195984115459,70.8292269825867,57.89540681344313,-13.987098744617327,3.499300598912865,-3.4559789073712825,-8.492058718667833,13.279018066313279,-17.300794860083606,-73.05806747247105,-57.654755646494216,13.012481550178759,-3.4699466542080284,-0.23956212626932583,-7.787339710245587,-8.813595144876647,3.475355400505615,0,0,79
8.890322780303045,-11.44780961819207,20.384225136364215,70.81161380525477,57.860921382569984,-13.981552957085865,3.482907434659965,-3.5027146527908433,-8.475881415618657,13.242333620486082,-17.30384022964294,-73.0394987193929,-57.64283012364102,13.020244191043943,-3.4696571218539383,-0.27628915890970873,-7.822161436401928,-8.848206346887338,3.490693450301141,0,0,80
8.875741180198714,-11.426043426706203,20.38066031494908,70.79333297061838,57.87671159212001,-13.942281289118165,3.4874150775872463,-3.5275176849127674,-8.45715559823542,13.233418770768433,-17.32379867478337,-73.02838019727157,-57.650207254588956,13.015436928412786,-3.4711308101128138,-0.32168176389947545,-7.85146417494427,-8.973335517789106,3.4924589697583466,0,0,81
8.848393102761982,-11.423643927300754,20.416123572815884,70.78088489755214,57.88820676755495,-13.942439423741822,3.48237296399801,-3.5529375543475266,-8.443847828411297,13.20772030169466,-17.355311099412848,-73.02800199383839,-57.64918651844871,13.027243862295773,-3.469554868866961,-0.34741491909881883,-7.910985738994765,-9.0639287312932,3.5218891807056454,0,0,82
8.829286502332518,-11.398730919066296,20.42780071018458,70.76742444711842,57.943762467513686,-13.911955726755986,3.5049402549363835,-3.5625084686562207,-8.414144189484558,13.164369607045117,-17.36213205421894,-72.99784146483826,-57.675861550493735,13.023184544554852,-3.473923418413282,-0.3690336644929487,-7.984473446057299,-9.177862946993168,3.5656096795308043,0,0,83
8.843716130727817,-11.353915511889781,20.43076782485541,70.78411635706841,57.95872275871559,-13.897533111807787,3.5055997527728047,-3.5834962879106755,-8.44871946083681,13.105464455799702,-17.370036756039028,-73.03852383533352,-57.67883101974643,13.04229367262832,-3.4668703127127753,-0.39840699709363075,-8.047916754204435,-9.256111006946421,3.595739901929244,0,0,84
8.831669384579206,-11.323110787462648,20.430193771693997,70.7693463961702,57.96701860425876,-13.895654023005275,3.5067996950579117,-3.600604761031023,-8.453972730082194,13.088138837179924,-17.356987501256057,-73.0364153349269,-57.66042126443865,13.073062857598616,-3.4575475156828936,-0.43480020232702027,-8.091948287390752,-9.306720335240374,3.629114795781529,0,0,85
8.806914217706142,-11.30829722373825,20.449669542766983,70.7509713170026,57.97399856428246,-13.903656905778258,3.4877885671568727,-3.6311202979432786,-8.452593885643498,13.108530426245954,-17.360069487047824,-73.03621821762843,-57.642434830135464,13.093167600564467,-3.441060444148452,-0.481225353831955,-8.106069946763418,-9.363077207991553,3.6433959361094863,0,0,86
8.804485231682555,-11.3287066205191,20.45136544834012,70.74929874331654,57.96244872631281,-13.902492620908818,3.479091721095325,-3.6698964148253017,-8.426701492273626,13.186090819907143,-17.36428306120121,-73.01042516948013,-57.61013783781482,13.118942338695904,-3.418521221074868,-0.5582659268785362,-8.158467373588246,-9.406522379373891,3.6765878790081308,0,0,87
8.78674979172897,-11.341533328207735,20.45587332699752,70.73160599609642,57.95402550944688,-13.886757270403184,3.473346536347762,-3.700784795769415,-8.423137841074173,13.184767731030425,-17.3336330825731,-72.99068107036659,-57.598026106572156,13.129021483169351,-3.4091668357506784,-0.5728360335241898,-8.225838016761832,-9.482646385484106,3.69929016899425,0,0,88
8.784253357587332,-11.369717385163776,20.45298451337154,70.72769406477661,57.939305353001195,-13.883139464532396,3.454382145786551,-3.7371043392649863,-8.431813035093734,13.210598186909797,-17.30952708640243,-72.98808369425663,-57.57044837785435,13.152720749126834,-3.381830252953168,-0.6325016950253338,-8.237172991974,-9.5703463945991,3.7413277456039915,0,0,89
8.761149388946118,-11.377493133635154,20.450313861745826,70.70079375389288,57.942558426444535,-13.851600540700641,3.449362966455417,-3.7561886423404602,-8.433882582412249,13.222098126454865,-17.291253966230236,-72.98162866035678,-57.56638281832009,13.150235957145085,-3.3736276340745133,-0.6536887868183779,-8.23471398903192,-9.601543695344514,3.7385890835841016,0,0,90
8.79624802354352,-11.39749900907869,20.445703982529544,70.73838809605462,57.93239056211483,-13.863278739190239,3.441455687175764,-3.778503409058438,-8.423358114674905,13.251368246565617,-17.284409683079055,-72.96758855757976,-57.567920078482274,13.161286413273055,-3.3541076911826737,-0.7038135197041173,-8.313800630967512,-9.621027140316901,3.7633519636111217,0,0,91
8.810730585904885,-11.36455153324187,20.418512811040685,70.74095980192135,57.95522411032794,-13.839221203344103,3.4372920580043043,-3.7862289125921946,-8.443385936868674,13.211646813109086,-17.243430112839466,-72.97046681840636,-57.607454406800755,13.12983203777354,-3.3567902857499754,-0.7218279074132723,-8.327899662914852,-9.67175223744439,3.7879997418622526,0,0,92
8.785279593510126,-11.463890556394952,20.44824760434337,70.7292289179714,57.91616919680004,-13.874641702806349,3.4132650654893903,-3.8493743001130287,-8.417508057650789,13.263986061243292,-17.316416617889185,-72.97851974217295,-57.593793172601494,13.153483933118874,-3.339948117933498,-0.7953874475208627,-8.399126251949431,-9.744587017773704,3.788421998191567,0,0,93
8.737751722170593,-11.528675849860488,20.508792671950655,70.70912017021672,57.920731668845484,-13.842322223795364,3.4130558602886665,-3.8716125341149894,-8.332496961919873,13.366452709654444,-17.36487280964785,-72.9105627210017,-57.59328284199,13.159078863045591,-3.3283367405092665,-0.8244159530072175,-8.418987378349158,-9.945236921920959,3.7836263907281054,0,0,94
8.720764187931124,-11.394630357212215,20.731178906800057,70.8037349915651,58.03945881291506,-13.790314519574183,3.442049746164489,-3.882101479639729,-8.324542352857746,13.260688712710474,-17.47009384776205,-72.95653693138654,-57.725571378549084,13.119118539868559,-3.36538671109528,-0.8185818907911884,-8.395628679302606,-10.155358074379722,3.773232805339392,0,0,95
8.671446807029048,-11.005893897530202,21.04997658307752,70.91717116153411,58.42522925276848,-13.621117865564832,3.5334602341623857,-3.775076874611517,-8.290058435285644,13.104094914454079,-17.69416700862044,-73.03588960707043,-57.96869479508923,13.012153065037255,-3.427100558415226,-0.791824013018467,-8.451763904932545,-10.323045587038946,3.7004527967445595,0,0,96
8.573968908515564,-10.43184939098898,21.661876773742485,71.13983161136986,59.090588555093774,-13.435822338700255,3.7233471453167577,-3.6384152111137893,-8.242965134732053,12.840489970082634,-18.056898831733626,-73.17403498435417,-58.32949889184909,12.934418832166891,-3.513849163145383,-0.6638183020046814,-8.363056345594202,-10.47869949250241,3.564232486220844,0,0,97
8.152550505594009,-9.19849337290087,23.095606144082577,71.49170473147605,60.86492435457853,-12.76656010894162,4.267973923835937,-3.1908122564811756,-8.012798858760023,12.546619780584658,-18.965353632852462,-73.39792140365198,-58.89396663368904,12.737961308118521,-3.6770603827699633,-0.32120970237871227,-8.380712290482112,-10.542644607719017,3.390553924301524,0,0,98
7.399970380764385,-4.936559749883486,27.48263650149981,73.5432912624235,67.25821950761352,-10.534680271986012,5.914545712226643,-1.610393537740511,-7.68341042471522,11.993115722484239,-20.974843308244285,-74.1300782356803,-59.91541440290644,12.25156397181409,-4.049712736809177,0.6998511222528007,-8.334148253536386,-10.28225519623532,3.3038749330716155,0,0,99
6.393267091448913,3.5121550863927813,37.569228028137275,81.43463763685088,79.57238972442903,-7.343849519872311,8.11960674125665,0.44770799682234425,-6.867604946286081,13.183492487165845,-21.968594507383017,-78.14827920158157,-60.914981709174924,12.385113549286451,-4.724464767339342,1.2801960071916012,-8.391273222757922,-10.501742225243003,3.99392328462581,0,0,100
5.486404519212925,15.111745639613389,49.48391591376655,85.64318503456147,90.99261978242605,-5.62422083390396,9.593303227731107,2.1532528408632974,-5.770098560823521,15.475262738415278,-22.134862637614074,-78.7044526824584,-60.38566856085632,13.878262494033853,-4.9214095072652135,0.8939312732866413,-8.150489844398392,-11.781511364871898,4.584766060185552,0,0,101
5.882491458050196,33.24127286619852,53.46721630157928,84.27107145744253,103.35814405545958,-4.089076945556093,10.660325416234457,4.508747770884686,-5.870548018512783,16.241192098620377,-20.43205171728204,-78.53993949763728,-59.93600190767663,14.573060166883037,-5.119326673364843,0.6344198405149961,-7.888997474276936,-13.131504438866449,5.14001865190905,0,0,102
6.172100016595199,49.64625285622132,55.865618065277324,79.9358091799316,111.81052153488231,-3.926967796722094,11.451348332376183,6.608649139163954,-5.898331947395925,16.549401581570386,-21.145666822526522,-75.07225236240815,-59.35718707016346,14.835318977214012,-5.324822774116369,0.2529503341302809,-7.278810188531435,-13.982786067832675,5.462252750158421,0,0,103
6.624463445325143,66.58593804710497,58.00108539404179,71.35066611302234,117.93261055826504,-4.338137988921342,12.130666435454877,8.402648715792827,-6.062321801160169,17.312912105059095,-20.91770717296131,-75.33452633774169,-59.18787244367568,14.870397515471863,-5.765742839764453,-0.2561424767628193,-6.199453888058915,-14.298457377993474,5.476957767170091,0,0,104
7.25549480434569,81.06138769155406,59.181634445925475,61.58265302890796,120.80680017649657,-5.321418960179479,12.58781105192762,9.40637059320915,-6.422215994472365,17.771580412784648,-20.81855475399589,-75.77588068046177,-59.22918502690793,14.77432261344714,-6.131343806104338,-0.7552019848355267,-5.434275541572045,-13.70123971022977,5.493223456244717,0,0,105
7.729696055399458,88.79372567844352,58.07372698569364,58.75504504876104,121.8316297140927,-6.684444231267314,12.790529624433592,10.161856717308696,-6.685635046418601,18.253901120477174,-20.986811259506922,-76.20514790103027,-59.34164019079166,14.75152274640548,-6.412277970167156,-1.0813312199816008,-4.873571903122954,-13.08431503033224,5.553838980346455,0,0,106
8.225301411764754,76.95716503405832,58.78823235407243,64.62205003075064,132.1824666845677,-7.669132809441656,12.976986668945466,11.01163704824761,-6.922697679018227,18.69789364953824,-20.990002285731695,-76.55136752960256,-59.429053945148326,14.614265607675831,-6.6287404569284085,-1.314965648965009,-4.491968629985252,-12.506112731777002,5.638255841407449,0,0,107
8.56476778992991,69.77562139283992,56.913257429437884,67.51029552028314,140.33461332610477,-8.376337378041727,13.225782857704537,11.883005427237196,-7.086613681362071,18.677976373348002,-22.595147455307924,-73.4049136265994,-59.49140540099436,14.623441175935563,-6.776354017260141,-1.5653351702984513,-4.188639538759163,-11.900605299198633,5.69904298258693,0,0,108
8.88507804879412,64.56743854753742,55.142796081902226,66.50498018680838,146.83274190347527,-8.949374429621892,13.429405922557535,12.671211407811311,-7.194263012210172,19.033981897066397,-22.600835027890795,-73.60155356757745,-59.57390662431264,14.474348733190388,-6.916965311904872,-1.7467217007292268,-4.19326251792285,-11.363339688806484,5.844610216553755,0,0,109
9.326745401283825,61.168912652651244,53.74606411839158,62.884627442389565,150.96780507137936,-9.371050897391175,13.58017905696361,13.319245945313082,-7.3839219975357935,19.11031393416166,-22.69919737882101,-73.85069015982712,-59.721954975848035,14.360581423333883,-6.996564666064076,-1.9148806280154946,-4.127897079428072,-10.781234976988141,5.82659735907575,0,0,110
9.68155494564577,59.427970393445676,52.62769447546226,57.89503253096354,153.30352933943095,-9.766112566061587,13.749683194461559,13.683059774277341,-7.51454424277041,19.093654178369427,-22.87462102333089,-74.04180575799819,-59.8900945908018,14.301992855674511,-7.084547879327731,-2.0602835219250024,-4.390923028265763,-10.321910127164532,5.8902708380095845,0,0,111
9.952721139658093,58.59577234390926,51.523159644327485,51.34225418260999,154.91433836216785,-9.856555281469051,13.988021402738799,13.880421316390942,-7.5674039305307845,19.189287475204058,-23.140059273730163,-74.20474079729922,-60.00109648844241,14.431968729759896,-7.168541178588444,-2.2889161517472014,-4.492984024266508,-9.991418878993942,5.837190110617962,0,0,112
10.334469803880214,58.45776975048506,50.688052638894774,45.88805368801931,155.3140012658641,-10.106343301158732,14.125332343586953,13.910655380978396,-7.699174501319609,19.056505273940317,-23.207987491164676,-74.33327114684809,-60.09763077060744,14.533127411293954,-7.20031708793168,-2.484555986714273,-4.905393009897421,-9.61099151963723,5.9493800681914575,0,0,113
10.519771128515368,58.999857855597035,50.277758385808525,43.46106215736673,155.01448887755646,-10.263020606152228,14.226112371901332,13.795033986648768,-7.721884880309902,18.924531753043254,-23.34442198557874,-74.36892563640465,-60.16342663412142,14.642141570032512,-7.228059751577951,-2.6599103880185893,-5.175570253600787,-9.330567169960466,5.943066391470892,0,0,114
10.565619627092724,60.1826706426622,50.293100311320146,44.20497848426864,154.01598233558977,-10.422100639522686,14.20560477561788,13.45198104497381,-7.687579401429867,18.7495103119354,-23.417298767729974,-74.31535062683125,-60.216701968930145,14.775887398667589,-7.221483213513316,-2.7670879052082844,-5.528470504645304,-9.12269128419514,6.020125068309906,0,0,115
10.636638226535224,61.07659391939747,50.33287665001724,45.031661883843284,153.08624535260333,-10.428425580198693,14.154680946526144,13.145302314828761,-7.656197243514597,18.704035602642733,-23.402673817684782,-74.26913223614768,-60.25648703437442,14.902035994712868,-7.1732869059167435,-2.9218156634503285,-5.771305666822404,-9.049470805653,6.0872727880789395,0,0,116
10.646963765012991,61.90784072508089,50.42921792456045,45.80699028127759,152.3317480479779,-10.25291263011492,14.099625446038463,12.883488736876204,-7.61537320284543,18.637042604536184,-23.385796712361568,-74.20703436089123,-60.28572923195679,15.02410205534659,-7.147009564582901,-3.0865161828739986,-5.98839953414495,-9.007189835833707,6.14567645668772,0,0,117
10.679565965468754,62.58511470084144,50.55229013518973,46.36725686232019,151.75101582265575,-10.051032007679206,14.055373256734503,12.679021054662448,-7.582253615560039,18.618574158360524,-23.371375946444317,-74.16395726814768,-60.278873395578756,15.123351232270702,-7.113796257630731,-3.2188021878956974,-6.195962636173265,-8.97778265969598,6.21103795381524,0,0,118
10.662568185945531,63.38731725881139,50.801723511502324,47.375276152615925,151.07728699289964,-9.864865220789175,14.021410847301404,12.458946040705628,-7.512642888860207,18.62940963490057,-23.353661427039448,-74.08894515315014,-60.26232157636196,15.257992679180338,-7.089061301140623,-3.3393350333259004,-6.341396830926875,-9.004023033030153,6.250347451307714,0,0,119
10.674634568888006,64.07060456447817,51.02374581044436,48.32770765795668,150.35367084889708,-9.664656676357973,14.021763277500412,12.288457792580767,-7.477431556141499,18.641658564341455,-23.352803058178278,-74.0539121901745,-60.22244639071969,15.4029304443874,-7.0483287766355,-3.4730518353590107,-6.5122691926213285,-9.005904310582933,6.296634467235098,0,0,120
10.667670337255531,64.39735109349174,51.09243046578292,48.6112375521902,150.04891811662313,-9.491979904067884,13.97912030733891,12.109501951718032,-7.440942124274352,18.67323629676035,-23.39916237024632,-74.03685315551994,-60.19667927498416,15.537203781745673,-7.027944111361456,-3.5942470522301253,-6.6561408835642535,-8.974114646317014,6.354128969526405,0,0,121
10.787920940235484,63.999977777304025,50.94791195376521,48.119759047843125,150.22098085469574,-9.353001690046442,13.951448103994569,12.027606341097158,-7.4862040803567345,18.62883705731507,-23.391150195393816,-74.07113084848264,-60.21555554679094,15.589790931148098,-7.010123803109559,-3.704480210018472,-6.824900037708536,-9.00170568479613,6.457898455219537,0,0,122
10.801635960088868,63.786394130978806,51.00416112879577,48.737326366212734,150.05781801050244,-9.231807912225353,13.896603773505062,11.832518141513544,-7.476939782521258,18.6499313137325,-23.481553487273477,-74.09466083680556,-60.242374178503155,15.691422812076143,-7.028486909166061,-3.769635924747803,-6.9298981484648055,-9.116979322299377,6.550777536431826,0,0,123
10.848865010652215,59.14531222485572,52.57098430029171,47.10315991823908,150.25298836988378,-9.337512975239534,13.751007029593175,11.572975186084124,-7.546068127110957,18.51364138488671,-23.591668518363843,-74.17173311197294,-60.40859135223691,15.667637108398647,-7.029841296547911,-3.806341865760391,-7.081108656991419,-9.22505307133323,6.6634013418708475,0,0,124
10.859328860460675,58.92012669260928,52.99118181308192,51.21872663682516,148.7828508108119,-9.60345219815189,13.483349591016154,11.113940667555024,-7.619511443708812,18.28825145798959,-23.691686912871003,-74.22793731384431,-60.56514985083206,15.575927303941983,-7.01883896294777,-3.7899450050920147,-7.327526561934174,-9.174978505253302,6.897477575692982,0,0,125
11.054269289562008,57.5920697804813,53.305112663603154,55.843109511989326,147.3657911606264,-9.91774028459432,13.136557972866205,10.73757635021996,-7.786045116052063,18.138149578089717,-23.791483386278305,-74.39456826201092,-60.64782296662957,15.527859640526843,-6.95910091489732,-3.777393845800377,-7.5430678476542266,-9.285605848937811,7.147001352450488,0,0,126
11.321419332342362,56.83873573165907,53.969160592024714,62.43570130368779,143.98060899758235,-10.348404150959865,12.682121429536304,10.146434908445285,-7.992245965773809,18.17521271429299,-23.81992647088814,-74.62272415313336,-60.6324782347358,15.53667953715692,-6.856434066829779,-3.7621682388824187,-7.720961510481793,-9.380979418002916,7.472746749916172,0,0,127
11.587784757141813,52.028458325063546,55.75106837155373,67.42977537537334,141.0024291412982,-10.874170610247692,12.237845597534108,9.369318278775468,-8.166872558509878,18.148846278747346,-23.91159157446513,-74.82049188727484,-60.6077142297153,15.569573271598745,-6.754695176016453,-3.7400398984959673,-8.091822156867636,-9.353436121696472,7.89722719775605,0,0,128
11.892247269584301,51.24095249452084,56.123382008042526,72.97388656794325,136.85181782905795,-11.456931061823605,11.679151262879168,8.438640707217157,-8.35831251566158,18.161940473212525,-23.996086550574706,-75.04344165721261,-60.5985461343075,15.540642450727297,-6.635315318142125,-3.7174343918619632,-8.637459423763978,-9.519701929096199,8.496494178519237,0,0,129
12.129586951732135,46.61357909570354,57.47575220299812,77.74817315674855,133.26487835182837,-11.84457942565882,11.136724608358616,7.454016562192161,-8.408711627773458,18.271356647593734,-24.070803988122414,-75.14062386357216,-60.5218248718946,15.496424399455767,-6.51332179428322,-3.732330271419767,-9.214249371459951,-9.660682395021517,9.112738756984156,0,0,130
12.210470051883426,46.89214529161969,58.032175596395135,80.56516271228942,129.6517058192411,-11.946074264190038,10.789484255988494,6.582589324146335,-8.381156937114335,18.289469683409084,-24.156360656778876,-75.14042137658592,-60.49612923664282,15.4483368252956,-6.435139461583236,-3.760009921236161,-9.597655107460753,-9.912255503613741,9.581498900108746,0,0,131
12.237040341528422,47.06612495041919,58.4543514826053,82.03594359529258,127.66578603364577,-11.838975998769044,10.597421780843828,6.012383189430723,-8.330697207073573,18.378310042765804,-24.17222663486426,-75.11381733261602,-60.444051502895945,15.43743577377086,-6.37840004216976,-3.795443587455565,-9.894319094317902,-10.036518068531535,9.90996517307384,0,0,132
12.165825374147284,47.50233476217126,58.864778767414656,82.31135193026392,126.86019359665045,-11.463621327521178,10.626926036807752,5.7252328243595185,-8.224735359837288,18.494345960534947,-24.12774861337586,-75.02101857941489,-60.41995425501985,15.403734093605305,-6.368646882741706,-3.850335235438426,-10.082371149234753,-10.110118013293105,10.136450094229861,0,0,133
12.135641914431352,47.718113484245,58.941111533008474,81.88289720667342,127.120229996675,-11.114941841363255,10.730782889845164,5.571034535946078,-8.163267072401759,18.582110717751515,-24.120230573144504,-74.97813901039721,-60.420851925922435,15.416109224079417,-6.397261461935842,-3.9009379755195033,-10.206797928666843,-10.115321989068416,10.23313984789171,0,0,134
12.150233759819438,48.17300687010503,59.10961381553728,81.33822533284471,126.87399075720697,-10.893352029603822,10.832712359710849,5.475873066757691,-8.12972998980335,18.568382911069534,-24.087280972484923,-74.93077760205144,-60.422977563718035,15.419438916492924,-6.413624295932395,-3.9549313817688083,-10.344371859982504,-10.116180166715317,10.33020469464089,0,0,135
12.147904665312463,48.675565032199835,59.28436643569396,80.7886271465705,126.55407429571198,-10.727871967197112,10.90879800039047,5.313032682068596,-8.081725712769208,18.523106294075408,-24.149655125844607,-74.89027834537725,-60.4735831630678,15.432021650300888,-6.442930505764988,-3.9829727915942756,-10.473980765361635,-10.129433390357825,10.398797926379299,0,0,136
12.225931892617043,49.126602479826175,59.4649248202415,80.45216122300465,125.8121163974554,-10.666761372857971,10.920791010846779,5.166763581411055,-8.086742486714583,18.375531319438558,-24.137079919802922,-74.85757234667051,-60.55321120840516,15.379951552939483,-6.483823027041413,-4.004603490893687,-10.586278979526067,-10.085232995030804,10.443134382025931,0,0,137
12.294446373955086,49.47602351365647,59.56904839904229,80.10911044686276,125.27906006098456,-10.581408975225793,10.945687452732736,4.968738324705222,-8.097360869553013,18.277713832155566,-24.186983627041005,-74.86016337054568,-60.6047890665464,15.398521722003483,-6.498897229373581,-4.033985300354358,-10.702525855034516,-10.084288395818165,10.510856176344209,0,0,138
12.249562639597995,50.076575666969276,59.84712960419818,79.67109331122978,124.78368653251988,-10.388933771887015,11.025941237519403,4.840145165817703,-8.057414508192194,18.28520798489492,-24.18140746532373,-74.8195019637553,-60.60311364370566,15.497878526707327,-6.528696076341083,-4.065295276011876,-10.741196231823551,-10.105387691756329,10.531596711670492,0,0,139
12.211947080291441,50.189949123697126,59.84347606851516,79.362013002031,125.07670416778616,-10.228508993843677,11.117938304838887,4.755007520675373,-8.026178345570433,18.402664782127435,-24.142946047779244,-74.80520852399357,-60.582493525502855,15.655270070195883,-6.554159656351599,-4.124876416849508,-10.771754314311924,-10.018903444053944,10.511342411131983,0,0,140
11.884524886953955,51.04297799268901,60.03940282662416,78.29804933133335,125.60301359908829,-9.90931592316155,11.310313504185853,4.7072492496379885,-7.870577244767433,18.473706580377367,-24.168117940989436,-74.67565361737988,-60.70446441074081,15.735591124185282,-6.620539373194444,-4.131856271853987,-10.551592996883693,-10.040092780716375,10.346882767246502,0,0,141
11.553790905642659,51.86411834261244,60.48634608522479,77.8428439865507,125.74298179576388,-9.719820784875296,11.43405345448111,4.667042775614711,-7.692254665916741,18.4192943998038,-24.145738384559206,-74.47976524071538,-60.891252240795204,15.703854183044829,-6.7023638135288115,-4.112118700539872,-10.452774806662122,-10.137205760038333,10.162860272707299,0,0,142
11.0388168403385,53.456769633270305,61.561727076854694,77.8321438780167,124.43278276341178,-9.601028764324404,11.516497782971573,4.644427695964602,-7.380070624617552,18.6134700557626,-24.154517097473345,-74.21133132937084,-60.91663919982397,15.787535602395948,-6.735691730377206,-4.107654644981073,-10.315181749735949,-10.159156499895248,9.906839352810467,0,0,143
10.58635693518653,56.058124772112535,63.12355157152501,77.263685496679,121.15410378976833,-9.608441967497672,11.524916809545369,4.608397817801881,-7.053456528036244,18.915052319672373,-24.173526434060374,-73.94969266967486,-60.72196577300258,15.894906908468144,-6.7052904219451746,-4.060143012567763,-10.239036657849626,-10.230146421663466,9.681664386348695,0,0,144
10.110926250082159,59.86213113994207,65.59570250969847,76.17629333890693,115.25257219265849,-9.79689826035913,11.353644754374113,4.5658695487793235,-6.726859506927859,19.115144699965096,-24.208026144967466,-73.6686367257074,-60.5576615656903,15.811520493526322,-6.6828740400543865,-3.9457848590482105,-10.14233064344087,-10.209345937574856,9.39726015212906,0,0,145
10.015659625312468,64.8286040103794,68.61857775484417,73.08180512948276,105.30575181511936,-10.535946720881924,10.833683135197374,4.091951072870819,-6.703261203345465,19.020461968272418,-24.32709802587622,-73.64865424845705,-60.308728508894525,15.698136505315809,-6.560919444592215,-3.7608000107192296,-10.151433316316831,-10.44369410443892,9.201516715025445,0,0,146
9.650765306640999,73.68779954070273,72.66425949853614,64.16063885995055,92.15076950005854,-11.438463231315417,10.067606648703423,3.369044212041957,-6.425660544248168,19.089171850175365,-24.65080502331567,-73.47203353650204,-60.05604667250273,15.531311093168345,-6.409977743233106,-3.5468775654682045,-9.978335399036308,-10.863752623343185,8.894052150728847,0,0,147
9.818891266834509,84.88358179439203,74.83059082621212,53.08299423350136,76.40215048704621,-12.721610808985199,8.880610577593643,2.252937859570684,-6.492081999492426,18.870808905282846,-24.91973981288535,-73.5530917415482,-59.70008351766717,15.372937959373598,-6.121379134447322,-3.3366344216102397,-10.161124313254376,-11.210558732236542,8.730325728440867,0,0,148
9.110899470680375,55.31804783360321,75.37319689803672,78.50412671685588,71.13260420765694,-13.282092637025281,7.780866939786393,1.2275751012177487,-6.07697426447714,19.32392315961274,-23.61968478967879,-76.648885043272,-59.498812002667215,15.270107637500226,-5.826026925141431,-3.185435997335337,-10.061439928184546,-11.58902011593624,8.30640861909292,0,0,149
8.82681482762662,27.48192472820043,72.19932355032623,102.74288947626667,65.58247567263686,-14.293725564754554,6.453250050993051,0.1914560599447835,-5.944422917688818,19.303607512771453,-23.57931240449686,-76.48457748200755,-59.12386347948414,15.29161112985706,-5.4012441425563695,-3.1195967337103254,-10.092330014360776,-11.996718793518244,7.834015298677181,0,0,150
8.389367678270336,10.737150798677437,64.06512477876943,115.48545088756808,62.03347372026129,-15.256814479954336,5.262108385125242,-0.8841843953699491,-5.88509632144491,19.034483896895722,-23.339347216913712,-76.27149005908427,-58.89481691225261,15.426547830005411,-4.922304321128316,-3.1563607366839936,-9.65997207564611,-12.385599019439494,7.091884470836296,0,0,151
8.126021197084032,0.14032345087742634,54.80914514535367,118.30174712131412,59.27659538773718,-16.254310854663792,4.123283987559801,-1.9530695610120907,-6.038237273486235,18.592978819672897,-22.583391798726286,-76.077141484934,-58.63710577905652,15.58221443452011,-4.480619981922513,-3.360573396577318,-9.316829137404381,-12.891409675211706,6.333517061429445,0,0,152
8.350987991550388,-3.9745489413812316,46.097686005016534,115.52729843378809,58.16353870141084,-17.047972036827343,3.3917042683641743,-2.6124397854068047,-6.39901768384324,18.06743721295657,-21.56203184900734,-76.01502751265308,-58.5755557857061,15.65147470403985,-4.22967558784554,-3.594778510057689,-8.865493386222553,-13.04812248767396,5.560330981558537,0,0,153
8.930217061471442,-6.06421307270733,39.64867657611658,111.35620288307504,57.38306588063744,-17.72044605002841,2.870399411581141,-3.059079236429831,-6.955383122404499,17.25279318555135,-20.53836720262635,-76.11388199299718,-58.61177664256229,15.531586493580052,-4.087564014346628,-3.7428627296860877,-8.521981881570017,-12.875865386302676,4.9029313733731525,0,0,154
9.77259709841381,-6.0646113120370835,34.97998618629472,105.55557792019438,57.49236223653209,-18.031216640254254,2.7170090738846557,-3.1103893583143005,-7.493263080863943,16.44212647042702,-19.598054293105136,-76.25451686405084,-58.857465422248865,15.29791841706948,-4.124670984806154,-3.6319554145792674,-8.315799419408183,-12.30637744368062,4.524157019203974,0,0,155
11.233750439250665,-5.491859034238553,30.421832558698952,100.00000978836985,57.33499860484335,-18.32311914070059,2.6145828342387216,-2.8864588428926226,-8.48214896795579,15.40895011195465,-18.044130217815702,-77.74936009916696,-58.90503934881831,15.10230830997988,-4.0673068516190725,-3.361473736556851,-8.34088558297133,-11.822196357902103,4.351163462785585,0,0,156
12.44145509678221,-4.75425529969668,27.665824840648387,91.33815844236827,57.83334251456456,-18.385357909389665,2.7498363564622,-2.649990370363124,-9.404276586099932,13.919962179786133,-18.403275524222195,-74.7572475763392,-59.199483209140794,15.019272776873283,-4.137763398766948,-2.929605560842001,-7.814261025842096,-11.37012552389452,4.18800133092367,0,0,157
15.094448273255963,-1.1196031553634989,26.221812028069017,84.21768783158431,58.616816800346065,-18.48039793890389,3.0599012864677544,-1.854339311290767,-10.866351148701094,11.92007864863426,-18.72385071175491,-72.31150981232307,-59.7146244835167,14.723087956242157,-4.263281563250038,-2.1570144297271376,-7.833634751557057,-10.589756822500657,4.28429280921281,0,0,158
17.809095006046483,3.871062310508968,25.371830494512366,77.15541265608077,60.615207120484655,-18.1475230208622,3.769622924368399,-0.9636881939371558,-12.21163545291056,10.2762967109902,-17.652549920917284,-73.19297850947483,-60.74247541155748,14.478847180307094,-4.543478430208095,-1.1778343405109075,-7.975151132949276,-10.004707583975641,4.445352922911952,0,0,159
20.088525500018378,9.410710984165732,25.390804215185295,69.75092792869354,63.8115052425006,-17.51048482916087,4.758819963861965,-0.3322837736668021,-13.40615357647575,8.071218202057002,-18.426845767643126,-70.5776963761485,-61.433481480156374,14.613303928668476,-4.759868237105742,-0.16003899138100647,-8.054831743756626,-9.314400341427799,4.649574636083969,0,0,160
21.1243031970833,14.454314088757457,25.74035986175694,61.27344708083665,69.20021260711364,-16.26866815310427,5.8606732260208325,-0.20225501079466252,-13.648124126880854,7.2132935937022165,-18.34466116991864,-70.74459852825335,-62.42231337230953,14.948395816673669,-4.962070774578243,0.4922526366366281,-8.057022633564975,-9.458749364809139,4.980933932052207,0,0,161
22.0861748322341,18.94492939712777,26.43885948864659,53.00442150362757,73.90197751560812,-14.986915662240706,6.710868460631986,-0.3010456318604518,-13.973203565333025,6.816893087723493,-18.28240136687569,-71.03021344080068,-62.66587174690588,15.549072282890293,-5.010281049803477,0.7333624926790085,-7.994155979287137,-9.211792146136233,5.216820394835653,0,0,162
22.000963099696314,20.47374926628097,25.32495225734668,51.844016433960995,78.47850497154727,-13.541781927170549,7.421495055185338,-0.45817309511083554,-13.82461450748669,6.986676988995947,-18.549763224812313,-71.02362273516566,-62.61160363220066,16.241302872230584,-4.999782631664989,0.8153454350117472,-7.552776989084208,-9.344106409465569,5.253108108743465,0,0,163
21.532321622626938,22.407852596025226,25.70624943400681,47.028351344126555,83.01567594431276,-11.95200027137698,8.178769066442035,-0.668510547434673,-13.420397935989811,7.401573423640936,-18.68213701317306,-70.69658482884356,-62.70994856221738,16.739189420803655,-4.969774036659575,0.8124633073669028,-7.1600604198978,-9.647076817134216,5.23689083194178,0,0,164
20.839368195477878,21.9686606383514,24.86640806589445,46.0965060551329,86.75283186685817,-10.661087936208487,8.78503779216678,-0.9845183325435349,-13.226593025837992,7.447943106576026,-18.662292937157297,-70.48192215529924,-62.76902798307534,17.15799019755434,-4.968029565400579,0.6801715888751488,-6.882824871125409,-9.814547876772698,5.256654308312562,0,0,165
20.28025232511522,21.31563412659265,24.162320968025718,45.402466799682834,89.59694979439797,-9.521587475515085,9.27271147775504,-1.270032410009203,-13.13601617970716,7.541210439093033,-18.472708512139295,-70.29251427790707,-62.70396776507369,17.497350711676944,-4.8534389562707965,0.48850111894731874,-6.630974035277897,-9.892501440103873,5.197001802001662,0,0,166
19.764723306940997,21.03533708289856,23.816723232781374,44.79685972896834,91.93103244385645,-8.490664333870635,9.7281029035209,-1.4762341603221674,-13.021455978079475,7.783099018994637,-18.309097965278937,-70.10092794128019,-62.51621545801163,17.805698198600638,-4.775913827952967,0.2853094144368871,-6.493345811635843,-10.006064458508378,5.2115556469888675,0,0,167
19.32804711518728,20.71517783335493,23.659420866133914,44.36314022911942,93.71498177454303,-7.635593686006556,10.093794984023898,-1.6769058439239828,-13.004087660793779,7.916266110563152,-18.119680987807985,-69.99339941356641,-62.3711635530177,18.065119377169133,-4.700808808817157,0.09162826659854026,-6.30170125557891,-10.065489222149655,5.179079674898597,0,0,168
18.895935197346425,20.125476943595338,23.581285898697505,44.065138588353435,94.88018090553145,-7.013804756307116,10.378914709437565,-1.86282476894314,-12.957716652744917,7.316910961123446,-19.52605637746317,-66.43345361870314,-62.36982480953553,18.22616536637359,-4.637580420440897,-0.08267492158249702,-6.060601860504886,-10.066305319404613,5.090869135706514,0,0,169
18.50764065057849,19.724240678744433,23.549089148467072,43.78093661971187,95.83713478646276,-6.437363489116258,10.636314838467639,-1.9931469585660928,-12.906797592482471,7.41221841853842,-19.44447969448803,-66.34398495897095,-62.28976518258336,18.403281024838208,-4.578747818984258,-0.2595161592551237,-5.934149255530838,-10.153570685208331,5.0590864832099705,0,0,170
18.177027051351317,19.323715473498716,23.529335022273266,43.56270228365627,96.48894025888264,-5.963608402446027,10.827732654883654,-2.116441659511312,-12.8518871404238,7.462231478955091,-19.324365290194976,-66.22755124492171,-62.21293716535636,18.55464304189381,-4.528084169303017,-0.4097360005733897,-5.7872749945814395,-10.168007945403504,5.017064861427936,0,0,171
17.90071345602574,19.014245789857902,23.55882551442042,43.386406390235784,97.09499704682514,-5.495743486637089,11.016909772256392,-2.2064310911428673,-12.793811749458474,7.602815899579575,-19.18088401742615,-66.10452288578091,-62.18449814696865,18.662912483831253,-4.486354763800256,-0.5552737347286063,-5.681021930319616,-10.150268022687529,4.999729397959535,0,0,172
17.722081811115107,18.709601440034792,23.574102427489002,43.30208068780632,97.35129850209498,-5.177118447742612,11.125327403163935,-2.2748679458847127,-12.822645393039682,7.5918886803734456,-19.09522966416942,-66.09238170467991,-62.15518578052012,18.76088011066881,-4.390865587973933,-0.6572766882384518,-5.598766185962472,-10.168714395365727,4.967141962177463,0,0,173
17.565663648932645,18.51705321676908,23.644355112922252,43.23319100726643,97.58628478841824,-4.8951178192254305,11.237387313924334,-2.331253650441604,-12.891013025310572,7.491966666231817,-19.016408734038926,-66.11959761722375,-62.13488890704983,18.841654928067545,-4.352775689630488,-0.7544983093002572,-5.536384247814365,-10.229950147614689,4.967396646037133,0,0,174
17.45667261279946,18.44058361250615,23.689125738410475,43.16270727188854,97.86745979650237,-4.59109574127782,11.3478315200095,-2.3644920442997868,-12.898699549447775,7.492381472573047,-18.950300884528815,-66.09457888207369,-62.07224249751167,18.961321299563338,-4.3010829929736145,-0.8360686952978955,-5.513782101859484,-10.290046262408305,4.98811246462662,0,0,175
17.325913763781443,18.317492900769434,23.7754559572568,43.10339919870434,98.12874655268558,-4.350079644022233,11.46502079195621,-2.409680719861349,-12.914399593028696,7.502123357839412,-18.935854503500334,-66.10416239787565,-62.00015232400262,19.085980513930117,-4.261161128131839,-0.9128745615091644,-5.47697185620108,-10.241481695991752,4.981054709673829,0,0,176
17.172191818773843,18.15658400810119,23.925288179892725,43.074130254809006,98.16835166749756,-4.212412935290544,11.535113726111877,-2.466594760000882,-12.919716895297551,7.545244470243638,-18.938751168078785,-66.11326023731012,-61.90584809345838,19.21781334400103,-4.197883083834288,-0.9798447933340726,-5.405815405752632,-10.21310122020368,4.956717335353853,0,0,177
17.047160083374884,18.03231917358054,24.063312140617136,43.05349224042698,98.23137379823585,-4.074518117727353,11.597708130945382,-2.4982093067700704,-12.95548574220726,7.5268142881866815,-18.917777450787987,-66.13939445078258,-61.84746605333615,19.34085056294761,-4.180177007985998,-1.0405430421757984,-5.363963116549499,-10.196505300702627,4.964070713765144,0,0,178
17.009418165568682,17.891241659396833,24.12330052755548,43.077956475126086,98.24315263667943,-3.9586768402951016,11.646153203260248,-2.537924268557828,-13.035688384762489,7.486078941039953,-18.869068800937757,-66.19801670636356,-61.76619547159773,19.468494136907477,-4.120222685410982,-1.0809351178886564,-5.282255734863795,-10.184826201584894,4.943577911296615,0,0,179
16.928920971105498,17.72810178393351,24.172825345875648,43.05262469383219,98.49616593363508,-3.79661237363886,11.744546028630875,-2.5530050490830245,-13.044384923123209,7.588077935071498,-18.8373497062996,-66.19961480930638,-61.72906755319805,19.582393729235687,-4.103524463801399,-1.1530756797653288,-5.233177578062833,-10.216854425780006,4.9466576240594815,0,0,180
16.77082087483992,17.68727106884422,24.217194631704842,42.926405065714356,98.88359783108787,-3.587055001195393,11.870796925144381,-2.5746033235932826,-12.953942973228484,7.743049597397736,-18.824167199694838,-66.10669573744259,-61.68596936031772,19.671542205345922,-4.090289390319602,-1.2182161693484013,-5.258062375460557,-10.244476388819807,4.964089597707468,0,0,181
16.664201621896023,17.65929468767752,24.27574504087962,42.85300266250414,99.15416997903444,-3.433958421844497,11.93206162342522,-2.5963790080769766,-12.974758828497745,7.720401556315213,-18.80522661255865,-66.11824387349345,-61.68261146378293,19.748297858834356,-4.081246538549206,-1.2722615782381756,-5.249220526473929,-10.218583317809644,4.972637815604031,0,0,182
16.555420614079814,17.499951915523013,24.456672435399575,42.88017061387139,99.0665621257341,-3.373526060736379,11.950601651454612,-2.5918272515357246,-12.913588508064757,7.688344243359165,-18.796952254309353,-66.04677957745993,-61.77451640872407,19.68699850740576,-4.0744004949809165,-1.3120517171148396,-5.253228515981091,-10.233683492152245,4.9682156489127305,0,0,183
16.44168430402076,17.20739898088623,24.615983280336692,42.932854842714676,98.79081393804944,-3.447709334405175,11.927344351376513,-2.597869852858348,-12.904263592300397,7.634814466948126,-18.79796492330269,-66.03364847424967,-61.82000986429093,19.69941067092885,-4.0683815960339995,-1.316056148940101,-5.190938606791304,-10.31927831179423,4.91778787892362,0,0,184
16.40067414069671,16.83606972714949,24.70024705110984,43.054442712367376,98.08265296330532,-3.6941909349497952,11.822761350746688,-2.6455569067863047,-12.951658274951114,7.554300951613661,-18.80112942676116,-66.08042656602592,-61.83472075149442,19.66055609432654,-4.04782636424134,-1.3102898398365277,-5.195090479444104,-10.359336748637752,4.922952178585044,0,0,185
16.183706351522087,16.218248574149268,24.996808364478234,43.1705860579232,97.33017470054524,-4.038596154613388,11.717735059178771,-2.702516646403154,-12.832035195601158,7.634417991819441,-18.93671827710741,-66.02427963100558,-61.91148944031332,19.61581068479444,-4.064545092646475,-1.3127054459950809,-5.247519723169381,-10.460971928161484,4.90423441924513,0,0,186
16.050145417397072,15.539630947986975,25.30158809928534,43.38947097689293,96.18696678090481,-4.569705356803809,11.523268402066645,-2.7265882733218465,-12.75296465690086,7.535136074947841,-19.073857437983875,-65.99883341243316,-61.98712021418817,19.55224575874668,-4.058656546457097,-1.2848919480546834,-5.336924282890718,-10.593472397163005,4.9173564812383015,0,0,187
15.755909405689387,12.465318089615021,24.314354934189502,47.36867785464023,93.58825952554163,-5.611780212167905,11.07421546317709,-2.879960645909406,-12.59203600854525,7.697282642378986,-19.279479559250237,-65.9369402856023,-61.966970177862905,19.54570819878952,-4.081408112843226,-1.2942735667692111,-5.353760224385548,-10.75800250321705,4.887178957426863,0,0,188
15.31244571344797,10.351186232816572,25.400331034616112,48.112668182959034,88.84521693167314,-7.4737350147784865,10.223858746858067,-3.0924672348343116,-12.43773093613726,7.882735057468077,-19.4024671127586,-65.84117441742622,-61.85386192902488,19.4061261376789,-4.051987576766121,-1.2552999123594673,-5.437992659022069,-10.909951497163881,4.899663534331616,0,0,189
14.830820046766396,8.125496789804718,26.69931746298017,48.84390856617782,83.96295279318026,-9.506789588147416,9.265261466856737,-3.3151823706154975,-12.295423091006398,8.035058335520885,-19.617413094711743,-65.79916229437292,-61.68405832404955,19.277228325136523,-4.025802019704231,-1.303616751786323,-5.3571724322093806,-10.806620637640371,4.727949694315174,0,0,190
13.958535734090422,3.8534233773529945,26.89541766135157,53.082191907260196,78.42370066820229,-11.741185952376144,8.108515851305127,-3.708989969002964,-11.807455593680471,8.862267152123815,-19.92548634695523,-65.46469403934879,-61.31150320016427,19.207367684399827,-3.9603101577545834,-1.5132159429652488,-5.350751660432591,-10.773711862858706,4.529770287887084,0,0,191
12.8543810132445,-0.47034547630930923,27.536931000418857,57.16860611904583,72.63596774067305,-13.943946824015212,6.865358731705976,-4.158376339576843,-11.080125824438737,9.916764976127514,-20.60516469155793,-65.04334899364295,-60.76065575217679,19.194665609733345,-3.8100039637056677,-1.85647124155271,-5.300189280227251,-10.65255469682276,4.253749183730675,0,0,192
12.142314155476807,-4.296323006645023,28.081214310991598,61.35010114840873,66.97713209101595,-16.00307968213399,5.473764561312255,-4.5383387191852815,-10.665914978638838,10.790616543032058,-21.18857617186553,-64.89672865905644,-60.213152660099595,19.126801846296765,-3.6141117172173076,-2.302922897150042,-5.216192780329686,-10.62501000835448,3.903137495498599,0,0,193
11.468766149533401,-8.711576087082486,27.126943358833746,68.95827152978143,62.047006737343246,-18.04841266606624,4.132135910541514,-4.740334798581573,-10.321098001032622,12.409046056275205,-20.390142093945766,-68.35962894520628,-59.350599198813434,19.21853509190001,-3.3185277872992898,-2.633833091926833,-5.2317590710982005,-10.352589476939926,3.573031074103978,0,0,194
10.329269468600895,-12.34600227228095,27.37983507122033,72.16421997600519,59.19441396363195,-19.547833621961896,3.141880278659158,-4.989716909233971,-9.576100239955359,13.683865310257097,-21.216861314603324,-67.95176425264813,-58.728189963596364,19.305634436032765,-3.1092402863622786,-2.962125141047845,-5.033686132706734,-9.9598227459705,3.341766577826999,0,0,195
9.456381537957022,-14.933900800619718,26.667445389566065,77.64098414507151,57.85342982935951,-20.230149367676255,2.636128610302894,-4.978118587377014,-8.976643564807311,14.977525376999635,-20.883495479356704,-71.34085343868384,-58.38239311891166,19.143776133881026,-2.9410191579258798,-2.962723802675024,-4.732414574823912,-9.49805401628791,3.127026411952858,0,0,196
8.667146349172878,-16.870507279604922,26.20267176785045,81.00714705419271,57.08931028800366,-20.55644695725969,2.393605868389437,-4.753731261297469,-8.49489495472068,15.906268998934207,-20.01103439418094,-74.56021080476462,-58.121247782156374,18.960610798621733,-2.845971358714698,-2.733663124533163,-4.330017527330923,-8.812184141081145,2.9871572561270754,0,0,197
7.767729963792673,-18.228533057890314,25.266729066750003,84.03466603880447,56.80499648290378,-20.57853845880723,2.2959841336015607,-4.5382204334141365,-7.9622588739965146,16.504338338842125,-19.41593234999452,-76.66940930225259,-57.999896180021715,18.756871212051305,-2.7630657661898734,-2.4896499966477945,-3.9673737346085454,-7.874173728492278,2.9552246094223706,0,0,198
7.140435145134948,-18.89695116481422,24.27471298154812,87.1002530053793,56.68098003885406,-20.46520417669607,2.2190346341577567,-4.358766234069648,-7.558408571393878,16.4113356250615,-20.090089578029087,-76.41191638769986,-57.90829328155445,18.51677327004523,-2.6831832125827555,-2.303266275633264,-3.791823922924423,-7.167541274173772,3.0238868781449404,0,0,199
6.664054636849123,-19.185920794672217,24.606824040431295,86.82874959929904,56.65727964010913,-20.348052213042564,2.220236825478242,-4.248416378569222,-7.301047043467798,16.57863223785499,-19.07587383540803,-79.64529374178802,-57.837576927796434,18.358055845089375,-2.634474708662119,-2.1886910390200223,-3.7906481812570068,-6.66141329124083,3.157857934649041,0,0,200
6.412565364061961,-19.257165445442716,23.06127352320381,89.90498156678242,56.652620413346746,-20.167655962030885,2.279639509931992,-4.1466216004731695,-7.178398190315525,16.391038612393956,-19.307857651887247,-79.53782278954792,-57.72198072660313,18.285549124340005,-2.6269413281161023,-2.036695717433481,-3.8791593421941237,-6.171622954187205,3.3303324060360895,0,0,201
6.315581373602834,-19.058940864957766,22.996225361887422,89.72341565556347,56.758176844041195,-19.929763820867084,2.399256982252738,-4.031875050390476,-7.223171787872251,15.966794392528598,-19.464879141100816,-79.53284003006974,-57.73401406375005,18.160624982994026,-2.703082105780652,-1.8683409609714723,-3.94389935531654,-5.802782645389381,3.527896040422917,0,0,202
6.335358186344606,-18.801684191907473,22.422737661009684,89.49375382440581,56.84953009965703,-19.76514158865596,2.527904406090998,-3.8987193261492807,-7.335740989356878,15.574419569899472,-19.165128543171384,-79.48967223793196,-57.75873354125593,18.002577294835802,-2.780050356888539,-1.688359525581475,-4.036394021425419,-5.445212717955301,3.8243947505889153,0,0,203
6.362381402908938,-18.577561348084327,22.00187094462004,89.3297692078403,56.99675330618376,-19.56917311294323,2.6891978024072594,-3.7382816147261613,-7.455901946103973,14.990348714082833,-18.429300290920548,-80.875757317097,-57.917695317045506,17.7220196449802,-2.9121574582547405,-1.4215190762707623,-4.0767225508337175,-5.176539583768001,4.041898036178734,0,0,204
6.400334202805761,-18.354389060957878,21.58021758713575,89.17914970950666,57.12112193332492,-19.454468015734932,2.8264896836313236,-3.603967062505432,-7.50095302009573,14.291686761709293,-18.4557267429033,-80.94000468479325,-58.16352854883041,17.426526408499065,-3.0626412284696602,-1.1128390522868978,-4.144885356129031,-4.948047466043558,4.273348171246114,0,0,205
6.575089288475591,-17.879266757957065,21.195463054147236,89.0961597451884,57.216808843918805,-19.37996583476728,2.9074734150763346,-3.4702455795453333,-7.596270871284197,13.688640843694511,-18.46167952305285,-81.04417788378016,-58.319302978471946,17.227992499896164,-3.1795832697913378,-0.8523972842404112,-4.211450932440235,-4.723443895489229,4.469260152719454,0,0,206
6.69913192710537,-17.588739589700182,20.744681706818735,89.00866798714137,57.25535048211221,-19.3349953136006,2.9424043009243617,-3.3986816845228547,-7.429761104603042,13.592498973664396,-18.589046563180098,-80.93309010249156,-58.47122258515963,17.013583519817487,-3.292959330761015,-0.6611610410530999,-4.42258726862172,-4.579443029138441,4.627586847776648,0,0,207
6.884360680980591,-17.56775299475566,20.108288879436763,89.01443779552588,57.105394746128916,-19.357764607902073,2.8838138311466586,-3.418601074928862,-7.385510870291467,13.449746329393717,-18.487306119634862,-80.83174961649001,-58.577609965631815,16.810891051720557,-3.379326277239588,-0.5290578372482803,-4.534498772992716,-4.42955608817283,4.665520222355441,0,0,208
7.125007882234004,-17.285048202611026,20.826113434699785,85.65621713454453,57.09470787424913,-19.262187818724406,2.8818771713250597,-3.462937556894593,-7.340105480236516,13.379642639164837,-18.094791325721037,-80.58351721597954,-58.78598244990681,16.585880479559226,-3.5129440670681378,-0.466050661608396,-4.641436689230188,-4.259944761941819,4.653218037008421,0,0,209
7.604319395447411,-16.65931175140404,19.967074976022467,85.74425948656143,57.23174771319375,-19.067923138592363,2.9551842411760765,-3.4774613983826983,-7.4643662580329115,13.272168414447266,-17.28516626509015,-80.30863673896252,-59.06816696257227,16.36201929897695,-3.6953627332222454,-0.41835116541612394,-4.778286292389097,-4.397165712810768,4.590949609422833,0,0,210
8.08725987354421,-15.741717259821792,20.792622530118468,82.51402471605984,57.451671532728255,-18.90589295239138,3.0707069352907466,-3.4777376915128535,-7.593273272012208,12.622938095435014,-18.298934493253178,-76.81108011666441,-59.48972528783408,16.111189809309646,-3.916743138092402,-0.30033473561009333,-5.018235241014062,-4.512387745668041,4.505410500118173,0,0,211
8.648925965788223,-14.997623299111648,20.324086777419012,82.7876339522345,57.57466046262464,-18.86935929613333,3.1888722932248754,-3.3882729017998994,-7.911471294875592,12.22970041515567,-17.66784587864227,-76.84314212413364,-59.839314373368794,16.005769835541933,-4.154126345546746,-0.19757561640697027,-5.088742355071873,-4.545751448761001,4.315722380856736,0,0,212
9.185920560976502,-13.88254229633335,21.261664491883238,80.15622084997666,57.79641654419467,-18.792911331957907,3.3567465540720556,-3.2671593257631613,-8.119247356974672,11.993236531961642,-17.10948231171157,-76.7892867152503,-60.13428610676597,15.963353092986813,-4.336346142629788,-0.09020065693004058,-5.169059391419189,-4.389845799632315,4.1616235673388005,0,0,213
9.588881231439744,-12.89273688264799,21.007510911909495,80.45818062280998,58.085251522843066,-18.71581565221403,3.6035809524334863,-3.0385483299768423,-8.324416848131747,11.562943089105143,-16.7658527407715,-76.83862312525716,-60.499068008434506,15.927214435857193,-4.568871568241294,0.006751938655167526,-5.303391514812696,-4.400909473610253,3.954170398939831,0,0,214
9.879819969325608,-11.435042894619203,22.462229481828118,77.31427618685586,58.44200630616959,-18.602268480102698,3.936162177725234,-2.7453814105640877,-8.48629233146105,11.19743744491715,-16.408603515266282,-76.82588618079772,-60.739597743898166,16.007803491215654,-4.804929410772815,0.10705508585478682,-5.532164237558226,-4.52301933598525,3.768427859933313,0,0,215
10.02246932391497,-10.222761168212749,22.42081244128367,77.41752016101267,58.865602011567745,-18.401333308269095,4.3374003652975155,-2.4175154549588402,-8.548105543449664,10.567010237121739,-17.80468945315996,-73.41975295777895,-60.90268582893538,16.164764080878232,-5.049635466330521,0.14814863807620166,-5.61225830707867,-4.774851082575524,3.516746939501877,0,0,216
10.123580029293255,-9.116997225733156,22.322975981205463,77.44156800648159,59.306608052836,-18.147302825261807,4.768463868612499,-2.0902811827008456,-8.68075037845225,10.424944391437158,-17.53813276114024,-73.42161449355746,-60.90405217194442,16.353126366119465,-5.229439110947697,0.17392886522156903,-5.597681763487855,-4.987639574770387,3.2603625885026024,0,0,217
