theta1,theta2,theta3,theta4,theta5,theta6,theta7,theta8,theta9,theta10,theta11,theta12,frame
43.7241493142235,-25.3222866951705,36.3669321461391,-41.7034286523468,-38.3900694799366,-24.7167935170014,-47.0703254605213,45.0921297319932,0,0,0,0,0
38.0440403788034,-28.024577712534,42.8797685548417,-42.5202638586095,-34.8853416988036,-27.6534080458796,-53.8850655613046,46.4951933072575,0,0,0,0,0
35.2028248959571,-26.803410803336,46.4016437686959,-43.8868703067714,-29.5962325345713,-25.3814815566025,-56.517837731639,47.6655927542016,0,0,0,0,0
32.1819443455959,-27.0577944966218,49.9655771533826,-44.8790616575178,-27.1940116709453,-25.6956172979949,-59.93776531695,48.766988927269,0,0,0,0,0
29.9612459926135,-26.5057867159381,49.6683382097125,-44.7226826464095,-24.8739473119629,-25.2926561091596,-59.8033448705653,48.5702243717344,0,0,0,0,0
29.0722437920001,-26.729378429717,50.2229987947941,-44.8037944203989,-24.0989084371113,-25.4828212594243,-59.9649993725077,48.5212462923956,0,0,0,0,0
28.868927100061,-26.8827142766426,50.4655827559721,-44.8418102578433,-24.1368685598434,-25.7101019043614,-59.9321299905049,48.4626722448324,0,0,0,0,0
28.701021927009,-26.9222959404274,50.6600076150511,-44.892400287538,-22.4175921866934,-25.2660933871743,-59.062694825495,48.0354781454997,0,0,0,0,0
26.9823658961856,-26.2244414287876,49.7114001590783,-44.5714685015926,-22.3156292740341,-25.3716951050319,-59.1804816231191,48.0537006489157,0,0,0,0,0
26.656395035687,-26.2054258705793,50.081531058476,-44.6878008906624,-22.1023148704815,-25.382629828126,-59.4185046359406,48.1299577651547,0,0,0,0,0
26.445514864236,-26.1245675478044,50.3165930307224,-44.7768771311579,-21.9136093032118,-25.3623712759328,-59.6277645832848,48.2028502310894,0,0,0,0,0
26.1308821485692,-26.013597759359,50.6676907908015,-44.9077853944432,-21.6368676839845,-25.3734785840434,-59.9360133205289,48.3026546837102,0,0,0,0,0
25.7769695591957,-25.9525080991335,51.0659645280779,-45.042467864811,-21.3823516740004,-25.3476300186981,-60.2179076999985,48.4009122494034,0,0,0,0,0
25.3098764780493,-25.9491467975001,51.5952075853703,-45.2055442590147,-21.0409334251515,-25.4141562228693,-60.599481870525,48.5155017224852,0,0,0,0,0
24.9497262066709,-25.9012134167048,52.0000953306805,-45.3403919677927,-20.7840159394533,-25.3822029344897,-60.8833097658876,48.6160142330993,0,0,0,0,0
24.6678487735589,-25.8384450772689,52.3152757892435,-45.4508422736542,-19.1669839656718,-24.9846572005483,-60.6268917552898,48.4361210363399,0,0,0,0,0
24.4081975833905,-25.806433054547,52.6067576193474,-45.5477762590042,-18.9705057034014,-24.9763007790253,-60.8467002327216,48.5103284357142,0,0,0,0,0
24.0748084002903,-25.8648959069542,52.9858895166662,-45.6539567994419,-18.8621591455145,-24.9893734809966,-60.9688911563555,48.5487485105741,0,0,0,0,0
23.9186091415387,-25.8880265770967,53.1631119419965,-45.7046977981122,-18.5804040080193,-25.0542057251666,-61.2884190076147,48.6446188039177,0,0,0,0,0
23.7143497158687,-25.8586367694695,53.3915598163133,-45.7821264297637,-18.5497029083309,-24.9839841614866,-61.3183614980018,48.6658013763451,0,0,0,0,0
23.5207926295238,-25.8951752776044,53.6112438597809,-45.8438666582193,-18.4020172411951,-25.0136419548141,-61.4854380499066,48.7167646770252,0,0,0,0,0
23.4602935949163,-25.8115362553596,53.6749614084895,-45.8804120081201,-18.388923428366,-24.9281429634581,-61.4945626704714,48.7333163079474,0,0,0,0,0
23.4521531232292,-25.7131869005493,53.6791140967218,-45.9011113995881,-18.3476598985647,-24.8581067094005,-61.5361015105168,48.7581765605562,0,0,0,0,0
23.5451286164745,-25.6157818971921,53.5696226605258,-45.8860672715788,-18.3978262076677,-24.7894847413172,-61.4755947040647,48.7489000562698,0,0,0,0,0
23.3980394851946,-25.5780840668227,53.733251752305,-45.9446829503453,-18.3877561969612,-24.7705917105994,-61.4856026008925,48.7551979281957,0,0,0,0,0
23.4396877490099,-25.5242327638336,53.6837551481074,-45.9398135106037,-18.4635843849489,-24.7314427621658,-61.3983982892806,48.732489145684,0,0,0,0,0
23.2462138825695,-25.5260184160365,53.90145207963,-46.0075582445734,-18.4422816944127,-24.726676071024,-61.4218696101086,48.7410127227812,0,0,0,0,0
21.4316389167841,-24.8809319889237,53.0165726435881,-45.6544498471409,-18.5046866575333,-24.666485150486,-61.3482996059308,48.7262068650795,0,0,0,0,0
21.2427250869672,-24.8341461549954,53.226719012207,-45.7272021945837,-18.6336891841959,-24.6617262172951,-61.2039940211489,48.6793089746267,0,0,0,0,0
21.0189562969772,-24.8370799524031,53.477966449448,-45.8038089480259,-16.7258283095224,-24.0922606201125,-60.4603638057334,48.291620875563,0,0,0,0,0
21.0760275465173,-24.7299377749506,53.4094806644705,-45.8017223306683,-16.9524008183226,-23.9912183259129,-60.2017620528746,48.222708787131,0,0,0,0,0
21.1629641117779,-24.5507207747206,53.3046080296845,-45.8014237271939,-17.3536723020506,-23.8090035934694,-59.743736248913,48.1025015155417,0,0,0,0,0
21.2948961842033,-24.4460129489492,53.1522367967011,-45.7736849095901,-17.6886368832901,-23.6515610335088,-59.3612631655,48.0042721064248,0,0,0,0,0
21.2275157119448,-24.4081575518725,53.2264655348627,-45.8029828263985,-17.9000767342202,-23.550859255079,-59.119847132299,47.9431211785424,0,0,0,0,0
21.1466501917201,-24.4729145216177,53.3198440940481,-45.8198754161383,-18.1786930825774,-23.5747847685402,-58.809850301572,47.8417320304185,0,0,0,0,0
21.3161897751075,-24.3959635419037,53.126339418747,-45.7747602540043,-18.8378915744496,-23.3745892381863,-58.0626801105929,47.6391064059152,0,0,0,0,0
21.5566867173761,-24.3720730495595,52.8549773546695,-45.6968566498101,-19.1623624507525,-23.3594575858282,-57.6985435187929,47.5282962115626,0,0,0,0,0
21.7742755716797,-24.2712782189311,52.6061335032153,-45.6400528229489,-19.6626725039705,-23.1928963466759,-57.1303903113457,47.3800870655427,0,0,0,0,0
22.0662455896277,-24.2084356081998,52.2747392888571,-45.5520645390864,-20.0527608144014,-23.0842717454292,-56.6882166709931,47.2627302106312,0,0,0,0,0
21.9549729312708,-24.2520766375402,52.4018544273637,-45.5821609915668,-20.2305584084242,-23.0651455541014,-56.4877880353866,47.2047832467542,0,0,0,0,0
22.0359966215947,-24.2459762503164,52.3103108742783,-45.5558169043777,-18.385721538746,-22.5297315528532,-55.6371262364488,46.7859581474374,0,0,0,0,0
22.1209178362362,-24.168958938502,52.2115594260742,-45.5404322152709,-18.5984556750738,-22.4543870098425,-55.3957235466276,46.7258188084183,0,0,0,0,0
22.2777010691721,-24.0733034318899,52.0310107472321,-45.5042499051967,-18.8489542617451,-22.3319683203722,-55.1104729063272,46.6605810319668,0,0,0,0,0
20.6809566960711,-23.2785456093652,50.8521622498833,-45.0843225213531,-19.0521611554565,-22.2169503374964,-54.8786900774724,46.6105845100655,0,0,0,0,0
20.9833988767353,-23.0964222288069,50.5046124371526,-45.0157021823179,-19.3696312455437,-22.0099781726829,-54.5159941832639,46.5377791864444,0,0,0,0,0
21.1691513828765,-23.0111342562334,50.2918565413867,-44.9696993751354,-19.6850721357795,-21.8561658335014,-54.1572594188632,46.4587646223943,0,0,0,0,0
21.284058866987,-23.0650789274972,50.1636239661757,-44.9236704832285,-19.9313654136123,-21.8631768410394,-53.8803986564979,46.37758595171,0,0,0,0,0
21.7581449613683,-22.9223491859482,49.6221280772399,-44.7951601397461,-20.3601519668027,-21.7243706713664,-53.3944281922113,46.261261485521,0,0,0,0,0
21.9875558748023,-22.8552182486106,49.3598213536092,-44.7332198844457,-20.6604367795063,-21.7071967468218,-53.0556739815444,46.1673758975745,0,0,0,0,0
22.7944769458254,-22.7488479949012,49.130698899436,-44.74105567535,-20.5620159102669,-21.3134387485218,-52.4228614969653,45.9893834497934,0,0,0,0,0
23.5183623075711,-22.2841497958209,48.3055357070347,-44.6011658923399,-21.3484605354929,-20.8163038948083,-51.5264844915216,45.826980597757,0,0,0,0,0
24.0085620973594,-21.917140101436,47.7486883013593,-44.5214283544488,-21.9805287988902,-20.3893147016291,-50.8050291249643,45.7069787292811,0,0,0,0,0
25.951510582279,-20.9029345995371,45.5375151629299,-44.1455390282054,-23.9907817156453,-19.2841071752313,-48.5084779650049,45.310838305331,0,0,0,0,0
27.7349822340495,-19.9444117577026,43.5139737546799,-43.8463836241257,-26.0619518855918,-18.1984799515042,-46.136316932199,44.9385051456222,0,0,0,0,0
29.2564791112839,-19.0132532724768,41.3563347051199,-44.225036233097,-27.1914678539443,-17.3957178677475,-43.7538761588824,46.1938583237785,0,0,0,0,0
28.6286728246884,-18.0500020737468,39.7002448264931,-46.2930484041099,-27.8050522728938,-16.4446926054521,-41.2836744785098,48.7276216901443,0,0,0,0,0
28.2497729038869,-17.0389732530747,38.6651721303943,-48.7904104071377,-27.5556915094457,-15.3174332936607,-39.832653639388,51.8183524382581,0,0,0,0,0
27.0707449251636,-16.1003195834522,38.4660895747948,-51.8433352705314,-27.0260652647254,-14.0256738047333,-38.6105653795293,55.5431505678597,0,0,0,0,0
28.7826809340322,-15.6896080216087,38.005169292242,-55.0953958858271,-30.4869662503292,-13.0527632430082,-35.8537792460497,59.5027555797989,0,0,0,0,0
27.5545954588912,-14.817166688126,38.6490399173736,-57.155814707793,-31.411054980766,-11.5377033931296,-33.7039422286321,62.3539847807301,0,0,0,0,0
29.8120132842973,-13.9591253837734,37.9324047530611,-60.100730029579,-35.2889973772717,-10.3917592209966,-31.0195291794377,66.045104527321,0,0,0,0,0
28.5857253434273,-12.789387557705,38.4740971205399,-62.7534496585307,-34.4744230745,-8.94673412424141,-31.1218288608224,69.3325430633225,0,0,0,0,0
29.2715077746617,-12.6700385045546,39.4358826893787,-66.3159445271509,-38.8539617503811,-8.05419132859031,-28.3033338439641,72.5326371803843,0,0,0,0,0
34.6616535098561,-10.6488379577231,35.3794482364537,-69.5340251892843,-51.3663484044481,-3.66626252027981,-14.9648853421909,74.7909478293573,0,0,0,0,0
35.1475556232956,-8.62301596219523,34.3392089280454,-72.4651289271167,-78.0497320926994,-0.434565366955917,10.1821740752586,77.0347438542097,0,0,0,0,0
49.9407664723225,-5.56473116021534,21.1262050309527,-73.5950496956334,-59.26457136679,0.156991757332999,-7.66760637104243,81.0878564825439,0,0,0,0,0
77.9762812332149,-0.284168426780369,-7.88178317972707,-75.6690641756311,-1.19860883533324,0.262348344291477,-61.4017804205106,84.0917568601234,0,0,0,0,0
53.4877222998455,0.11171490076659,14.6260874630441,-80.6883674974865,26.960246961466,0.52587386577599,-91.702521779231,87.7486546002232,0,0,0,0,0
24.2053037174691,0.157793663628378,41.7018645525054,-83.8631089718827,38.3726033208559,1.41410848040468,-106.083945707081,89.7257838882277,0,0,0,0,0
4.44463347625132,0.202015974598261,60.7811406458806,-86.2988671870884,51.7229737113376,1.34492735225332,-121.843364371484,92.1282897155513,0,0,0,0,0
-17.5792431324556,0.280545879689571,83.1204580938994,-88.7948436741295,38.2515349068143,4.33634770464656,-109.2179998409,90.7509768417681,0,0,0,0,0
-40.9592809953801,0.244870106736732,108.43322184624,-92.4614137413361,26.9594730605403,7.55452102090538,-98.3510051327334,89.0394149578485,0,0,0,0,0
-62.9994580053391,0.391256948915538,134.4844528981,-95.4487787168585,20.5909510662684,10.4742629461369,-92.4690137707848,87.4280859260057,0,0,0,0,0
-57.3153096351434,2.35251158277213,131.241427372858,-95.949181754901,17.2438906156768,12.7598552332477,-89.4219390585893,86.4239597514963,0,0,0,0,0
-44.0675248609517,4.13026610656654,118.180113400106,-95.4420399926297,15.0686903605612,13.9756246913064,-87.272452989408,86.678755840838,0,0,0,0,0
-40.4119356096527,4.5682250320805,114.558167688845,-95.5684432548035,14.5170919991014,14.4041761606027,-86.5803399708226,87.0543256031353,0,0,0,0,0
-37.0005300033232,4.99579652413896,111.056478014886,-96.0497674565229,14.1133432610009,14.7581890185874,-85.9933117353893,87.5107577368967,0,0,0,0,0
-38.0735134528618,4.52915054087282,112.095252690459,-96.5056675456389,13.8197239451671,14.7738113849523,-85.4595257587528,88.2695952718486,0,0,0,0,0
-36.0433884642149,4.86934812967952,110.200064767354,-96.2051450992382,13.6848954277192,15.0251223847639,-85.2802658187413,88.2995249264853,0,0,0,0,0
-38.9683531053285,4.26107129743048,112.911136719177,-96.8568231853341,14.3001011925801,14.904153059061,-85.6180801468061,88.6542453430452,0,0,0,0,0
-41.3235663105492,3.87752453257027,115.197839112074,-97.0216326863448,14.8501011709992,14.8054298941805,-86.0582596643018,88.6346072477245,0,0,0,0,0
-44.2188133638051,3.41683538107893,117.954552404587,-97.3925071394696,15.4270702344176,14.7447183801455,-86.4650398098383,88.7198186550433,0,0,0,0,0
-45.2070466436119,3.25920939162029,118.875300530116,-97.5795913628001,15.460351454721,14.7483034336033,-86.4213924771144,88.8806989708758,0,0,0,0,0
-47.3480644391346,2.95827856380961,120.907095199088,-97.8461547192222,15.598868718389,14.6968844679417,-86.4951034713482,88.9861693234371,0,0,0,0,0
-45.1580826725354,3.32949221480536,118.842511334359,-97.4568348215263,15.2862808212764,14.8787033955327,-86.2452688760014,88.9013762622244,0,0,0,0,0
-42.9963051113281,3.66381148059035,116.802487273402,-97.1311294976732,14.9680731675161,15.0387570180642,-86.0460007746367,88.7056512188612,0,0,0,0,0
-40.0463796917444,4.26640668868136,113.971044139216,-96.6499675857273,14.638368404073,15.2756722828427,-85.8046919525163,88.541048455639,0,0,0,0,0
-21.4649084424755,6.26099708144857,93.760003062706,-94.0638903384046,14.4033868655723,15.395318995387,-85.6097292987525,88.5173008252023,0,0,0,0,0
-19.9534205327713,6.54412405865259,92.4357644299427,-93.8085050639949,13.8201272890429,15.571870732061,-85.1974855335844,88.3765423047465,0,0,0,0,0
-19.2819598097609,6.74325056453619,91.7958155923646,-93.785324106584,13.6271236890442,15.5645378776754,-84.957539062995,88.6259839496998,0,0,0,0,0
-18.6307362663962,7.31127954016297,91.2461224393984,-93.3293260833613,13.1607861920201,16.149696605585,-84.7000905472542,88.0617674877464,0,0,0,0,0
-17.7893025341678,7.8824030281296,90.5748224270712,-92.7745496067173,12.8069934841372,16.6022772995807,-84.5390894413549,87.5606923153194,0,0,0,0,0
-17.496151538039,8.26183605240652,90.3573248477975,-92.4189692101647,12.6775369871552,16.9518788890215,-84.5562878146662,87.0826761742507,0,0,0,0,0
-17.4030899536069,8.47468791566528,90.2680415351083,-92.2927700019789,12.5620002996432,17.0699648376646,-84.4664313903826,87.0330234637166,0,0,0,0,0
-17.2383577249273,8.65346670711515,90.0649684201248,-92.324890867238,18.0317850634195,16.4066177258109,-91.6028245285661,88.0731692503619,0,0,0,0,0
-16.7855546266933,8.7407998823877,89.6290340520893,-92.3940613408912,18.0613594094344,16.309601414228,-91.5972498074644,88.2224951407352,0,0,0,0,0
-16.6833188751032,8.70463661966788,89.5311190688329,-92.4474435004404,18.0269890930355,16.2291493196323,-91.5558666794378,88.3358701140467,0,0,0,0,0
-17.0735991014095,8.69854160149096,89.9276374905446,-92.2862087621417,18.1261963725355,16.1137541549407,-91.6871370564592,88.2909471330328,0,0,0,0,0
-17.4524447597605,8.64704545074721,90.2875185176752,-92.2265198092522,18.4352283338456,15.9872843459466,-91.9314928434422,88.3405160627042,0,0,0,0,0
-18.09723008215,8.44867138638398,90.8402145572718,-92.3626522051124,18.6694965194305,15.71613934456,-92.1750560767851,88.4013723094053,0,0,0,0,0
-17.0647846489616,8.77119199538301,90.1523550189844,-91.6451938980363,18.0229241119468,15.8848694241946,-91.9314068132733,87.7325539845795,0,0,0,0,0
-17.3936938331157,8.72913442759761,90.5276242853662,-91.431769294071,12.4931400038375,16.5596120807115,-84.8427254878991,86.3156492170471,0,0,0,0,0
-19.0596892303322,8.17725574473229,92.2506739173879,-91.0838712815418,13.1499140368673,15.9929150768433,-85.6776272718525,85.7771516271023,0,0,0,0,0
-21.5215147379833,6.92360240454766,94.6907411327745,-91.3125407118744,13.8434443022549,14.8408431689124,-86.5632397929922,85.5918099320611,0,0,0,0,0
-27.2579657191497,5.18929499640513,100.427025031617,-91.2303872619922,14.9448304895799,13.5203696708099,-87.9191537587544,85.1959378575678,0,0,0,0,0
-37.7395718103595,2.9553832855231,110.69617968046,-91.4697570945983,16.478185257398,12.1666256769584,-89.6801566020427,84.7815909960265,0,0,0,0,0
-44.0747317313775,1.03625336521745,116.112215109406,-90.5696375458809,18.7588590585449,10.3485383828485,-92.2304656814166,84.4474567958145,0,0,0,0,0
-35.1478756631655,0.549848503687528,105.568807433628,-87.3302979348504,23.089669106016,8.18792460375392,-96.7842926059206,84.0897330942764,0,0,0,0,0
-19.022551083611,0.667018262421605,87.8993089471272,-83.2859524169225,31.0029731745717,5.74323862976263,-104.894641312154,83.6905597446293,0,0,0,0,0
-4.36966803450273,0.430268540302349,72.2795993680209,-79.0492551816558,48.5943364233934,2.19866707910579,-122.449338792098,83.4994275841151,0,0,0,0,0
13.7851789771103,0.373664526252634,54.2321329202804,-75.0423117904724,48.3200927706816,0.580233698840145,-120.211826549283,80.6633085833245,0,0,0,0,0
39.1829374117753,0.192434007173154,30.6755612566478,-71.2419035066186,32.6163285170804,0.367646225294774,-102.165495826995,75.9502154909059,0,0,0,0,0
68.3738761388046,0.0453903344386795,5.09923924982279,-67.1825166408886,14.5446586233924,0.428668743330037,-82.4891486519135,71.3050826360695,0,0,0,0,0
67.0628234578471,0.0899350448747535,5.15825002371899,-62.4473311622005,-2.26263416218038,0.324898697366258,-64.6934523015839,67.0704662861267,0,0,0,0,0
74.5248042466298,-0.146301538900909,-1.84554620152001,-58.5004486049114,-22.2485882482363,0.24556032634713,-45.1351658924034,63.9776115495735,0,0,0,0,0
58.2037410637237,-3.25760559387428,16.5306245073346,-55.8314732641919,-80.3557233137865,0.0215273692042993,5.27553424872247,61.1646893117268,0,0,0,0,0
49.3222738835181,-5.57438191456879,27.1693151159154,-53.7722252017759,-88.7848188116434,-0.140072965626325,12.8468595274017,56.5269738377845,0,0,0,0,0
46.627798317499,-7.13191407225737,31.0551476525724,-51.5190066431101,-87.791806550638,-0.437033899077226,12.5566550312609,52.0881848876777,0,0,0,0,0
44.0234833691645,-8.5497295712102,34.7691939773743,-49.8469110139404,-69.806866162534,-2.14497206500394,-4.74860265261363,49.0047298771833,0,0,0,0,0
42.2904473530397,-9.91105309176851,37.5198224450059,-48.2384566581557,-56.436672314303,-4.9871750147112,-20.4031635350835,47.5705343908109,0,0,0,0,0
41.1837148908553,-11.130636891104,39.440202529508,-46.9160299267244,-50.8398079488239,-6.78226908633077,-27.4185560934869,46.2766003092348,0,0,0,0,0
37.5056983219134,-12.8337685307533,43.5067820944627,-47.1819346344521,-43.4709976462282,-9.00525516808884,-35.6304068752841,46.6799096248594,0,0,0,0,0
35.036381175394,-14.3954240634672,46.2209617949597,-47.3044864976185,-38.1505901211391,-11.0882745042306,-41.5047210832249,47.0630636470498,0,0,0,0,0
32.5010800251852,-15.8920922295824,49.0429881317226,-47.5409644206989,-34.5962912276899,-12.7502379898422,-45.4280712327376,47.3655410744931,0,0,0,0,0
31.4533624247957,-16.7499095449982,50.2038647649079,-47.5956622317619,-32.8945929741168,-13.7421360086215,-47.2999705004923,47.4962990245833,0,0,0,0,0
30.5624015767311,-17.5119888203277,51.1956070542551,-47.6476860826126,-31.3372770643162,-14.7122595369136,-49.0179287428255,47.6285016800057,0,0,0,0,0
29.739488129403,-18.3509473596577,52.1129010007117,-47.6731499151587,-29.5529574382462,-15.8051097573017,-50.9979298269487,47.8223164488031,0,0,0,0,0
28.8459561128996,-19.2582523956704,53.1161154070006,-47.7174278648901,-31.2424009419874,-17.3163729103823,-51.8377271952192,48.0642064396269,0,0,0,0,0
28.6122310985493,-19.7355625834563,53.3772872854652,-47.6730448593255,-30.8499611845121,-17.892299367142,-52.2662475256849,48.024385878889,0,0,0,0,0
30.1837571357553,-20.9400996293242,54.3751226279688,-47.9978906515313,-29.9872056618956,-18.68026022068,-53.2304793653359,48.0772354251535,0,0,0,0,0
30.0685875732995,-21.3169840882852,54.5072384349125,-47.9395591179443,-29.9818363161593,-19.1497540879076,-53.2273166276438,47.9573595471293,0,0,0,0,0
29.8061215250003,-21.754150625027,54.8090612847221,-47.9161207204227,-29.7315356241212,-19.6750354547326,-53.5054374730843,47.9008036491809,0,0,0,0,0
29.5261708637099,-22.2332407208726,55.1330657092658,-47.8906749173387,-29.1730513669691,-20.2268347490479,-54.137425741628,47.9388854583388,0,0,0,0,0
29.1237056144304,-22.4960098144723,55.5944514405111,-47.9623357265566,-29.1014651300729,-20.5834805861801,-54.2177226958289,47.8734486037826,0,0,0,0,0
28.5038665594778,-22.7935231592872,56.3029296605923,-48.1023974295544,-28.4472133195544,-20.9546902467754,-54.9620787707436,47.9950948520315,0,0,0,0,0
28.0813728881936,-23.3055768357478,57.4544317394309,-48.4019966936337,-27.3206031510087,-21.4299142848634,-56.2421031363738,48.2543469949421,0,0,0,0,0
27.1714122482489,-23.6865742900989,58.4951123374803,-48.6369641974459,-26.4502209221567,-21.8444774150743,-57.2296806374837,48.4520338173816,0,0,0,0,0
26.8325887679334,-23.9072338892845,58.8875375151604,-48.71022244683,-26.0044161570994,-22.1034797122767,-57.7355443413319,48.5459924874346,0,0,0,0,0
26.5582244669904,-24.1006069260782,59.2064284275463,-48.7677554914689,-26.2291643097875,-22.467833332264,-58.1205010858872,48.6511268739329,0,0,0,0,0
26.2291423607309,-24.3409266665991,59.5897481457089,-48.8366341558193,-26.0281607002968,-22.6590543533853,-58.3561537454484,48.6810973435557,0,0,0,0,0
26.2147787442449,-24.4689870924348,59.6136330513402,-48.8155829711183,-25.9820518980658,-22.7976136395876,-58.4162191719843,48.6691534781462,0,0,0,0,0
26.2026033879587,-24.6177915845036,59.6362047317924,-48.7894502074554,-25.9065362159864,-22.9771669763511,-58.5115471911634,48.6592207273619,0,0,0,0,0
26.327724246317,-24.6278328428036,59.4962731002665,-48.7417532636181,-26.0331356436536,-23.0386809042281,-58.3742299980987,48.603171104499,0,0,0,0,0
26.2159765361418,-24.7750340769403,59.6304186605199,-48.752173983,-26.1791685558348,-23.1224590583362,-58.2163392804171,48.5357296868896,0,0,0,0,0
24.3915740373571,-24.2474132607799,58.9124982323743,-48.3766422869601,-26.2178521745837,-23.2369328512428,-58.1798536007673,48.4989938788213,0,0,0,0,0
24.3310447690804,-24.2286161919035,58.9794178748451,-48.4020162408669,-26.294912654405,-23.247250229434,-58.0943349091426,48.4701373093793,0,0,0,0,0
24.4155230065169,-24.2184526445147,58.884052476363,-48.3735776424749,-24.3940873037637,-22.7670844099067,-57.4507479341309,48.0908205742256,0,0,0,0,0
24.5941391757832,-24.1918988248627,58.6820950111527,-48.3145446937979,-24.6618699156466,-22.7647572668921,-57.1514679042243,48.0000007476008,0,0,0,0,0
24.7415075726152,-24.1254072015515,58.513107401837,-48.2746688787772,-24.920475641795,-22.7022272437635,-56.8592028337528,47.9242447279534,0,0,0,0,0
24.7188573662744,-24.0483046848145,58.5345023699071,-48.2977754357937,-25.183788275223,-22.621539786134,-56.5607323263548,47.8509764579747,0,0,0,0,0
24.6373019128009,-23.9943741176474,58.6231404816943,-48.3373247398316,-26.8490350988494,-22.9553365266873,-56.7970460339096,48.0672623074552,0,0,0,0,0
24.7410774966492,-23.9011350958121,58.5017525899715,-48.3184614093076,-27.0722052450235,-22.8634450059537,-56.5429341937034,48.010991863764,0,0,0,0,0
24.6221016943366,-23.86545804489,58.6331890662785,-48.3676212835976,-27.0661087633773,-22.8520963488831,-56.5495915810703,48.0156436517045,0,0,0,0,0
24.5523789128822,-23.8550095321402,58.7107323359578,-48.3943922514103,-27.1136849578257,-22.814527740862,-56.4950360434579,48.0077655870013,0,0,0,0,0
24.3923752051109,-23.8849120771384,58.8916001821149,-48.4455603031191,-27.1089921079475,-22.8613682805023,-56.5013039290892,47.9988124682348,0,0,0,0,0
24.3521391984151,-23.9484466580633,58.9402411784509,-48.4478118606587,-27.0756145692898,-22.8847411821917,-56.5395251896684,48.0050237571485,0,0,0,0,0
24.2375995415529,-23.9781892911267,59.0702012865639,-48.4830602987216,-24.9694073375081,-22.3919361758693,-56.1165407364522,47.6961509362182,0,0,0,0,0
24.2027859341239,-24.0043876556084,59.110681681827,-48.4905583149756,-24.9427830082534,-22.4348441082096,-56.1473646504321,47.6962618112787,0,0,0,0,0
24.0021644773406,-24.0470311468739,59.3377557428038,-48.5543945078438,-25.1582446045961,-22.7092301750643,-56.5935096438708,47.8422600470425,0,0,0,0,0
23.6861535732241,-24.1738947731084,59.6989217366069,-48.6445558802663,-24.9835503010613,-22.8001319311008,-56.7934124507649,47.8836375569141,0,0,0,0,0
23.4230621623516,-24.3410987425512,60.0034439259456,-48.7092839989803,-25.0069155392056,-22.9042929014048,-56.772224553042,47.8551851123701,0,0,0,0,0
23.2806266564334,-24.4594067249285,60.1701061685692,-48.7397683518289,-25.0275284966639,-23.0205868867986,-56.7545692500226,47.8251864818656,0,0,0,0,0
23.4216838901708,-24.4935109720579,60.0142116398161,-48.6821589177577,-25.2647821483574,-23.058604528473,-56.4901329819896,47.7364015799132,0,0,0,0,0
23.5108682845102,-24.4739880667488,59.9131204619696,-48.6531975986081,-25.7528917162747,-23.0124727761788,-55.9398662102869,47.5791189605311,0,0,0,0,0
23.7601574138278,-24.3338839458584,59.6255277818141,-48.588354739026,-25.6999830727397,-22.7386315569601,-55.298278581965,47.3760357347576,0,0,0,0,0
23.987858196256,-24.2101859206026,59.363220679904,-48.5290738277384,-26.2404140710479,-22.5809807735359,-54.6832333768279,47.2273112838057,0,0,0,0,0
24.1117565000994,-24.2115593877216,59.2244317304374,-48.4841834093418,-24.8410115328934,-21.9158436690577,-53.4139389924576,46.7129658462806,0,0,0,0,0
22.406899601817,-23.4527118864871,58.3189364684782,-48.0867163525108,-25.7264697082103,-21.4526396540608,-52.4013103464513,46.5219193028912,0,0,0,0,0
22.8689553361049,-23.2015403044413,57.7891360968682,-47.9699993649288,-26.5875630225826,-21.064439682045,-51.4157868534921,46.3306850229337,0,0,0,0,0
23.1127707950377,-23.0878252610222,57.5106759789813,-47.9061331205115,-27.3630338632154,-20.8285721829387,-50.5277695342182,46.1390302861153,0,0,0,0,0
23.5776243937654,-22.9914051743013,56.9856049757251,-47.7639691369986,-28.4770523042041,-20.5623062098644,-49.2492710399392,45.8545125760022,0,0,0,0,0
23.853170169626,-22.9968740341892,56.6769930959515,-47.6685719345505,-29.2322739376659,-20.4893794286959,-48.3807063717996,45.6404678697521,0,0,0,0,0
24.2266764523478,-22.0809370637186,55.5371623255348,-47.443667482322,-30.7770353977477,-19.703602144085,-46.5972903024339,45.3697851804645,0,0,0,0,0
25.1519582820699,-21.4780224782614,54.4826226029587,-47.2614266477518,-33.0462002125557,-18.7867532522896,-43.97131024799,44.9544938450716,0,0,0,0,0
27.0010357770033,-20.1883011228812,52.3740680891021,-46.9501673768287,-36.7382699360531,-17.2640344681817,-39.6882606903828,44.3872767959324,0,0,0,0,0
29.0772806949182,-18.7211452624142,49.6931628722405,-47.057278160153,-38.4302965846746,-14.7868983628189,-33.8516738409656,44.968031644156,0,0,0,0,0
28.8504600841428,-17.9446541329675,47.9204652634296,-50.0413314490065,-40.2974245448145,-13.3440221997235,-29.3209383961728,48.5658818068324,0,0,0,0,0
29.0968358770003,-16.5191903883253,45.08684914615,-54.2899364793758,-44.8674813879651,-10.8821194858858,-21.4367071581136,53.4853705615493,0,0,0,0,0
29.1625396432593,-15.1159650527143,43.6527881874241,-57.1251792527853,-51.5594004085191,-9.50993340579297,-15.5337767170903,56.6875356371625,0,0,0,0,0
29.7894556007629,-13.8907950711613,42.1194735060322,-58.9881940032195,-59.9388654742317,-6.93278453442556,-5.54822283058682,59.076804330166,0,0,0,0,0
32.5198549311523,-11.2464148391622,38.0391472599587,-61.6392300647758,-90.2861946179806,-2.59023611369558,24.9337934575075,63.1094605659579,0,0,0,0,0
42.224360849767,-8.49135266701517,29.1732340325113,-64.4815501598741,-123.571266853109,-0.23498008601464,53.8366453640097,70.0091693696066,0,0,0,0,0
56.7347160530351,-5.74533205105227,15.6301327992499,-66.5755726555346,-152.302843423935,-0.138113840501596,77.9735011888554,74.3349731592302,0,0,0,0,0
87.5089188741504,-0.520858313580446,-16.5471552724485,-68.8186433436906,-190.006782529628,-0.146618661370851,114.292957297834,78.0162793793798,0,0,0,0,0
110.492619058609,-0.198890656905674,-34.7592693133937,-72.8080927005483,-245.022403251168,-0.0526808962969095,173.579830668953,82.2055040336326,0,0,0,0,0
126.140422978273,-0.208746394495996,-47.634431030345,-75.911226287497,-265.258535589991,0.213915300818535,194.623459594021,85.5203739874349,0,0,0,0,0
151.598056378708,-0.190237945595705,-69.8996416535132,-79.6183738531948,-304.166769273183,4.96650432383212,232.599657601759,84.4925013875258,0,0,0,0,0
161.411704872792,-0.186383420899769,-78.4653332649513,-81.5011648777094,-314.131065094131,6.03164942436395,242.116450338639,84.1824857408615,0,0,0,0,0
200.075345934067,-0.163133317674275,-116.404671085801,-84.7205904847785,-328.042356253899,9.18530910726671,255.254856594832,82.2719824164124,0,0,0,0,0
215.571929933045,-0.135948930007948,-131.807589336501,-86.6624805310407,-324.491569345672,9.28142587981009,249.37046109467,83.4501511832148,0,0,0,0,0
226.015850361552,-0.117550714340288,-142.504043438624,-88.3966234326298,-328.418946084803,10.2087516210009,252.918508851735,82.8682220250954,0,0,0,0,0
285.668574193044,0.249414661135324,-209.703075899531,-90.3797252452787,-331.91320704476,11.4715121204969,256.196941396935,82.3342676622407,0,0,0,0,0
281.405482689022,0.36785932728525,-203.471078442742,-91.4461308237354,-335.050878332381,12.48974716683,258.771042316982,81.3759332966782,0,0,0,0,0
292.919011435347,1.98138309765099,-214.148433181769,-91.2537404469463,-336.786537159358,13.2696419391302,260.203287370898,80.7522464994264,0,0,0,0,0
301.13749917876,2.9087052569869,-222.102661265137,-90.5641799069536,-337.762551911062,13.4668963366458,260.946955264673,80.5269001194669,0,0,0,0,0
299.593143193016,2.41951662712716,-220.467321270113,-90.8396486402124,-337.996026089384,13.1552535245229,261.0358974598,80.5986516217029,0,0,0,0,0
307.193414074743,3.84624188310243,-227.792158510336,-89.2482558852413,-338.46605539175,13.9427809664799,261.204723530411,79.431792312933,0,0,0,0,0
303.283772554358,3.22766145531934,-223.750588380435,-89.0783289895947,-338.400848135325,13.7989175136073,260.866866203993,78.9022891995055,0,0,0,0,0
295.926461503518,2.26059008619999,-216.305492257611,-88.944073535212,-337.728921333862,13.3844668278823,260.119811822049,78.7633130787763,0,0,0,0,0
296.78846030989,2.52426931129323,-217.000311505207,-88.1846316338195,-337.837163581924,13.5956658910236,260.053296366886,78.2304540018535,0,0,0,0,0
318.441960802222,4.38657738835841,-240.242854390864,-85.0478246016372,-337.872952000484,13.8573452313358,259.895391480811,77.5791940278324,0,0,0,0,0
319.091683361525,4.58372916709874,-240.769660006869,-84.6335722007786,-337.99586430243,13.9556569360158,259.900906729995,77.2908774760994,0,0,0,0,0
318.772039741214,4.68296970560732,-240.4347665574,-84.4007979382814,-337.954275507328,14.0407765902134,259.775365116025,77.0080781322194,0,0,0,0,0
320.069939607595,5.04300564402265,-241.669226313433,-84.0865651667269,-338.123267119362,14.2145785194093,259.861874543374,76.758240360458,0,0,0,0,0
319.927127897797,5.00727418262475,-241.597737123405,-84.278825292364,-338.256113451883,14.0916051824522,259.957512130338,76.8480753367129,0,0,0,0,0
323.136351942745,5.78453497800137,-244.661725793192,-83.7316320786933,-338.742868432089,14.5081254615304,260.342577248497,76.5141584736987,0,0,0,0,0
324.437526864221,6.14129954450596,-245.941982428573,-83.5844763220108,-339.075767810571,14.6905091973961,260.623349035394,76.4177211529164,0,0,0,0,0
325.105009719492,6.27790348227884,-246.616203387824,-83.6163570086374,-339.252938443554,14.7112420027675,260.814997672998,76.5248713629367,0,0,0,0,0
325.046274745781,6.25256857936314,-246.568753197332,-83.6590840678045,-339.288429276849,14.5902517644754,260.817966643999,76.5706994075948,0,0,0,0,0
325.098872076727,6.08612371854977,-246.619422582377,-83.8675492011422,-339.069511790007,14.3823540689303,260.641846852115,76.7256121909029,0,0,0,0,0
324.257829200111,5.72453099974999,-245.820251159723,-84.1840823803722,-338.633260411014,13.9138440208225,260.311601815873,77.1362316001073,0,0,0,0,0
323.3183402235,5.43346367912549,-244.956260314742,-84.4869581568622,-338.426455165719,13.6875324199101,260.166549523468,77.3655603342299,0,0,0,0,0
321.908604806509,5.07721615020812,-243.638844567165,-84.8100246449337,-338.04256847007,13.3709727550706,259.93601030314,77.7981972700349,0,0,0,0,0
320.534320029042,4.78342625056286,-242.390777611875,-85.170577113238,-337.5966217671,13.1358934002847,259.685137767519,78.2335933923975,0,0,0,0,0
320.344804883326,4.82863986411089,-242.302962798697,-85.3325278059786,-338.051629379703,13.345661620775,260.077019674044,78.1239000178203,0,0,0,0,0
317.341382992602,4.28257516544421,-239.559162324562,-86.0153538061847,-337.587737600405,12.9948645852284,259.852444822702,78.7572060511052,0,0,0,0,0
313.754631510248,3.79946896496307,-236.347906992208,-86.8574626841277,-337.264054539914,12.8040288141469,259.800936249144,79.4001814510327,0,0,0,0,0
308.141443623281,3.17688654192486,-231.275513636478,-87.9924989882418,-343.356490447696,13.3618175915835,268.163222720238,79.167859460187,0,0,0,0,0
320.027401725257,4.06073545806511,-245.900116589663,-87.2406863379451,-341.963827756014,13.2251010863074,267.567812286289,80.4306710924514,0,0,0,0,0
309.74100824613,3.29554032179672,-236.950338863484,-89.5900043815285,-339.511303341042,13.0739470976116,266.343114511752,82.1788548497186,0,0,0,0,0
314.585987376155,3.46946767870577,-245.261767866227,-90.0583115300904,-341.480419306994,13.2056355059078,272.038933381881,83.5776974997797,0,0,0,0,0
314.603361066025,3.51377806784002,-249.149581278572,-90.8193103908392,-334.229504890097,12.2806810877686,267.188281940167,86.3541774005876,0,0,0,0,0
311.96715301455,3.82428970756733,-250.475265424933,-91.0950675687562,-333.22661242239,12.4588288333008,270.174674530118,86.7883864084781,0,0,0,0,0
317.114427828765,4.15423215696447,-261.744694201675,-89.9024829426728,-328.691395875524,11.2545300278507,269.622364018485,87.3882588401964,0,0,0,0,0
305.356624084696,3.33192681146951,-253.883236589106,-90.4102047398783,-332.829327869822,11.8628136297991,279.375541942827,85.9322704410162,0,0,0,0,0
315.618656552536,4.98459649888746,-269.674151076153,-88.0236599797293,-328.505917167446,11.4140178062596,278.743797518542,85.7152517119448,0,0,0,0,0
304.69455085423,4.0778667610354,-262.175157920294,-88.3337112630043,-323.672868989527,10.7692076041435,277.387188876024,85.5126197100976,0,0,0,0,0
294.22394452067,3.32643922237552,-255.207873355338,-89.2916154263068,-327.712532520805,11.7700876200143,286.914234787701,84.3396405409715,0,0,0,0,0
306.574245122936,5.36609656533569,-272.472972331209,-86.3497942558401,-323.487738310129,11.6220446396895,286.007681169888,84.0716015806929,0,0,0,0,0
298.865021758698,4.97061243375966,-267.809203161662,-86.7055403973718,-319.522031771574,11.2356760037264,285.20509347773,84.2116183694032,0,0,0,0,0
288.61329946282,4.26871376222755,-260.487849087078,-87.3854647527975,-314.044355559949,10.525316465702,282.789671689701,84.5778364114575,0,0,0,0,0
286.419683773833,4.55361997261707,-261.388621336189,-86.9248518623511,-309.060019506953,10.0158288410078,280.660557245122,84.786888634155,0,0,0,0,0
279.937051531198,4.20406837306323,-258.099878626155,-87.2078568039245,-312.224404607831,10.7597842294149,288.50340496904,83.7238550988026,0,0,0,0,0
246.532547593316,1.05531447422977,-226.114878241919,-90.5060449756413,-298.910512251815,8.66715195056107,276.44788397049,84.8529397125115,0,0,0,0,0
250.776532977031,1.80540513574852,-233.248425939244,-89.8458230800383,-297.919149006973,8.68548840438995,278.54011024839,84.5973237259824,0,0,0,0,0
230.196531191217,0.350360433177788,-213.721925522272,-91.3862232806402,-288.716223087665,7.32760728457932,270.223102950884,85.7827206972921,0,0,0,0,0
241.526140478088,1.4249727153397,-227.548417374165,-90.2830223823919,-292.187255792153,7.63865212008693,276.611357853276,84.9397727640659,0,0,0,0,0
227.602377446564,0.250537277396272,-214.737832334506,-91.5638913014135,-284.806630841629,6.42098821061063,269.980227115151,86.3833510699533,0,0,0,0,0
237.259567003945,0.953627896129857,-226.796602709363,-90.9218541801135,-291.778670846979,7.01790353387313,279.740536392505,85.2132168432192,0,0,0,0,0
228.835759064155,0.256040108273474,-219.387707458927,-91.4625950910373,-285.20050367803,5.85536851490364,273.807064891942,86.0035600636202,0,0,0,0,0
224.652969024086,0.123804065068525,-216.24085873857,-91.4912708957682,-277.600505776841,4.63511501681924,266.83267848705,86.9801262688575,0,0,0,0,0
221.499567498866,0.0741441379331636,-214.172680063186,-91.6185205695624,-267.810781540697,3.15073797521822,257.715171532558,88.3793409827284,0,0,0,0,0
221.486924859036,0.0545137077382392,-215.619455886645,-91.2916885223914,-254.269816525631,1.25947117977301,245.045139337206,90.0790622694495,0,0,0,0,0
223.083496357894,0.0505935319057764,-218.163119646849,-91.023925339997,-250.295807609038,0.620235493643111,241.834348821303,90.3756933291712,0,0,0,0,0
226.048592905984,0.0531565539043011,-221.852368266536,-91.2781405685776,-249.475477836387,0.457407662579039,241.534456041373,90.7209200908545,0,0,0,0,0
228.837085362508,0.0542962114447295,-225.532273996684,-91.1248382778406,-248.136898739413,0.333971484195858,240.852121855041,90.8993912090737,0,0,0,0,0
231.371049906551,0.0553268890399256,-228.79985981171,-90.6843081766001,-247.126861474055,0.282597850583099,240.225478389585,90.7837812269705,0,0,0,0,0
231.713294134961,0.0552757401688744,-229.375536545491,-90.7982288549447,-245.177833881452,0.266437439276281,238.309070678427,91.2068775996951,0,0,0,0,0
232.455086461475,0.0562429153334168,-230.341695839041,-91.0220645379285,-243.099930672224,0.260435030689712,236.146866370143,91.6344003056314,0,0,0,0,0
233.40751057956,0.0584916816270738,-231.295029773117,-91.2504610851283,-241.620703785333,0.257705641788074,234.602342630241,92.0933330162549,0,0,0,0,0
232.256831673107,0.0563493567422009,-230.224469263658,-91.455878973671,-239.163785298181,0.236912843382043,232.19360204711,92.4405706435973,0,0,0,0,0
230.456313696448,0.0537431430949606,-228.275258384061,-91.562250679578,-236.484026737832,0.230116660924495,229.401009190412,92.7874338744228,0,0,0,0,0
229.242221594758,0.0521723695362106,-226.844837894957,-91.5155713755523,-234.324368848724,0.241184491236797,227.003334311852,92.9837248908763,0,0,0,0,0
229.140879068965,0.0532141320747886,-226.401519316697,-91.507369507379,-234.208381088674,0.29344773111277,226.524299548167,93.0526231845329,0,0,0,0,0
228.164045551504,0.0518009217100839,-225.272269252184,-91.472981453682,-233.598066902207,0.314291133538547,225.788720391904,93.0787128891549,0,0,0,0,0
228.770050410605,0.0537017288434494,-225.710717316628,-91.4415427313032,-234.610024725711,0.4100408097114,226.479950402301,93.0150274453927,0,0,0,0,0
229.125547632973,0.0539962799603499,-226.11749396409,-91.3098138849511,-235.363823085422,0.460441163061056,227.113201374681,92.8447421480257,0,0,0,0,0
229.253222286171,0.0537066889969558,-226.366815987576,-91.3259292748965,-235.715179436988,0.458223706629632,227.470397185239,92.7880446775979,0,0,0,0,0
230.499627454733,0.0557497077907877,-227.656672092991,-91.1662630581695,-236.331165662007,0.504325198561798,227.991075607474,92.6718012696565,0,0,0,0,0
231.686679577098,0.0595673149681278,-228.63565349313,-91.1281946049965,-237.790301156323,0.611604555552092,229.27931952675,92.5125423981211,0,0,0,0,0
232.845073572207,0.0637292681004928,-229.594777624115,-91.0579796246239,-239.954613857904,0.819955054537382,231.223934915007,92.3542533762257,0,0,0,0,0
216.859884303934,0.00335580027211531,-211.377037811531,-91.0160825077626,-243.805073430379,1.18033286822961,234.803142077142,91.9054026561974,0,0,0,0,0
221.482481102895,-0.050471959530237,-216.262471055806,-91.0151155716664,-228.945585063634,0.148357568946835,218.793910904015,92.9066387569438,0,0,0,0,0
222.040478811864,0.0353387774257133,-216.497540483697,-90.9854981086357,-229.514333347101,0.170456701529091,219.082124421347,92.8666774835234,0,0,0,0,0
222.790760142288,0.0354819962562687,-217.021295817985,-91.0996924677641,-229.360172320765,0.200020571308154,218.619237774649,93.0141009761121,0,0,0,0,0
223.61226525493,0.0377674269292305,-217.548084388896,-91.1362925877083,-229.695126292505,0.257462520030917,218.591887168933,93.1725744662354,0,0,0,0,0
224.325302154298,0.0405522507024518,-217.825158464238,-91.3647149461964,-230.131796431624,0.410993713069469,218.577021928085,93.3246622288535,0,0,0,0,0
225.705656474955,0.0443366637795754,-218.989937490543,-91.3183111018691,-231.643212480014,0.692407119172069,219.804893294834,93.1757073705492,0,0,0,0,0
227.191450474332,0.0500009599183244,-220.032875959494,-91.2737652895621,-241.273443660153,1.82768731235777,229.034052918694,92.1608566655263,0,0,0,0,0
231.463910050194,0.0603978441627573,-223.884030952878,-91.2050857619913,-250.058390893797,2.81218274603444,237.47079737632,91.0936808933552,0,0,0,0,0
234.978086588518,0.0794388417663303,-226.487206048405,-91.1071635077357,-259.740385783102,3.94655970850169,246.63890711975,89.7894257649276,0,0,0,0,0
238.300247399131,0.105957952311382,-228.806288846936,-91.1593804793253,-268.131891376948,4.98465557052355,254.473765527774,88.7295588433035,0,0,0,0,0
242.467965803202,0.164378524248378,-231.758511349667,-91.1879164092375,-275.690224205421,5.92865141014339,261.444156807484,87.7395883168644,0,0,0,0,0
239.724623026178,0.108050296879181,-226.821509461754,-91.6534991702266,-269.168106149884,5.36024778393275,252.208742609595,89.1450356890116,0,0,0,0,0
247.069291058357,0.218143309824249,-232.431793622567,-91.8545627074793,-282.956739761281,6.94970610688151,264.888320344817,87.5227064051549,0,0,0,0,0
245.490619088571,0.171062122027268,-228.06398022732,-91.9969266477354,-282.185941846526,6.95385729961958,261.057079442853,88.0396687005893,0,0,0,0,0
247.371814222108,0.170077924175056,-226.941199098225,-91.8166928770301,-296.178199274556,8.68426049695266,273.802769107834,86.0502594630245,0,0,0,0,0
262.085413530656,0.713293356505813,-239.256428999737,-90.8418192430074,-299.961203206617,8.83170316525976,274.441274393898,85.926303981217,0,0,0,0,0
257.700102498763,0.21143746197237,-231.509719694776,-90.8289755338727,-305.608143619693,9.09914362432858,277.28676682068,85.6096119629367,0,0,0,0,0
268.599129400625,0.298863745087337,-240.442951319008,-89.8491369306344,-294.819556320463,6.83110647722761,261.560029368647,87.9237943084194,0,0,0,0,0
279.405984392971,0.364512263640026,-247.827439704025,-88.4159463806079,-302.060087661235,6.66329099782161,265.115056347168,87.1096141670338,0,0,0,0,0
288.523046853009,0.462284090610847,-253.351697542277,-87.336944592405,-310.041608485364,6.70688532961409,269.296482489045,86.3306839040817,0,0,0,0,0
292.086005554812,0.284931351265471,-252.938886602461,-86.8597988159418,-301.545152821672,4.97344009284274,255.192871365342,88.3759459103849,0,0,0,0,0
303.976058975616,0.359118709286448,-260.874121119023,-85.7073486156857,-308.192389779988,4.62750754440678,257.826956502172,88.0492363284576,0,0,0,0,0
312.790688844717,0.594819486339815,-264.129336727696,-84.438671707102,-302.22609866293,3.578464642108,245.20938807531,88.3794095698622,0,0,0,0,0
314.644619949124,0.438157389036835,-260.74265204168,-83.7333114183755,-313.591904711987,4.06947140407071,251.857715256132,86.5783499944748,0,0,0,0,0
320.984333722212,0.556330964756527,-262.525944247242,-83.0249745882458,-317.846608586801,3.79565637175783,252.13077110177,86.3195291852734,0,0,0,0,0
316.415535813102,0.81976754595791,-252.406920991497,-81.8636000885244,-324.229289907926,5.85624638438147,254.124648659744,83.2543043794876,0,0,0,0,0
321.74635898248,0.705903496531749,-255.152854458214,-82.141616654932,-317.24079901785,4.64445505689883,244.41639283901,84.9277562258644,0,0,0,0,0
328.847458568391,0.54012656392612,-260.525893418822,-82.4724240762234,-299.444444725343,2.59370337662216,224.396656899433,87.3755828032817,0,0,0,0,0
311.192109466428,0.496108994415573,-239.333028573857,-83.7808014839745,-321.547872579923,7.32906169857891,245.582050787335,83.1758978510329,0,0,0,0,0
292.775392362819,0.429125806419059,-216.752289816552,-85.0273860276675,-328.638725162255,9.6889446499829,251.947349864454,80.8257239359804,0,0,0,0,0
302.366505246709,0.799485679081817,-224.834955160899,-84.1768508628822,-332.985939779676,10.4420122887735,255.312930038392,79.3720279364568,0,0,0,0,0
314.088022399766,1.3053577762356,-235.435390056613,-83.4398436668148,-337.527830853406,10.7618279920313,259.028439494524,78.9212966655341,0,0,0,0,0
325.7789417209,1.89224219434092,-246.021804112253,-82.2833855740785,-339.80486462557,10.5932483676098,260.799069031528,78.7467646873814,0,0,0,0,0
334.715633573969,2.49040385178319,-254.119115265864,-81.3657372630452,-341.418346914946,10.5544275566577,262.024240460519,78.46465839422,0,0,0,0,0
340.374136814518,2.51026719553424,-259.505930374204,-80.9219821698471,-342.157390000874,10.1961891530238,262.581175775343,78.5382763975021,0,0,0,0,0
334.525712147789,0.844971958712461,-253.720000203941,-81.752408581955,-342.070256309616,9.45095539504173,262.329632077843,78.5786867726822,0,0,0,0,0
338.626289157128,0.790705921051272,-258.080177800535,-81.1053738942842,-341.747586378167,9.18176629678617,261.975316923358,78.5620131720037,0,0,0,0,0
346.579636239898,1.73588329040424,-266.181264288284,-80.1215406405087,-341.140850028742,9.37962695448004,261.455571024392,78.4502063472357,0,0,0,0,0
347.518871786611,1.72467161901648,-267.059736588521,-79.878859255034,-341.153027020032,9.42967905389796,261.372495125112,78.1930412646658,0,0,0,0,0
345.358179837111,2.0124763394775,-264.534667929416,-79.9674915618143,-342.031027306513,10.1901686291705,262.125503865177,77.7093980486608,0,0,0,0,0
343.445080969933,2.29477288185099,-262.416380221341,-80.141771892182,-342.649597951573,10.7538573907177,262.698828609312,77.4742080531396,0,0,0,0,0
344.675879649305,2.60590779861244,-263.449933082411,-80.2531114536771,-343.30789440549,10.9361526994839,263.3442503335,77.5808706944954,0,0,0,0,0
346.052017396697,2.93793185433768,-264.662598463078,-80.3590407743224,-344.170432711902,11.1657355436882,264.1488581875,77.6409697949057,0,0,0,0,0
348.148712448837,2.90682213948166,-266.832944743452,-80.6333165445978,-345.000178324048,10.8885591518823,264.921665888096,77.9785372946092,0,0,0,0,0
350.635857135429,2.93041180439233,-269.22478024881,-80.5115674649628,-346.012704642617,10.8591670318776,265.752342589764,77.9383146322371,0,0,0,0,0
341.644420624684,1.08830693114667,-259.942620202242,-81.7907013201801,-346.857739665012,10.2857953851135,266.390685226431,78.0095325236966,0,0,0,0,0
343.555532817451,1.10859194734176,-261.754294607192,-81.5995437586038,-347.638339843876,10.2444107136657,266.993285560981,77.8635740800084,0,0,0,0,0
347.670913568146,1.05835746580689,-266.01876658134,-81.2649858377714,-347.89752104625,9.91307630011316,267.245383994994,78.0635748314788,0,0,0,0,0
350.704998127408,1.04579257683949,-269.066209248902,-81.0203049888501,-347.991390737838,9.66773127809737,267.30252804082,78.0945864324629,0,0,0,0,0
351.305425419269,1.02605362160174,-269.778863257368,-81.1087264962381,-347.865263395946,9.58403135128696,267.231407864937,78.220967032856,0,0,0,0,0
354.64063223731,0.987560184428853,-273.281631058748,-81.0329424588461,-347.977842929436,9.26710437714579,267.399877168209,78.5100052148228,0,0,0,0,0
355.694023502507,0.983610951919205,-274.352131679571,-81.0172521175539,-347.69833553785,9.14028572385134,267.171527790666,78.5965149280898,0,0,0,0,0
356.024026866558,0.991346086521645,-274.619821241551,-80.9126342261082,-347.62812057225,9.20729580784758,267.02222016555,78.3531728006041,0,0,0,0,0
358.97818604816,0.981290717518324,-277.582015334061,-80.7682242053363,-347.863600694848,8.88821485310829,267.325485541694,78.7061535360229,0,0,0,0,0
363.418746087949,0.99707437409285,-281.903289975797,-80.6401811346031,-337.811001958901,7.35899107430922,255.558542193752,80.9078946458337,0,0,0,0,0
359.612036748544,0.563647921454991,-278.117070674934,-81.5512933958125,-338.823268332461,7.52951964876371,256.660253680513,81.3076256144851,0,0,0,0,0
356.89582470058,0.608292816420273,-275.140112162277,-82.3300780387987,-340.101092110559,7.78721087056079,258.03346702694,81.7576877598946,0,0,0,0,0
358.13772205267,0.647267309466573,-276.267676474676,-83.4008324992344,-329.506142680813,6.65238243612815,246.08887233214,85.0005205119896,0,0,0,0,0
357.376356187089,0.417371740429969,-275.316916957077,-84.5695580088066,-317.676352160398,5.48159241844418,232.735808502381,88.2151267627007,0,0,0,0,0
364.669731753002,0.486361621491075,-281.778481665825,-86.0869876475001,-319.120621949819,4.55744842023702,234.295625576818,90.5486821263452,0,0,0,0,0
371.223802342952,0.395904395981678,-286.614732799331,-87.7489013043701,-305.971397942545,2.77311629467761,218.967780256685,94.4041266509745,0,0,0,0,0
382.522084256863,0.385115920251028,-294.663654099049,-89.3786680331079,-293.036355971089,0.570476750925796,203.523085074151,97.8007036897561,0,0,0,0,0
393.574526702192,0.518270964526535,-300.812444235843,-91.080581918231,-283.809587033801,0.0588030303150888,189.064540672414,99.774594841672,0,0,0,0,0
405.029983232154,0.530586902870448,-305.926649743193,-92.4668827458092,-324.908173261216,0.284136908742328,229.76419783604,100.107165089149,0,0,0,0,0
415.833194520214,0.59954020915808,-310.337467250523,-93.8399056003893,-343.590041753066,0.320502163380343,244.622519119609,100.696870956699,0,0,0,0,0
421.982931728987,1.05630762905118,-312.157169322198,-94.5662771696117,-357.367789685523,0.390669728552613,254.714721783602,100.896658764241,0,0,0,0,0
437.969180077639,2.33295163846649,-323.29184864259,-94.3735305834744,-371.434675089322,0.308487129413031,264.871898741382,100.808097054176,0,0,0,0,0
444.21856363456,3.34370795444585,-326.713606280481,-94.1129630223885,-378.771332159882,0.333633723426374,268.824871352781,100.463644992521,0,0,0,0,0
450.653450084564,4.34943505735058,-330.202687684118,-93.744591106064,-387.908535532864,0.45610016288193,274.167169922455,100.047083501824,0,0,0,0,0
461.25039954089,5.67617741324293,-337.490257501188,-93.3319508472259,-399.864114379136,0.567032354434217,281.845461149535,99.4890109467563,0,0,0,0,0
471.299445318707,8.5640132841249,-345.912068593982,-92.6050650257242,-416.042854548697,1.46096176486896,293.671474128966,97.9200051654057,0,0,0,0,0
475.671176820687,10.5957621816419,-349.095291966789,-92.1974524983357,-423.066036735512,1.93536012247784,297.154806012597,97.2579924458718,0,0,0,0,0
478.292901879337,10.630984902409,-348.981432289373,-92.2047145220681,-442.086068666024,4.63075229389086,313.845629485654,95.2116616476924,0,0,0,0,0
482.742862793179,12.2074841176184,-352.392027825814,-92.0961143829304,-445.904950140533,4.5490120482876,314.751810705505,94.9657766952603,0,0,0,0,0
485.72534716282,11.9043818484098,-352.783763177348,-92.2227234875463,-456.790740345352,6.39862806244391,324.25815331725,93.8159572009017,0,0,0,0,0
490.304240830417,13.5010798762191,-356.298054598924,-92.3816675992021,-466.456292081713,8.32707640604058,332.522443983854,93.0583059064119,0,0,0,0,0
495.527002221479,13.8804158018745,-358.594083145376,-93.1422539122887,-475.093260372919,10.3620457080145,339.703337247292,92.7132698417192,0,0,0,0,0
499.196173942316,15.3144355745939,-361.291632733937,-93.5058474701766,-480.889835001646,12.0047493511386,344.245348968847,92.4061320879709,0,0,0,0,0
503.749564252822,17.0852257738541,-364.559313797828,-93.8198773968276,-488.008335409033,13.9436559642425,349.787546176641,92.1867994526988,0,0,0,0,0
506.885929884981,18.4811295020573,-366.67285982108,-94.0832847915139,-492.828359957513,15.5001786855201,353.377831702165,92.1712248257065,0,0,0,0,0
509.299286310771,19.5531720700967,-368.275972687039,-94.2201279583969,-496.520208042547,16.674732506268,356.146842674548,92.3090859961519,0,0,0,0,0
511.429733806459,20.1634778559476,-369.917975018552,-94.1892202985254,-498.962950839305,15.8162488148687,356.255225173018,92.2297748861376,0,0,0,0,0
514.113328298806,21.1015038764996,-371.946529307092,-94.5324882627802,-502.698885223426,18.3366292505696,360.891599643011,92.2516784830609,0,0,0,0,0
516.036836712905,21.7034226295939,-373.402962890592,-94.4413262699014,-504.984361689864,19.0247865320561,362.542511954256,91.9557068875034,0,0,0,0,0
517.335228087569,22.092640867646,-374.401565165089,-94.3376086249809,-506.325870395631,19.4729481620051,363.451025921974,91.6226921660361,0,0,0,0,0
518.036231739821,22.3940506150589,-374.855495157632,-94.1966479030982,-507.070006476205,19.6235358918248,364.015622500416,91.3725016891135,0,0,0,0,0
517.810379744287,22.2532643811085,-374.735363077379,-94.1906637426449,-506.643395087724,19.3853764711495,363.761384372184,91.3243245488655,0,0,0,0,0
517.337911689895,21.9599060888845,-374.495748195673,-94.2488205048615,-505.914379956565,19.0077274358118,363.310475008677,91.271398723881,0,0,0,0,0
517.023374140094,22.0248770338304,-374.096682661245,-94.1187081818679,-505.034633116125,20.392077594188,364.270075971745,91.3299521080004,0,0,0,0,0
516.205081057566,21.9184918079892,-373.325188237411,-94.0167737944369,-504.416419705322,20.289938843495,363.719591633058,91.2131971544603,0,0,0,0,0
515.122418428826,21.5569333476399,-372.478897699224,-93.8480105845188,-503.287254429501,19.9198988668791,362.881248031293,91.1653050428904,0,0,0,0,0
513.58326299208,21.1164502153323,-371.223645650996,-93.6149624306989,-501.710211361228,19.4222548448881,361.685416061016,91.0452383318148,0,0,0,0,0
511.922793210769,20.7197653251634,-369.851367847281,-93.5465201056284,-500.597928780799,19.0875755910497,360.82712020594,90.9450236340073,0,0,0,0,0
510.712780742767,20.5176913772862,-368.807104040413,-93.5768307616692,-500.005938989983,19.0637415867342,360.255311924135,90.8414609739589,0,0,0,0,0
509.77714165755,20.5446726917125,-367.842989780253,-93.4935483674773,-499.60153401384,19.3107889049482,359.701349546045,90.8131822270899,0,0,0,0,0
509.111632931165,20.6334340772854,-367.119907167965,-93.4928477230777,-499.300985381994,19.5949753016487,359.242507320949,90.8659223536554,0,0,0,0,0
508.870262506798,20.8293856270229,-366.697826527853,-93.3127357216957,-499.380699100511,19.9370135978422,359.087856273904,90.8524783514821,0,0,0,0,0
508.426240971082,20.7918226024764,-366.286905682007,-93.2910325129853,-498.998369768232,20.0305294914286,358.676950070934,90.8911037815504,0,0,0,0,0
508.275479006484,20.8290672161195,-366.121098193351,-93.3374848889817,-498.899776675206,20.1985831790675,358.484042688243,90.9333845869571,0,0,0,0,0
508.120432421718,20.7766306690635,-365.983254161538,-93.2121885233578,-498.797885218999,20.2254293092508,358.358061197912,90.8778171667336,0,0,0,0,0
508.077759093444,20.7590807130279,-365.938769205274,-93.1348314904419,-498.739938768231,20.2771967191321,358.250965095566,90.7978621628309,0,0,0,0,0
507.840840546342,20.565132030567,-365.820792535218,-92.9824090194499,-498.295477097296,20.1422732568218,357.888962158877,90.6462293537778,0,0,0,0,0
507.530910994754,20.5001448269641,-365.556026033941,-92.9310054073286,-497.641685684853,20.0590073531293,357.307570432736,90.5326104641326,0,0,0,0,0
506.949034215271,20.3980519978168,-365.046788892543,-92.8440239047133,-497.152152918937,19.9667587746984,356.873338222036,90.3711062858151,0,0,0,0,0
506.213531025992,20.1277378990749,-364.534713106611,-92.8589847574655,-496.289856776091,19.6848196879843,356.227347871522,90.2638104151609,0,0,0,0,0
505.617891466994,19.9437474831731,-364.080772554836,-92.8062150703132,-495.716549173286,19.5642294624933,355.749231151311,90.1683635060185,0,0,0,0,0
505.229014362395,20.0576534352281,-363.593252071058,-92.6725014579604,-495.750182660395,19.6952182212461,355.644046137024,89.9505998295145,0,0,0,0,0
505.183791425247,20.0146872224147,-363.562174860289,-92.5875618794402,-495.672964502181,19.7761980390576,355.459439627741,89.698327959829,0,0,0,0,0
504.615525608151,19.8950062365501,-363.055074812252,-92.3798536977949,-494.973199398647,19.6187180730187,354.846449130509,89.4387255370468,0,0,0,0,0
503.835321827508,21.1914083336557,-364.129736708976,-92.1582706389927,-494.004079827846,19.4539459394999,354.009037636657,89.2567146214692,0,0,0,0,0
503.084404211159,20.7969858218111,-363.63519467252,-91.9157850136391,-492.674630654416,19.0532352778328,352.94353539432,88.9297463823327,0,0,0,0,0
502.230358152763,20.2267248183136,-363.161594192689,-91.6815586631655,-491.993550326841,20.2577112344823,354.2379228968,88.6535542369698,0,0,0,0,0
501.507803828895,19.7522734395487,-362.735486189651,-91.4214087131825,-490.602184383954,19.854832895748,353.126472789454,88.3539312000277,0,0,0,0,0
500.903955624239,19.360451387434,-362.395305988262,-91.2995513615727,-489.425060122441,19.501318188346,352.187479972246,88.095141660695,0,0,0,0,0
500.080944420451,20.4316309593349,-363.588043497874,-91.0876057528393,-489.196455172787,20.7726565284951,353.847151374348,87.7418664247097,0,0,0,0,0
499.348372826124,19.8856573529149,-363.178517345745,-90.7911839669219,-488.060711952133,20.2802848922117,353.00552206627,87.4311228795077,0,0,0,0,0
498.269944147303,19.0779890865969,-362.577354375948,-90.4007566427981,-486.965310314013,19.7231723733498,352.255292714415,87.2265126969987,0,0,0,0,0
497.48757694877,19.566390414321,-364.178909384227,-90.2349476094277,-486.043785232374,18.8455242632128,351.862194357465,87.1867372242768,0,0,0,0,0
495.834465667557,17.7199513258841,-363.703040745282,-90.0836368533156,-484.349949243851,18.8658985619779,352.927749722955,87.1560871959007,0,0,0,0,0
495.798569845129,17.6112121369295,-366.431801060352,-90.2790901336639,-483.532344339679,17.309264171625,353.052602169249,87.5312399432632,0,0,0,0,0
496.083799290692,17.3020477426638,-369.520265196229,-90.3398805037505,-483.585805401829,17.1784053070255,355.911568117816,88.0725817162905,0,0,0,0,0
495.722503088981,16.4960933991729,-372.267994428096,-90.5118106010878,-481.973347462486,16.4330089774021,357.520029548081,88.6565204890631,0,0,0,0,0
494.628129065112,16.701607644081,-376.121285751874,-90.3502117598851,-480.338149371484,16.5153633284829,361.20757780116,89.318669019582,0,0,0,0,0
493.66455445514,16.8147677869561,-380.106291868569,-90.394497920399,-478.562769431125,16.5655705404836,364.700166409462,90.1058198234705,0,0,0,0,0
493.092967055002,16.5422278455172,-384.551700537542,-90.435627411704,-478.176363178741,14.922473992885,367.488629653484,90.4858337397013,0,0,0,0,0
492.110471015921,16.23300698395,-388.571676603893,-90.7741810909219,-474.976458965643,14.7405253974807,369.395724225529,90.994395664687,0,0,0,0,0
491.036738658755,15.7954969221595,-392.689488278161,-91.4811154727019,-471.715025673395,14.6557543639015,371.428103136719,91.4820220777257,0,0,0,0,0
485.894233302135,15.1860632779784,-393.363734528049,-91.3279011355455,-463.647620873558,13.5852068808178,369.352153852825,91.674931134101,0,0,0,0,0
482.102897751299,13.5405574123324,-393.172424043728,-90.3844143828743,-453.836170316635,11.2740311824945,363.383532493608,90.844021620107,0,0,0,0,0
467.196542774937,9.07411570937344,-381.979897845619,-86.7279097161389,-426.096302870183,8.639288793637,341.851114539648,87.9733474534596,0,0,0,0,0
435.020500108298,5.74837788573641,-354.896914118306,-83.3956110157043,-397.830776408367,7.3153709837863,316.959852385055,86.1726615909675,0,0,0,0,0
391.871245768626,1.61551972329317,-312.425568631849,-82.3660335902037,-385.851097696494,9.17504171286891,306.805114834212,82.7971364153244,0,0,0,0,0
367.795650709903,2.76489377632262,-290.368673344065,-82.4403516115035,-380.067151668967,12.2983453503592,302.855303693658,80.3176203913153,0,0,0,0,0
358.059243374344,2.12974688125707,-281.299911182331,-82.5842343039522,-376.725530203045,11.7779908821737,299.787427365279,79.4882217596564,0,0,0,0,0
366.965840604963,3.35406438676017,-292.151607708981,-81.1074510239292,-379.772267326242,12.4298575499261,305.6391069843,78.9699957664128,0,0,0,0,0
360.727786577758,2.36951945738006,-286.83570238347,-81.7360490277592,-376.972879149543,11.6446256461195,303.552495500516,79.3742312265127,0,0,0,0,0
368.620645185582,3.92103121133921,-296.796960441751,-80.6100558810652,-373.398321680482,11.0340523623022,300.823455108528,80.1826444761727,0,0,0,0,0
364.058510816211,2.9963132446565,-292.949388123194,-81.2266794291076,-376.411655384649,11.9029097710403,306.683989028779,79.8508393684129,0,0,0,0,0
358.971144120614,2.14043532109899,-288.786048472911,-81.9465295776412,-373.386955589373,11.1567065557347,304.455495928072,80.5446850586662,0,0,0,0,0
369.351717000001,3.66765030772036,-301.001918457478,-80.3767863745474,-371.422388358512,10.5691830640159,302.981915275885,80.9106944620966,0,0,0,0,0
368.261304616934,3.33269232647059,-300.013199002461,-80.2107100094304,-370.412035879857,10.2980911837474,302.094791308106,80.792310950933,0,0,0,0,0
369.829767092973,2.83969922112633,-301.773276330344,-80.0172119320279,-370.345652270134,9.68519734255113,302.216145557892,80.9068034188454,0,0,0,0,0
373.191300157207,2.55732321485697,-305.231972312366,-79.7599199873152,-370.726382771675,9.24396075936559,302.720060110476,81.0533340514759,0,0,0,0,0
373.890073090121,2.32323773708702,-306.026102768239,-79.5182384713188,-370.891033120963,9.04178907114764,302.8340016384,80.8207838976464,0,0,0,0,0
375.321220523526,2.22547851411696,-307.468112601486,-79.2981335749255,-371.718870779585,8.92029608068063,303.556662952907,80.6267180684361,0,0,0,0,0
374.871283637364,2.14379561499517,-307.075123479907,-79.2608689395723,-372.045523671893,9.00414169532523,303.79205358009,80.503416939503,0,0,0,0,0
375.81485299973,2.01299488323583,-308.150254329374,-79.2759967732829,-372.572145095693,8.82089189132144,304.39510667413,80.6869076322919,0,0,0,0,0
376.415109566487,1.99456881748089,-308.75731666867,-79.2350043826169,-373.038035559104,8.81320671082404,304.844771727881,80.7280968578916,0,0,0,0,0
378.849763698207,2.10088616866431,-311.132514441542,-79.2990628259169,-374.355101232022,8.80759392620581,306.206885578443,81.1036935872448,0,0,0,0,0
382.862984194497,2.23432529041435,-315.038840114271,-79.1893702157734,-376.340416040067,8.74765339868289,308.128056782507,81.2407836549578,0,0,0,0,0
384.226924435047,2.38630518803662,-316.301901212075,-79.1745064791082,-377.356674532635,8.94728016010269,309.023623948891,81.2723517723128,0,0,0,0,0
386.527236781895,2.6225030478893,-318.401741722392,-78.9502881960242,-378.227192376852,9.05867415522529,309.768658447687,81.183720839291,0,0,0,0,0
388.418811078707,2.82132531550649,-320.225346314111,-79.0138773018453,-378.307784600253,9.14662352659277,309.902125114397,81.4401241634235,0,0,0,0,0
391.846190033175,3.14602013465773,-323.443950218143,-78.7197477765897,-379.274532614814,9.27311712463033,310.729499536873,81.3517642448685,0,0,0,0,0
396.060142442975,3.57475301185875,-327.450333162775,-78.4478033007206,-380.903063307251,9.46477968516331,312.179182969275,81.3473718232947,0,0,0,0,0
397.012223760106,3.7297271557587,-328.363199906758,-78.5058297926919,-380.690285414245,9.58269176173921,311.989371166279,81.5097482456499,0,0,0,0,0
396.979850595944,3.69671307120985,-328.372020828426,-78.574331512354,-380.315583414248,9.59782644341483,311.693287411693,81.6840070179714,0,0,0,0,0
399.675687345303,3.83602575488135,-331.087197619852,-78.5507837542465,-380.810254595335,9.48353156910656,312.279214437704,81.9183489121497,0,0,0,0,0
400.446886628398,3.93157482050422,-331.812968932311,-78.4866476905967,-381.313036978331,9.49144585690949,312.755603301918,81.9458588988559,0,0,0,0,0
407.686686566103,6.14702980153156,-341.29134954128,-77.8681493134691,-382.89784080063,9.39875213286185,314.290334081448,81.9735899468601,0,0,0,0,0
410.047225088887,6.29704538913971,-343.562979617729,-77.4913725733063,-384.706636560464,9.22856558105602,315.94239280531,81.577558244088,0,0,0,0,0
412.944659413803,6.44287635070194,-346.306815030459,-76.7274946635908,-387.2207661984,8.97036603975065,318.235909180442,80.8848135573238,0,0,0,0,0
415.436576872699,6.49267823811149,-348.576566767619,-75.5108117197582,-389.54984356089,8.7877316749781,320.187254423179,79.6841862214762,0,0,0,0,0
420.063571509867,6.75591923759871,-353.006033761383,-74.2296222988293,-393.541553568998,8.60582647517064,323.741305158826,78.2607004172912,0,0,0,0,0
424.171908660063,6.82236908808142,-356.966678860886,-72.5778878198649,-396.096552648683,8.22846135736216,325.90874330914,76.4162072019851,0,0,0,0,0
426.790067022457,6.79921580322613,-359.414636208688,-70.9806451539824,-398.359175447489,7.88935301013675,327.81322568921,74.6177193541056,0,0,0,0,0
430.21858873652,6.72474712254366,-362.762468668138,-69.1707266280213,-401.480287348368,7.51042227282082,330.611264825134,72.6798188498433,0,0,0,0,0
435.770640241014,5.38232041993194,-365.983386824915,-67.4987088536845,-405.088383845789,7.12941357308559,333.988431491007,70.7961422573654,0,0,0,0,0
439.141568574497,5.31497346451698,-369.437600680967,-66.0353120378292,-408.738346767526,6.77132229003336,337.497783490295,69.0441646576335,0,0,0,0,0
443.854344762442,5.33172064547386,-374.245354917309,-64.0593423020155,-407.878524483808,4.45184910824234,333.955375856046,67.3113474655181,0,0,0,0,0
446.021693186627,4.95929469450889,-376.453908041266,-62.1592774207763,-409.065320608318,3.81144007212675,334.904534165939,65.224073624408,0,0,0,0,0
458.488705000441,4.7257012373036,-387.236932997778,-60.9657644727938,-412.945991018547,3.39982801470301,338.632176190542,63.1042709695697,0,0,0,0,0
466.05718210859,5.27215852398087,-395.217802627768,-59.4974131864912,-418.008014594258,3.13273025610974,343.493184341275,60.6712800541465,0,0,0,0,0
473.122344546506,5.7212722815845,-402.68516427717,-58.0239177078112,-422.430013819282,1.41497114642395,345.458538712378,58.787296034244,0,0,0,0,0
490.480223104892,7.07295579455666,-418.328092361396,-57.6833140415941,-435.447712484912,2.02709462325207,358.895909197336,56.1392225579537,0,0,0,0,0
496.559188895519,7.78383866465505,-424.578436986363,-56.5436993660141,-447.914560985913,2.9402053202424,372.231015295178,54.2551926589834,0,0,0,0,0
503.821087958485,9.05423887572508,-431.95777476059,-55.5117213416611,-466.498999509959,5.01147776486103,392.339521150728,53.1496808581459,0,0,0,0,0
509.524584344264,9.98902114018529,-437.724101528896,-54.3934249656184,-477.193744704432,6.08616538577236,403.838990352697,52.1625359398083,0,0,0,0,0
515.759884535521,10.9650636008104,-444.055713427845,-53.213232602296,-495.922164938565,7.67027911513781,421.18790978806,52.1806026828758,0,0,0,0,0
520.412294979479,12.25348746481,-448.762253157026,-52.6711629743635,-504.619038660066,9.37202781883044,430.213222977981,51.828174960436,0,0,0,0,0
529.151279331077,14.3326743789086,-455.311521880743,-53.4953133928895,-511.363480590895,11.0053164091376,437.419506959618,52.4474576555396,0,0,0,0,0
532.291036261815,15.7451167703336,-458.69808584217,-53.607583845971,-517.330148024386,12.6100959893269,443.813796063556,52.9105688709989,0,0,0,0,0
534.916327755883,17.3802221690842,-461.543478209449,-53.6652917476885,-526.530005501011,14.8789925199071,450.919474312897,53.777633557699,0,0,0,0,0
536.947064898183,18.611431574525,-463.771328760748,-53.6594225242345,-529.789289383564,16.2572916828779,454.462133091509,53.8976797675693,0,0,0,0,0
538.309364926713,19.8804254277124,-465.271688467976,-53.6386203692089,-532.087630861478,17.5330713957988,456.967186211186,53.9592584459199,0,0,0,0,0
542.022976866226,21.5138878565343,-466.660228715208,-53.9159623546239,-534.005735503843,18.4901188175878,459.080711779717,53.9672148361016,0,0,0,0,0
542.47227887101,22.4166131185957,-467.172652430085,-53.8733715130208,-538.350134385209,19.9631448768564,461.138945610324,54.3176901414478,0,0,0,0,0
542.296495394114,23.3485128615467,-466.979847865292,-53.8653165162508,-538.855446513345,20.8816458002988,461.701093773496,54.3063512856424,0,0,0,0,0
542.502013625719,24.1527932661183,-466.481644018982,-53.9554077184571,-539.273423198067,21.5461546211645,462.169951618736,54.2902502099032,0,0,0,0,0
544.274531881798,25.3435151353331,-465.801957916384,-54.2325450836148,-539.269413969818,22.1288824865193,462.16178746246,54.2943083252126,0,0,0,0,0
543.721409628584,25.8761361137876,-465.189816392541,-54.2588633150185,-539.462798364069,22.6100157824922,462.379169588689,54.2850921874892,0,0,0,0,0
543.537909784008,26.2379540962803,-464.990745177265,-54.2625947868867,-539.68875150479,22.9832575373016,462.634886918988,54.2717369203739,0,0,0,0,0
543.321446720713,26.5248031820783,-464.749800255619,-54.2733066858579,-539.777831602328,23.2437203894133,462.735460612725,54.2663094125518,0,0,0,0,0
543.269638341292,26.7161152241761,-464.695383768257,-54.2721416186514,-540.062960582991,23.3930619800659,463.060231551286,54.2465342287845,0,0,0,0,0
543.529074864412,26.8743582218881,-465.0007815668,-54.2413566401754,-540.469838439572,23.4419208757862,463.524178671565,54.2178000388461,0,0,0,0,0
543.700553763935,27.0362478629015,-465.205162841695,-54.2184925846322,-540.686923468266,23.6448684057661,463.77162876648,54.2013413686293,0,0,0,0,0
544.136942565473,27.1347423633558,-465.715515618623,-54.1707946417915,-541.119181317818,23.7340703364389,464.264664400642,54.169449087184,0,0,0,0,0
544.632835390932,27.3194576063438,-466.299678491811,-54.1124891949241,-541.562451130147,23.9083602023673,464.770497507633,54.1350991172059,0,0,0,0,0
544.932394690965,27.4193374190401,-466.652804356861,-54.0771129059824,-541.971620683225,23.981361311439,465.23726134591,54.1038618120941,0,0,0,0,0
545.237717928031,27.4998212882187,-467.012064274755,-54.0416915947454,-542.322757309802,24.0383762568356,465.637763921198,54.0768795393244,0,0,0,0,0
543.415568916303,26.8074990162409,-467.643974252667,-53.7929564243393,-542.584022921351,24.0208115978148,465.93534288599,54.0579978207332,0,0,0,0,0
543.610567696239,26.8155762773101,-467.869262301591,-53.7736199382377,-542.852407141077,24.0444842364341,466.241204776317,54.0377202570631,0,0,0,0,0
543.513187629173,26.8824629407796,-467.760778832947,-53.7805630581277,-541.350252445228,23.6145437614188,466.5407190771,53.8228029607016,0,0,0,0,0
543.272776460725,26.731082186798,-467.475203346615,-53.8096484068378,-543.00336716317,24.0483826355465,466.413143180377,54.0265417387116,0,0,0,0,0
543.068770240742,26.687186892936,-467.237771679992,-53.8309619515734,-542.94129997591,24.0306274139924,466.342326480234,54.0315482283383,0,0,0,0,0
542.801992167616,26.5104847073653,-466.921919381355,-53.8623174563142,-542.814581199019,23.8385854098718,466.196585536531,54.0455250420759,0,0,0,0,0
542.535854506808,26.4613833898176,-466.613326408193,-53.8891573898564,-542.626487498317,23.7458244889985,465.981841953549,54.0611431384466,0,0,0,0,0
542.404275076565,26.3925541203424,-466.458988874845,-53.9035504646214,-542.483308901404,23.640301148006,465.818197960496,54.0736044989847,0,0,0,0,0
542.247668311606,26.2703247694838,-466.274001203499,-53.9214741217675,-542.488906952966,23.5177072767114,465.823772477773,54.0758602335302,0,0,0,0,0
542.04666882735,26.176802757294,-466.039502905852,-53.9424917339258,-542.321132869186,23.4304868075342,465.632401795289,54.0892466088333,0,0,0,0,0
541.898508025775,26.0999597300545,-465.866633152362,-53.9579373269192,-542.154106831924,23.398308456094,465.442240861458,54.1013240867999,0,0,0,0,0
541.731404203373,26.0710659158551,-465.67376113724,-53.9739749519342,-542.06733172072,23.4124209250044,465.34359873015,54.107018275191,0,0,0,0,0
541.606512511272,25.9487713966579,-465.526661371869,-53.9877641852982,-542.079464186489,23.3187995930545,465.356928720303,54.1078759951294,0,0,0,0,0
541.41424610579,25.8199460397409,-465.302531131547,-54.0074402629608,-542.034859408541,23.2205479343333,465.305712503823,54.1126416340494,0,0,0,0,0
541.315314422594,25.6960545779726,-465.18595443928,-54.018261684445,-541.972860796426,23.0935270938244,465.234614613698,54.1189788543462,0,0,0,0,0
540.998923346887,25.6822327427937,-464.823278744445,-54.04666066144,-541.652906334574,23.1680061060861,464.871141630963,54.1390760461146,0,0,0,0,0
540.460727972268,25.7728669921194,-464.207634287272,-54.0942983784005,-538.570834302008,22.6665382048885,464.144975807651,53.8875608471034,0,0,0,0,0
541.188856649328,26.2467625872907,-462.968664226189,-54.3679121437858,-540.040649515417,23.3466742380593,463.034902927316,54.2481143030193,0,0,0,0,0
539.947166540546,26.1365912242233,-461.537257198181,-54.4863086868609,-535.752566594775,22.6637333939958,460.946644170464,54.0713527344926,0,0,0,0,0
535.903158570446,26.0301068226214,-458.939908496196,-54.5298185774029,-533.251868721827,22.9226733415053,458.090250890958,54.2543651494902,0,0,0,0,0
532.975258301367,26.5529510954062,-455.492653871087,-54.8579386913388,-530.286878654735,23.5358947019382,454.061963272081,54.6168799888493,0,0,0,0,0
528.726806862253,27.0440068203693,-450.450076510858,-55.3686314706143,-525.244658503956,24.0989340475166,448.24526686445,55.0827430464551,0,0,0,0,0
523.728548963727,28.0706959076931,-444.381371467327,-56.1060328113152,-519.715597985464,25.2671907830673,441.700133155479,55.7726812010905,0,0,0,0,0
518.735882625282,28.7669385113045,-438.347446195375,-56.8653156325435,-514.289771910174,26.3178613048864,435.244068403197,56.5351285434665,0,0,0,0,0
516.577974785284,29.8933680482703,-432.665631632605,-57.9105308977362,-511.889049423968,27.6805559539631,429.319752137794,57.6420322401023,0,0,0,0,0
512.685022290837,30.7789929529008,-427.885050229437,-58.674526193989,-508.05433108929,29.1937442480384,424.537769083704,58.5228819328823,0,0,0,0,0
509.397442155859,31.8495193502044,-423.784955286716,-59.4420569496558,-504.992145180719,30.7829214788406,420.625323385489,59.3984471708948,0,0,0,0,0
507.260526737291,33.8744808341737,-420.684421854357,-60.3910157000079,-503.079620292886,33.0288988994591,417.781625866286,60.4083008462944,0,0,0,0,0
504.323421348492,34.6746644623253,-417.156004820715,-61.078762034447,-500.436404512507,34.0659458248444,414.585140943309,61.1086676787326,0,0,0,0,0
501.65116504583,35.6456855090853,-413.927138507673,-61.7881427030745,-498.014588547997,35.2418372166246,411.640221254963,61.8359968106874,0,0,0,0,0
499.655079293972,37.5032948550881,-411.157600132184,-62.7341425420616,-496.390788866225,36.8211539616931,409.437159530115,62.6255170527286,0,0,0,0,0
496.947958742564,38.1400721455592,-408.161658106926,-63.318117254402,-493.910899344137,37.4520417200438,406.743388628578,63.1437229611389,0,0,0,0,0
494.122117622042,38.6491935168674,-405.184151446427,-63.839743454973,-491.758719186816,38.0389978789436,404.45486374592,63.5909185734735,0,0,0,0,0
493.157182603988,40.1682122836108,-403.743019980139,-64.5293047797187,-491.034272902544,39.492049611238,403.307491710397,64.2302694886031,0,0,0,0,0
491.45482145653,40.9649020465848,-401.875033297111,-65.0117331013608,-489.436969867573,40.1675201205306,401.605945529767,64.640790965322,0,0,0,0,0
489.449607294587,41.4642351400848,-399.874185256729,-65.3919637547188,-487.926890904927,40.7245614101437,400.059071867148,64.9852451084918,0,0,0,0,0
487.639664210842,42.4110055746561,-397.972216253562,-65.9073036904509,-486.217786993113,41.4625146438361,398.321971695146,65.4020649133736,0,0,0,0,0
487.601186011192,42.809931663767,-395.166210070028,-66.5487860371609,-484.731512953592,42.4193031149874,396.769712055596,65.872462098398,0,0,0,0,0
485.870851609197,44.0781855581748,-393.33157084212,-67.1479786185268,-483.304409870783,43.7202483851233,395.229215957133,66.4550861223588,0,0,0,0,0
483.506149109632,45.0043363251834,-391.14567366925,-67.6284267540392,-482.303934159333,43.6972491382656,391.789668066826,66.9654870172447,0,0,0,0,0
481.7243888582,46.5297580577334,-389.369874713982,-68.2619980344398,-480.70301627215,45.1413257382186,390.178166593733,67.5660077539944,0,0,0,0,0
480.052552154623,46.3771611870944,-385.574709820194,-68.7136389242426,-477.858635701918,45.9457789172127,387.822466159403,67.9300751106265,0,0,0,0,0
478.669507698521,47.8425694151135,-384.256404669728,-69.2486080903898,-477.592856492777,46.3580510943057,385.010854490554,68.5281686383194,0,0,0,0,0
477.534232868162,49.5116413781183,-383.13668850304,-69.8196258283403,-476.348194852951,47.944163006062,383.8324988182,69.0837804989421,0,0,0,0,0
477.873327552471,49.9665664436563,-380.786680791312,-70.389416921664,-476.003557755055,49.7481673935558,383.294752195103,69.6870960348625,0,0,0,0,0
477.504252768398,51.6145142025307,-380.235016498494,-70.9089584858805,-475.622030766728,51.5841910547353,382.743485084928,70.27951027272,0,0,0,0,0
476.929816056714,53.1234088625387,-379.594548192742,-71.3662580853361,-475.835300277207,51.9550615388162,380.333733206216,70.8002169980289,0,0,0,0,0
477.039747164903,53.378522823576,-377.147720837113,-71.8358361067628,-475.009476872488,53.7399680150826,379.535684884063,71.3264947332869,0,0,0,0,0
476.155368482159,55.0189360192386,-376.331590174046,-72.2885459786664,-474.818318862003,54.3905542172401,376.864057867969,71.8924027548329,0,0,0,0,0
476.05871336035,56.7570761425812,-375.987104562006,-72.760629653174,-474.000156202757,56.1734476872096,376.135749926968,72.3610452345354,0,0,0,0,0
476.049262409433,56.7449296159081,-373.540152258057,-73.1171650029972,-473.787758019668,57.9218403551737,375.782003359354,72.8166426615017,0,0,0,0,0
475.493226492925,58.3117110886974,-372.985157052039,-73.4962470547988,-473.86067374965,58.4178479033355,373.324532770304,73.2881208598662,0,0,0,0,0
475.297436802602,58.3374873945983,-370.456191671565,-73.8394812826116,-473.464268135259,60.2304894079531,372.883148502355,73.7065938364577,0,0,0,0,0
474.960417902287,59.8498628937917,-370.053239470007,-74.1763716452865,-473.429343334969,62.1580429322215,372.61749292839,74.1462962401868,0,0,0,0,0
475.4848443006,60.3523400064544,-367.820004447582,-74.6343998268902,-474.488254247156,62.8761208410661,370.589052263155,74.6591095327979,0,0,0,0,0
475.681796785885,62.3601930119223,-367.586448181408,-75.0604196120758,-474.91797764975,65.0619298238004,370.453022578546,75.1281787546783,0,0,0,0,0
476.098657871403,64.4270627575592,-367.423217828141,-75.4829282111349,-475.259417492278,67.2540870403324,370.253716983869,75.5653302946161,0,0,0,0,0
476.167911865837,65.0653506394641,-364.928783115487,-75.8802393204671,-475.454019567133,67.8615454203825,367.809927175352,75.9338940168024,0,0,0,0,0
476.460980300277,67.0691305370773,-364.691972594136,-76.2312241424452,-475.954606192926,69.8781347749818,367.656832410371,76.292735290929,0,0,0,0,0
477.282883500287,67.3686900725452,-362.519402153116,-76.567691645754,-476.920316820099,70.1714591983275,365.503795179015,76.613976572847,0,0,0,0,0
477.686143732625,69.1117854142145,-362.320079374184,-76.8386967725245,-477.413527857084,71.8361593141743,365.347218833266,76.8748155723703,0,0,0,0,0
478.875599285252,70.9112957142683,-362.328757560407,-77.1315130080474,-478.541098043914,73.5435709290232,365.334781673699,77.1538627393789,0,0,0,0,0
479.307869523905,70.8750432510181,-360.025651892149,-77.3529311767004,-479.23381249922,73.6045909089005,363.063823433935,77.3770062537731,0,0,0,0,0
479.677704780843,72.3267399364423,-359.800179326588,-77.5323116454216,-479.59847264062,75.0088296681668,362.841497538843,77.5479958744628,0,0,0,0,0
479.783606202917,72.2489241706722,-357.39728974879,-77.717716544241,-479.874237307566,74.8881130246782,360.480068710344,77.7136206256915,0,0,0,0,0
479.581179588691,73.4369215598591,-357.06755159833,-77.8219979208014,-479.741788303864,76.0901354274869,360.168057519262,77.8184210103725,0,0,0,0,0
479.44009119813,73.2231875767508,-354.634431231587,-77.9721945662536,-479.857225338793,75.8701979942146,357.787585223883,77.9560472338046,0,0,0,0,0
479.168927714395,74.4270612192879,-354.2963481337,-78.0520588350026,-479.525565940114,75.6131377133261,355.323785738217,78.0727149894924,0,0,0,0,0
479.359448907535,74.0480223563876,-351.975769750844,-78.1943184358586,-479.681177128359,76.6940505878443,355.101444386715,78.1490298953133,0,0,0,0,0
478.916556352333,73.6206475898755,-349.532512123566,-78.3113783929997,-479.382606622568,76.3364266312775,352.674883823058,78.252665766157,0,0,0,0,0
478.045200622161,74.61912876804,-349.140313482902,-78.323753668208,-478.245456071044,75.7298029095298,350.159629842477,78.3103306860908,0,0,0,0,0
477.563548019646,74.1016485081094,-346.72040836626,-78.4316585177012,-477.980377166613,76.5497541381637,349.940082215002,78.3306447641117,0,0,0,0,0
477.306448943003,74.9044146485865,-346.509362970591,-78.4476846966714,-477.323038638157,75.7934197220346,347.550272777314,78.4059012074783,0,0,0,0,0
476.310967342623,74.1750921595885,-344.048705319598,-78.5246591051058,-476.849209014666,76.401133392572,347.355094868766,78.3979344681897,0,0,0,0,0
476.200167389728,74.5873861260589,-343.951983581249,-78.5287438808219,-476.569306346938,75.178853788629,345.115046827136,78.4895094565952,0,0,0,0,0
476.406403673234,74.7843540178782,-343.948076691015,-78.5440781971663,-477.004505312978,75.250862878323,345.170572077182,78.5139985791621,0,0,0,0,0
476.856887991113,74.7158715102789,-344.034456823559,-78.5656334743783,-477.497085162951,75.0723926785213,345.286552103784,78.5337217143706,0,0,0,0,0
477.26795982727,74.5856865800633,-344.128274191839,-78.5824444192047,-477.88906319038,74.9266047442034,345.381899168577,78.5478598208138,0,0,0,0,0
477.506872467863,74.4135833207861,-344.203919197019,-78.5891699328061,-477.929361888501,74.8074649739574,345.414227659315,78.5463147699206,0,0,0,0,0
477.79453531356,74.2236447286646,-344.293165206056,-78.5968262400514,-478.142699391033,74.6374936257261,345.487296840787,78.5506192466333,0,0,0,0,0
478.018596363734,74.0388218963332,-344.372048539358,-78.6010832798089,-478.37608335843,74.4421670977396,345.570765436716,78.5543481763288,0,0,0,0,0
477.671628195237,72.4428398571957,-342.20700031949,-78.6963418624063,-478.453853970998,74.2921794965486,345.617947967441,78.5526619689876,0,0,0,0,0
477.635982660964,72.2397846584225,-342.244017290272,-78.6888640335245,-478.391099624926,74.1407383084285,345.640614876329,78.5450765074002,0,0,0,0,0
477.460233383091,72.0496485020186,-342.250582392202,-78.6761018834163,-478.232859912244,73.9973671765795,345.643813090065,78.5336873752313,0,0,0,0,0
477.256874714674,71.9634431347913,-342.228836833677,-78.6652628419352,-477.987568007542,73.8695617082622,345.626921950816,78.5188927979468,0,0,0,0,0
476.909727223645,71.8827887040805,-342.176973226031,-78.6483030495517,-477.64234862144,73.7617235845784,345.586360365002,78.4999235613191,0,0,0,0,0
476.791116722815,71.8940621505615,-342.151232013247,-78.643595252336,-477.45096573107,73.7016041692997,345.56349530144,78.4890609692387,0,0,0,0,0
476.746657417926,71.8504639037641,-342.151228954729,-78.6402592946737,-477.46566649009,73.6122275735177,345.584800142823,78.486493086399,0,0,0,0,0
476.98278823826,71.7804433825948,-342.212402892999,-78.6480091303255,-477.701621448052,73.5027547994599,345.652172746745,78.4930468389248,0,0,0,0,0
477.012408107635,71.7527132995485,-342.224031958195,-78.6483142599171,-477.723223421873,73.4636818474039,345.664544523795,78.4925196375567,0,0,0,0,0
476.915405140036,71.7540640233635,-342.204348289441,-78.6442996167566,-477.579719583119,73.430183635044,345.644334868311,78.4848669601483,0,0,0,0,0
476.927194216807,71.7757273724331,-342.202263933223,-78.6455206997358,-477.574827753325,73.4083733083179,345.647978723551,78.4838146601365,0,0,0,0,0
476.961896313994,71.7668757782519,-342.211011949625,-78.6466822425078,-477.566481134393,73.4273940131866,345.642360923618,78.4841684773131,0,0,0,0,0
476.961260571745,71.794847164206,-342.205149682247,-78.6475882849159,-477.482153191582,73.4263506802666,345.626582055059,78.4803102487524,0,0,0,0,0
476.943590197683,71.8090585979006,-342.198732139398,-78.647316483347,-477.512726871639,73.4578862478481,345.625779622943,78.4828972605565,0,0,0,0,0
476.951129462273,71.8170502584769,-342.198600981639,-78.6478974335418,-477.440860853357,73.4310998607072,345.617740677762,78.4786052116543,0,0,0,0,0
477.029101522755,71.8927821689212,-342.198518597101,-78.6536443445581,-477.560340422566,73.448787253504,345.636731041934,78.4847041464704,0,0,0,0,0
477.08633247152,71.8952437564254,-342.209339645643,-78.6560961127074,-477.631998132107,73.4576651115806,345.648464135689,78.4882527084546,0,0,0,0,0
477.1776055959,71.8721072317065,-342.232220257206,-78.659074644096,-477.746813021272,73.4381392412446,345.674412654786,78.4925822816351,0,0,0,0,0
476.967483662524,71.7887680769892,-342.207657491274,-78.6476454752336,-477.557430802463,73.4257887049176,345.641007183643,78.4836978988266,0,0,0,0,0
