Column_1,Column_2,Column_3,Column_4,Column_5,Column_6,Column_7,Column_8,Column_9,Column_10,Column_11,Column_12,Column_13,Column_14,Column_15,Column_16,Column_17,Column_18,Column_19,Column_20,Column_21,Column_22,Column_23,Column_24,Column_25,Column_26,Column_27,Column_28,Column_29,Column_30,Column_31,Column_32,Column_33,Column_34,Column_35,Column_36,Column_37,Column_38,Column_39,Column_40,Column_41,Column_42,Column_43,Column_44,Column_45,Column_46,Column_47,Column_48,Column_49,Column_50
5.35061,30.75727,33.96055,39.9077,94.26951,11.1947,10.86433,-20.03073,-9.06995,-30.43716,-36.9881,-42.50529,-95.36765,-5.44007,-3.9754,12.13249,15.19647,0.0119,-3.0,6.0,0.0,0.0,0.0,0.0,0.0,0.0,0.0,826.3469,797.24025,900.0,639.34066,50.0,778.36709,783.46413,900.0,284.19898,58.1714,0.0,0.0,0.0,0.0,0.0,0.0,1.0,0.0,1.0,0.0,7979.0,0.0,-3.98936e+27
5.25992,30.23596,33.38495,39.2313,92.67172,11.00496,10.68019,-19.69123,-8.91622,-29.92128,-36.36118,-41.78486,-93.75125,-5.34787,-3.90802,11.92685,14.9389,0.0117,-2.94915,5.89831,0.0,0.0,0.0,0.0,0.0,0.0,0.0,812.34102,783.7277,884.74576,628.50438,49.15254,765.17443,770.18508,884.74576,279.38205,57.18544,0.0,0.0,0.0,0.0,0.0,0.0,1.0,0.0,1.0,0.0,7979.0,0.0,-3.98936e+27
5.16923,29.71465,32.80934,38.5549,91.07393,10.81522,10.49605,-19.35172,-8.76249,-29.40539,-35.73427,-41.06443,-92.13485,-5.25566,-3.84064,11.72122,14.68134,0.0115,-2.89831,5.79661,0.0,0.0,0.0,0.0,0.0,0.0,0.0,798.33514,770.21516,869.49153,617.6681,48.30508,751.98176,756.90602,869.49153,274.56512,56.19949,0.0,0.0,0.0,0.0,0.0,0.0,1.0,0.0,1.0,0.0,7979.0,0.0,-3.98936e+27
5.07855,29.19334,32.23374,37.87849,89.47615,10.62548,10.31191,-19.01222,-8.60877,-28.88951,-35.10735,-40.344,-90.51845,-5.16346,-3.77326,11.51558,14.42377,0.01129,-2.84746,5.69492,0.0,0.0,0.0,0.0,0.0,0.0,0.0,784.32926,756.70261,854.23729,606.83181,47.45763,738.7891,743.62697,854.23729,269.74818,55.21353,0.0,0.0,0.0,0.0,0.0,0.0,1.0,0.0,1.0,0.0,7979.0,0.0,-3.98936e+27
4.98786,28.67203,31.65814,37.20209,87.87836,10.43574,10.12777,-18.67271,-8.45504,-28.37362,-34.48043,-39.62358,-88.90205,-5.07125,-3.70588,11.30995,14.1662,0.01109,-2.79661,5.59322,0.0,0.0,0.0,0.0,0.0,0.0,0.0,770.32338,743.19006,838.98305,595.99553,46.61017,725.59644,730.34792,838.98305,264.93125,54.22758,0.0,0.0,0.0,0.0,0.0,0.0,1.0,0.0,1.0,0.0,7979.0,0.0,-3.98936e+27
4.89717,28.15072,31.08254,36.52569,86.28057,10.246,9.94362,-18.33321,-8.30131,-27.85774,-33.85352,-38.90315,-87.28565,-4.97905,-3.6385,11.10431,13.90863,0.01089,-2.74576,5.49153,0.0,0.0,0.0,0.0,0.0,0.0,0.0,756.3175,729.67752,823.72881,585.15925,45.76271,712.40378,717.06886,823.72881,260.11432,53.24162,0.0,0.0,0.0,0.0,0.0,0.0,1.0,0.0,1.0,0.0,7979.0,0.0,-3.98936e+27
4.80648,27.62941,30.50693,35.84929,84.68278,10.05626,9.75948,-17.99371,-8.14758,-27.34186,-33.2266,-38.18272,-85.66924,-4.88684,-3.57112,10.89868,13.65107,0.01069,-2.69492,5.38983,0.0,0.0,0.0,0.0,0.0,0.0,0.0,742.31162,716.16497,808.47458,574.32297,44.91525,699.21111,703.78981,808.47458,255.29739,52.25566,0.0,0.0,0.0,0.0,0.0,0.0,1.0,0.0,1.0,0.0,7979.0,0.0,-3.98936e+27
4.71579,27.1081,29.93133,35.17289,83.08499,9.86652,9.57534,-17.6542,-7.99385,-26.82597,-32.59968,-37.46229,-84.05284,-4.79464,-3.50374,10.69304,13.3935,0.01049,-2.64407,5.28814,0.0,0.0,0.0,0.0,0.0,0.0,0.0,728.30574,702.65242,793.22034,563.48668,44.0678,686.01845,690.51076,793.22034,250.48046,51.26971,0.0,0.0,0.0,0.0,0.0,0.0,1.0,0.0,1.0,0.0,7979.0,0.0,-3.98936e+27
4.6251,26.58679,29.35573,34.49649,81.4872,9.67677,9.3912,-17.3147,-7.84013,-26.31009,-31.97276,-36.74186,-82.43644,-4.70243,-3.43636,10.48741,13.13593,0.01029,-2.59322,5.18644,0.0,0.0,0.0,0.0,0.0,0.0,0.0,714.29986,689.13988,777.9661,552.6504,43.22034,672.82579,677.23171,777.9661,245.66353,50.28375,0.0,0.0,0.0,0.0,0.0,0.0,1.0,0.0,1.0,0.0,7979.0,0.0,-3.98936e+27
4.53442,26.06548,28.78013,33.82008,79.88942,9.48703,9.20706,-16.97519,-7.6864,-25.7942,-31.34585,-36.02143,-80.82004,-4.61023,-3.36898,10.28177,12.87836,0.01008,-2.54237,5.08475,0.0,0.0,0.0,0.0,0.0,0.0,0.0,700.29398,675.62733,762.71186,541.81412,42.37288,659.63313,663.95265,762.71186,240.84659,49.2978,0.0,0.0,0.0,0.0,0.0,0.0,1.0,0.0,1.0,0.0,7979.0,0.0,-3.98936e+27
4.44373,25.54417,28.20452,33.14368,78.29163,9.29729,9.02292,-16.63569,-7.53267,-25.27832,-30.71893,-35.301,-79.20364,-4.51802,-3.3016,10.07614,12.6208,0.00988,-2.49153,4.98305,0.0,0.0,0.0,0.0,0.0,0.0,0.0,686.2881,662.11478,747.45763,530.97784,41.52542,646.44046,650.6736,747.45763,236.02966,48.31184,0.0,0.0,0.0,0.0,0.0,0.0,1.0,0.0,1.0,0.0,7979.0,0.0,-3.98936e+27
4.35304,25.02286,27.62892,32.46728,76.69384,9.10755,8.83878,-16.29619,-7.37894,-24.76244,-30.09201,-34.58057,-77.58724,-4.42582,-3.23422,9.8705,12.36323,0.00968,-2.44068,4.88136,0.0,0.0,0.0,0.0,0.0,0.0,0.0,672.28222,648.60224,732.20339,520.14155,40.67797,633.2478,637.39455,732.20339,231.21273,47.32588,0.0,0.0,0.0,0.0,0.0,0.0,1.0,0.0,1.0,0.0,7979.0,0.0,-3.98936e+27
4.26235,24.50155,27.05332,31.79088,75.09605,8.91781,8.65464,-15.95668,-7.22521,-24.24655,-29.4651,-33.86015,-75.97084,-4.33362,-3.16684,9.66486,12.10566,0.00948,-2.38983,4.77966,0.0,0.0,0.0,0.0,0.0,0.0,0.0,658.27634,635.08969,716.94915,509.30527,39.83051,620.05514,624.11549,716.94915,226.3958,46.33993,0.0,0.0,0.0,0.0,0.0,0.0,1.0,0.0,1.0,0.0,7979.0,0.0,-3.98936e+27
4.17166,23.98024,26.47772,31.11448,73.49826,8.72807,8.47049,-15.61718,-7.07149,-23.73067,-28.83818,-33.13972,-74.35444,-4.24141,-3.09946,9.45923,11.8481,0.00928,-2.33898,4.67797,0.0,0.0,0.0,0.0,0.0,0.0,0.0,644.27046,621.57714,701.69492,498.46899,38.98305,606.86248,610.83644,701.69492,221.57887,45.35397,0.0,0.0,0.0,0.0,0.0,0.0,1.0,0.0,1.0,0.0,7979.0,0.0,-3.98936e+27
4.08097,23.45893,25.90211,30.43808,71.90047,8.53833,8.28635,-15.27768,-6.91776,-23.21478,-28.21126,-32.41929,-72.73804,-4.14921,-3.03208,9.25359,11.59053,0.00908,-2.28814,4.57627,0.0,0.0,0.0,0.0,0.0,0.0,0.0,630.26458,608.0646,686.44068,487.63271,38.13559,593.66981,597.55739,686.44068,216.76193,44.36802,0.0,0.0,0.0,0.0,0.0,0.0,1.0,0.0,1.0,0.0,7979.0,0.0,-3.98936e+27
3.99029,22.93763,25.32651,29.76167,70.30269,8.34859,8.10221,-14.93817,-6.76403,-22.6989,-27.58435,-31.69886,-71.12164,-4.057,-2.96471,9.04796,11.33296,0.00887,-2.23729,4.47458,0.0,0.0,0.0,0.0,0.0,0.0,0.0,616.25871,594.55205,671.18644,476.79642,37.28814,580.47715,584.27833,671.18644,211.945,43.38206,0.0,0.0,0.0,0.0,0.0,0.0,1.0,0.0,1.0,0.0,7979.0,0.0,-3.98936e+27
3.8996,22.41632,24.75091,29.08527,68.7049,8.15885,7.91807,-14.59867,-6.6103,-22.18301,-26.95743,-30.97843,-69.50524,-3.9648,-2.89733,8.84232,11.07539,0.00867,-2.18644,4.37288,0.0,0.0,0.0,0.0,0.0,0.0,0.0,602.25283,581.0395,655.9322,465.96014,36.44068,567.28449,570.99928,655.9322,207.12807,42.39611,0.0,0.0,0.0,0.0,0.0,0.0,1.0,0.0,1.0,0.0,7979.0,0.0,-3.98936e+27
3.80891,21.89501,24.17531,28.40887,67.10711,7.96911,7.73393,-14.25916,-6.45657,-21.66713,-26.33051,-30.258,-67.88884,-3.87259,-2.82995,8.63669,10.81783,0.00847,-2.13559,4.27119,0.0,0.0,0.0,0.0,0.0,0.0,0.0,588.24695,567.52696,640.67797,455.12386,35.59322,554.09183,557.72023,640.67797,202.31114,41.41015,0.0,0.0,0.0,0.0,0.0,0.0,1.0,0.0,1.0,0.0,7979.0,0.0,-3.98936e+27
3.71822,21.3737,23.5997,27.73247,65.50932,7.77937,7.54979,-13.91966,-6.30285,-21.15125,-25.70359,-29.53757,-66.27243,-3.78039,-2.76257,8.43105,10.56026,0.00827,-2.08475,4.16949,0.0,0.0,0.0,0.0,0.0,0.0,0.0,574.24107,554.01441,625.42373,444.28758,34.74576,540.89916,544.44118,625.42373,197.49421,40.42419,0.0,0.0,0.0,0.0,0.0,0.0,1.0,0.0,1.0,0.0,7979.0,0.0,-3.98936e+27
3.62753,20.85239,23.0241,27.05607,63.91153,7.58963,7.36565,-13.58016,-6.14912,-20.63536,-25.07668,-28.81715,-64.65603,-3.68818,-2.69519,8.22542,10.30269,0.00807,-2.0339,4.0678,0.0,0.0,0.0,0.0,0.0,0.0,0.0,560.23519,540.50186,610.16949,433.45129,33.89831,527.7065,531.16212,610.16949,192.67727,39.43824,0.0,0.0,0.0,0.0,0.0,0.0,1.0,0.0,1.0,0.0,7979.0,0.0,-3.98936e+27
3.53684,20.33108,22.4485,26.37967,62.31374,7.39989,7.18151,-13.24065,-5.99539,-20.11948,-24.44976,-28.09672,-63.03963,-3.59598,-2.62781,8.01978,10.04512,0.00787,-1.98305,3.9661,0.0,0.0,0.0,0.0,0.0,0.0,0.0,546.22931,526.98932,594.91525,422.61501,33.05085,514.51384,517.88307,594.91525,187.86034,38.45228,0.0,0.0,0.0,0.0,0.0,0.0,1.0,0.0,1.0,0.0,7979.0,0.0,-3.98936e+27
3.44616,19.80977,21.8729,25.70326,60.71596,7.21015,6.99737,-12.90115,-5.84166,-19.60359,-23.82284,-27.37629,-61.42323,-3.50377,-2.56043,7.81415,9.78756,0.00766,-1.9322,3.86441,0.0,0.0,0.0,0.0,0.0,0.0,0.0,532.22343,513.47677,579.66102,411.77873,32.20339,501.32118,504.60402,579.66102,183.04341,37.46633,0.0,0.0,0.0,0.0,0.0,0.0,1.0,0.0,1.0,0.0,7979.0,0.0,-3.98936e+27
3.35547,19.28846,21.29729,25.02686,59.11817,7.02041,6.81322,-12.56164,-5.68793,-19.08771,-23.19593,-26.65586,-59.80683,-3.41157,-2.49305,7.60851,9.52999,0.00746,-1.88136,3.76271,0.0,0.0,0.0,0.0,0.0,0.0,0.0,518.21755,499.96422,564.40678,400.94245,31.35593,488.12851,491.32496,564.40678,178.22648,36.48037,0.0,0.0,0.0,0.0,0.0,0.0,1.0,0.0,1.0,0.0,7979.0,0.0,-3.98936e+27
3.26478,18.76715,20.72169,24.35046,57.52038,6.83066,6.62908,-12.22214,-5.53421,-18.57183,-22.56901,-25.93543,-58.19043,-3.31936,-2.42567,7.40288,9.27242,0.00726,-1.83051,3.66102,0.0,0.0,0.0,0.0,0.0,0.0,0.0,504.21167,486.45168,549.15254,390.10617,30.50847,474.93585,478.04591,549.15254,173.40955,35.49441,0.0,0.0,0.0,0.0,0.0,0.0,1.0,0.0,1.0,0.0,7979.0,0.0,-3.98936e+27
3.17409,18.24584,20.14609,23.67406,55.92259,6.64092,6.44494,-11.88264,-5.38048,-18.05594,-21.94209,-25.215,-56.57403,-3.22716,-2.35829,7.19724,9.01486,0.00706,-1.77966,3.55932,0.0,0.0,0.0,0.0,0.0,0.0,0.0,490.20579,472.93913,533.89831,379.26988,29.66102,461.74319,464.76686,533.89831,168.59262,34.50846,0.0,0.0,0.0,0.0,0.0,0.0,1.0,0.0,1.0,0.0,7979.0,0.0,-3.98936e+27
3.0834,17.72453,19.57049,22.99766,54.3248,6.45118,6.2608,-11.54313,-5.22675,-17.54006,-21.31518,-24.49457,-54.95763,-3.13496,-2.29091,6.9916,8.75729,0.00686,-1.72881,3.45763,0.0,0.0,0.0,0.0,0.0,0.0,0.0,476.19991,459.42658,518.64407,368.4336,28.81356,448.55053,451.4878,518.64407,163.77568,33.5225,0.0,0.0,0.0,0.0,0.0,0.0,1.0,0.0,1.0,0.0,7979.0,0.0,-3.98936e+27
2.99271,17.20322,18.99488,22.32126,52.72701,6.26144,6.07666,-11.20363,-5.07302,-17.02417,-20.68826,-23.77415,-53.34123,-3.04275,-2.22353,6.78597,8.49972,0.00666,-1.67797,3.35593,0.0,0.0,0.0,0.0,0.0,0.0,0.0,462.19403,445.91404,503.38983,357.59732,27.9661,435.35786,438.20875,503.38983,158.95875,32.53655,0.0,0.0,0.0,0.0,0.0,0.0,1.0,0.0,1.0,0.0,7979.0,0.0,-3.98936e+27
2.90203,16.68191,18.41928,21.64485,51.12923,6.0717,5.89252,-10.86412,-4.91929,-16.50829,-20.06134,-23.05372,-51.72483,-2.95055,-2.15615,6.58033,8.24215,0.00645,-1.62712,3.25424,0.0,0.0,0.0,0.0,0.0,0.0,0.0,448.18815,432.40149,488.13559,346.76104,27.11864,422.1652,424.9297,488.13559,154.14182,31.55059,0.0,0.0,0.0,0.0,0.0,0.0,1.0,0.0,1.0,0.0,7979.0,0.0,-3.98936e+27
2.81134,16.1606,17.84368,20.96845,49.53144,5.88196,5.70838,-10.52462,-4.76557,-15.99241,-19.43443,-22.33329,-50.10843,-2.85834,-2.08877,6.3747,7.98459,0.00625,-1.57627,3.15254,0.0,0.0,0.0,0.0,0.0,0.0,0.0,434.18227,418.88894,472.88136,335.92475,26.27119,408.97254,411.65064,472.88136,149.32489,30.56463,0.0,0.0,0.0,0.0,0.0,0.0,1.0,0.0,1.0,0.0,7979.0,0.0,-3.98936e+27
2.72065,15.63929,17.26808,20.29205,47.93365,5.69222,5.52424,-10.18512,-4.61184,-15.47652,-18.80751,-21.61286,-48.49203,-2.76614,-2.02139,6.16906,7.72702,0.00605,-1.52542,3.05085,0.0,0.0,0.0,0.0,0.0,0.0,0.0,420.17639,405.3764,457.62712,325.08847,25.42373,395.77988,398.37159,457.62712,144.50796,29.57868,0.0,0.0,0.0,0.0,0.0,0.0,1.0,0.0,1.0,0.0,7979.0,0.0,-3.98936e+27
2.62996,15.11798,16.69247,19.61565,46.33586,5.50248,5.34009,-9.84561,-4.45811,-14.96064,-18.18059,-20.89243,-46.87562,-2.67393,-1.95401,5.96343,7.46945,0.00585,-1.47458,2.94915,0.0,0.0,0.0,0.0,0.0,0.0,0.0,406.17051,391.86385,442.37288,314.25219,24.57627,382.58721,385.09254,442.37288,139.69102,28.59272,0.0,0.0,0.0,0.0,0.0,0.0,1.0,0.0,1.0,0.0,7979.0,0.0,-3.98936e+27
2.53927,14.59667,16.11687,18.93925,44.73807,5.31274,5.15595,-9.50611,-4.30438,-14.44475,-17.55367,-20.172,-45.25922,-2.58173,-1.88663,5.75779,7.21188,0.00565,-1.42373,2.84746,0.0,0.0,0.0,0.0,0.0,0.0,0.0,392.16463,378.35131,427.11864,303.41591,23.72881,369.39455,371.81349,427.11864,134.87409,27.60677,0.0,0.0,0.0,0.0,0.0,0.0,1.0,0.0,1.0,0.0,7979.0,0.0,-3.98936e+27
2.44858,14.07536,15.54127,18.26285,43.14028,5.123,4.97181,-9.16661,-4.15066,-13.92887,-16.92676,-19.45157,-43.64282,-2.48952,-1.81925,5.55216,6.95432,0.00545,-1.37288,2.74576,0.0,0.0,0.0,0.0,0.0,0.0,0.0,378.15875,364.83876,411.86441,292.57962,22.88136,356.20189,358.53443,411.86441,130.05716,26.62081,0.0,0.0,0.0,0.0,0.0,0.0,1.0,0.0,1.0,0.0,7979.0,0.0,-3.98936e+27
2.3579,13.55405,14.96567,17.58644,41.5425,4.93326,4.78767,-8.8271,-3.99693,-13.41299,-16.29984,-18.73114,-42.02642,-2.39732,-1.75187,5.34652,6.69675,0.00524,-1.32203,2.64407,0.0,0.0,0.0,0.0,0.0,0.0,0.0,364.15287,351.32621,396.61017,281.74334,22.0339,343.00923,345.25538,396.61017,125.24023,25.63485,0.0,0.0,0.0,0.0,0.0,0.0,1.0,0.0,1.0,0.0,7979.0,0.0,-3.98936e+27
2.26721,13.03274,14.39006,16.91004,39.94471,4.74352,4.60353,-8.4876,-3.8432,-12.8971,-15.67292,-18.01072,-40.41002,-2.30511,-1.68449,5.14089,6.43918,0.00504,-1.27119,2.54237,0.0,0.0,0.0,0.0,0.0,0.0,0.0,350.14699,337.81367,381.35593,270.90706,21.18644,329.81656,331.97633,381.35593,120.4233,24.6489,0.0,0.0,0.0,0.0,0.0,0.0,1.0,0.0,1.0,0.0,7979.0,0.0,-3.98936e+27
2.17652,12.51143,13.81446,16.23364,38.34692,4.55378,4.41939,-8.14809,-3.68947,-12.38122,-15.04601,-17.29029,-38.79362,-2.21291,-1.61711,4.93525,6.18161,0.00484,-1.22034,2.44068,0.0,0.0,0.0,0.0,0.0,0.0,0.0,336.14111,324.30112,366.10169,260.07078,20.33898,316.6239,318.69727,366.10169,115.60636,23.66294,0.0,0.0,0.0,0.0,0.0,0.0,1.0,0.0,1.0,0.0,7979.0,0.0,-3.98936e+27
2.08583,11.99012,13.23886,15.55724,36.74913,4.36404,4.23525,-7.80859,-3.53574,-11.86533,-14.41909,-16.56986,-37.17722,-2.12071,-1.54973,4.72961,5.92405,0.00464,-1.16949,2.33898,0.0,0.0,0.0,0.0,0.0,0.0,0.0,322.13523,310.78857,350.84746,249.23449,19.49153,303.43124,305.41822,350.84746,110.78943,22.67699,0.0,0.0,0.0,0.0,0.0,0.0,1.0,0.0,1.0,0.0,7979.0,0.0,-3.98936e+27
1.99514,11.46881,12.66326,14.88084,35.15134,4.17429,4.05111,-7.46909,-3.38202,-11.34945,-13.79217,-15.84943,-35.56082,-2.0285,-1.48235,4.52398,5.66648,0.00444,-1.11864,2.23729,0.0,0.0,0.0,0.0,0.0,0.0,0.0,308.12935,297.27603,335.59322,238.39821,18.64407,290.23858,292.13917,335.59322,105.9725,21.69103,0.0,0.0,0.0,0.0,0.0,0.0,1.0,0.0,1.0,0.0,7979.0,0.0,-3.98936e+27
1.90445,10.9475,12.08765,14.20444,33.55355,3.98455,3.86696,-7.12958,-3.22829,-10.83357,-13.16526,-15.129,-33.94442,-1.9363,-1.41497,4.31834,5.40891,0.00424,-1.0678,2.13559,0.0,0.0,0.0,0.0,0.0,0.0,0.0,294.12347,283.76348,320.33898,227.56193,17.79661,277.04591,278.86011,320.33898,101.15557,20.70507,0.0,0.0,0.0,0.0,0.0,0.0,1.0,0.0,1.0,0.0,7979.0,0.0,-3.98936e+27
1.81377,10.42619,11.51205,13.52803,31.95577,3.79481,3.68282,-6.79008,-3.07456,-10.31768,-12.53834,-14.40857,-32.32802,-1.84409,-1.34759,4.11271,5.15135,0.00403,-1.01695,2.0339,0.0,0.0,0.0,0.0,0.0,0.0,0.0,280.11759,270.25093,305.08475,216.72565,16.94915,263.85325,265.58106,305.08475,96.33864,19.71912,0.0,0.0,0.0,0.0,0.0,0.0,1.0,0.0,1.0,0.0,7979.0,0.0,-3.98936e+27
1.72308,9.90488,10.93645,12.85163,30.35798,3.60507,3.49868,-6.45057,-2.92083,-9.8018,-11.91142,-13.68814,-30.71162,-1.75189,-1.28021,3.90707,4.89378,0.00383,-0.9661,1.9322,0.0,0.0,0.0,0.0,0.0,0.0,0.0,266.11171,256.73839,289.83051,205.88937,16.10169,250.66059,252.30201,289.83051,91.52171,18.73316,0.0,0.0,0.0,0.0,0.0,0.0,1.0,0.0,1.0,0.0,7979.0,0.0,-3.98936e+27
1.63239,9.38357,10.36085,12.17523,28.76019,3.41533,3.31454,-6.11107,-2.7671,-9.28591,-11.28451,-12.96772,-29.09522,-1.65968,-1.21283,3.70144,4.63621,0.00363,-0.91525,1.83051,0.0,0.0,0.0,0.0,0.0,0.0,0.0,252.10583,243.22584,274.57627,195.05308,15.25424,237.46793,239.02295,274.57627,86.70477,17.74721,0.0,0.0,0.0,0.0,0.0,0.0,1.0,0.0,1.0,0.0,7979.0,0.0,-3.98936e+27
1.5417,8.86226,9.78524,11.49883,27.1624,3.22559,3.1304,-5.77157,-2.61338,-8.77003,-10.65759,-12.24729,-27.47881,-1.56748,-1.14545,3.4958,4.37864,0.00343,-0.86441,1.72881,0.0,0.0,0.0,0.0,0.0,0.0,0.0,238.09995,229.71329,259.32203,184.2168,14.40678,224.27526,225.7439,259.32203,81.88784,16.76125,0.0,0.0,0.0,0.0,0.0,0.0,1.0,0.0,1.0,0.0,7979.0,0.0,-3.98936e+27
1.45101,8.34095,9.20964,10.82243,25.56461,3.03585,2.94626,-5.43206,-2.45965,-8.25415,-10.03067,-11.52686,-25.86241,-1.47527,-1.07807,3.29017,4.12108,0.00323,-0.81356,1.62712,0.0,0.0,0.0,0.0,0.0,0.0,0.0,224.09407,216.20075,244.0678,173.38052,13.55932,211.0826,212.46485,244.0678,77.07091,15.77529,0.0,0.0,0.0,0.0,0.0,0.0,1.0,0.0,1.0,0.0,7979.0,0.0,-3.98936e+27
1.36032,7.81964,8.63404,10.14603,23.96682,2.84611,2.76212,-5.09256,-2.30592,-7.73826,-9.40375,-10.80643,-24.24601,-1.38307,-1.01069,3.08453,3.86351,0.00303,-0.76271,1.52542,0.0,0.0,0.0,0.0,0.0,0.0,0.0,210.08819,202.6882,228.81356,162.54424,12.71186,197.88994,199.1858,228.81356,72.25398,14.78934,0.0,0.0,0.0,0.0,0.0,0.0,1.0,0.0,1.0,0.0,7979.0,0.0,-3.98936e+27
1.26964,7.29834,8.05844,9.46962,22.36904,2.65637,2.57798,-4.75305,-2.15219,-7.22238,-8.77684,-10.086,-22.62961,-1.29086,-0.94332,2.8789,3.60594,0.00282,-0.71186,1.42373,0.0,0.0,0.0,0.0,0.0,0.0,0.0,196.08232,189.17565,213.55932,151.70795,11.86441,184.69728,185.90674,213.55932,67.43705,13.80338,0.0,0.0,0.0,0.0,0.0,0.0,1.0,0.0,1.0,0.0,7979.0,0.0,-3.98936e+27
1.17895,6.77703,7.48283,8.79322,20.77125,2.46663,2.39384,-4.41355,-1.99846,-6.70649,-8.14992,-9.36557,-21.01321,-1.19866,-0.87594,2.67326,3.34837,0.00262,-0.66102,1.32203,0.0,0.0,0.0,0.0,0.0,0.0,0.0,182.07644,175.66311,198.30508,140.87167,11.01695,171.50461,172.62769,198.30508,62.62011,12.81743,0.0,0.0,0.0,0.0,0.0,0.0,1.0,0.0,1.0,0.0,7979.0,0.0,-3.98936e+27
1.08826,6.25572,6.90723,8.11682,19.17346,2.27689,2.20969,-4.07405,-1.84474,-6.19061,-7.523,-8.64514,-19.39681,-1.10645,-0.80856,2.46763,3.09081,0.00242,-0.61017,1.22034,0.0,0.0,0.0,0.0,0.0,0.0,0.0,168.07056,162.15056,183.05085,130.03539,10.16949,158.31195,159.34864,183.05085,57.80318,11.83147,0.0,0.0,0.0,0.0,0.0,0.0,1.0,0.0,1.0,0.0,7979.0,0.0,-3.98936e+27
0.99757,5.73441,6.33163,7.44042,17.57567,2.08715,2.02555,-3.73454,-1.69101,-5.67472,-6.89609,-7.92472,-17.78041,-1.01425,-0.74118,2.26199,2.83324,0.00222,-0.55932,1.11864,0.0,0.0,0.0,0.0,0.0,0.0,0.0,154.06468,148.63801,167.79661,119.19911,9.32203,145.11929,146.06958,167.79661,52.98625,10.84552,0.0,0.0,0.0,0.0,0.0,0.0,1.0,0.0,1.0,0.0,7979.0,0.0,-3.98936e+27
0.90688,5.2131,5.75603,6.76402,15.97788,1.89741,1.84141,-3.39504,-1.53728,-5.15884,-6.26917,-7.20429,-16.16401,-0.92205,-0.6738,2.05635,2.57567,0.00202,-0.50847,1.01695,0.0,0.0,0.0,0.0,0.0,0.0,0.0,140.0588,135.12547,152.54237,108.36282,8.47458,131.92663,132.79053,152.54237,48.16932,9.85956,0.0,0.0,0.0,0.0,0.0,0.0,1.0,0.0,1.0,0.0,7979.0,0.0,-3.98936e+27
0.81619,4.69179,5.18042,6.08762,14.38009,1.70767,1.65727,-3.05554,-1.38355,-4.64296,-5.64225,-6.48386,-14.54761,-0.82984,-0.60642,1.85072,2.31811,0.00182,-0.45763,0.91525,0.0,0.0,0.0,0.0,0.0,0.0,0.0,126.05292,121.61292,137.28814,97.52654,7.62712,118.73396,119.51148,137.28814,43.35239,8.8736,0.0,0.0,0.0,0.0,0.0,0.0,1.0,0.0,1.0,0.0,7979.0,0.0,-3.98936e+27
0.72551,4.17048,4.60482,5.41121,12.78231,1.51793,1.47313,-2.71603,-1.22982,-4.12707,-5.01534,-5.76343,-12.93121,-0.73764,-0.53904,1.64508,2.06054,0.00161,-0.40678,0.81356,0.0,0.0,0.0,0.0,0.0,0.0,0.0,112.04704,108.10037,122.0339,86.69026,6.77966,105.5413,106.23242,122.0339,38.53545,7.88765,0.0,0.0,0.0,0.0,0.0,0.0,1.0,0.0,1.0,0.0,7979.0,0.0,-3.98936e+27
0.63482,3.64917,4.02922,4.73481,11.18452,1.32818,1.28899,-2.37653,-1.0761,-3.61119,-4.38842,-5.043,-11.31481,-0.64543,-0.47166,1.43945,1.80297,0.00141,-0.35593,0.71186,0.0,0.0,0.0,0.0,0.0,0.0,0.0,98.04116,94.58783,106.77966,75.85398,5.9322,92.34864,92.95337,106.77966,33.71852,6.90169,0.0,0.0,0.0,0.0,0.0,0.0,1.0,0.0,1.0,0.0,7979.0,0.0,-3.98936e+27
0.54413,3.12786,3.45362,4.05841,9.58673,1.13844,1.10485,-2.03702,-0.92237,-3.0953,-3.7615,-4.32257,-9.69841,-0.55323,-0.40428,1.23381,1.5454,0.00121,-0.30508,0.61017,0.0,0.0,0.0,0.0,0.0,0.0,0.0,84.03528,81.07528,91.52542,65.01769,5.08475,79.15598,79.67432,91.52542,28.90159,5.91574,0.0,0.0,0.0,0.0,0.0,0.0,1.0,0.0,1.0,0.0,7979.0,0.0,-3.98936e+27
0.45344,2.60655,2.87801,3.38201,7.98894,0.9487,0.92071,-1.69752,-0.76864,-2.57942,-3.13458,-3.60214,-8.082,-0.46102,-0.3369,1.02818,1.28784,0.00101,-0.25424,0.50847,0.0,0.0,0.0,0.0,0.0,0.0,0.0,70.0294,67.56273,76.27119,54.18141,4.23729,65.96331,66.39527,76.27119,24.08466,4.92978,0.0,0.0,0.0,0.0,0.0,0.0,1.0,0.0,1.0,0.0,7979.0,0.0,-3.98936e+27
0.36275,2.08524,2.30241,2.70561,6.39115,0.75896,0.73656,-1.35802,-0.61491,-2.06354,-2.50767,-2.88171,-6.4656,-0.36882,-0.26952,0.82254,1.03027,0.00081,-0.20339,0.40678,0.0,0.0,0.0,0.0,0.0,0.0,0.0,56.02352,54.05019,61.01695,43.34513,3.38983,52.77065,53.11621,61.01695,19.26773,3.94382,0.0,0.0,0.0,0.0,0.0,0.0,1.0,0.0,1.0,0.0,7979.0,0.0,-3.98936e+27
0.27206,1.56393,1.72681,2.02921,4.79336,0.56922,0.55242,-1.01851,-0.46118,-1.54765,-1.88075,-2.16129,-4.8492,-0.27661,-0.20214,0.61691,0.7727,0.00061,-0.15254,0.30508,0.0,0.0,0.0,0.0,0.0,0.0,0.0,42.01764,40.53764,45.76271,32.50885,2.54237,39.57799,39.83716,45.76271,14.4508,2.95787,0.0,0.0,0.0,0.0,0.0,0.0,1.0,0.0,1.0,0.0,7979.0,0.0,-3.98936e+27
0.18138,1.04262,1.15121,1.3528,3.19558,0.37948,0.36828,-0.67901,-0.30746,-1.03177,-1.25383,-1.44086,-3.2328,-0.18441,-0.13476,0.41127,0.51513,0.0004,-0.10169,0.20339,0.0,0.0,0.0,0.0,0.0,0.0,0.0,28.01176,27.02509,30.50847,21.67256,1.69492,26.38533,26.55811,30.50847,9.63386,1.97191,0.0,0.0,0.0,0.0,0.0,0.0,1.0,0.0,1.0,0.0,7979.0,0.0,-3.98936e+27
0.09069,0.52131,0.5756,0.6764,1.59779,0.18974,0.18414,-0.3395,-0.15373,-0.51588,-0.62692,-0.72043,-1.6164,-0.0922,-0.06738,0.20564,0.25757,0.0002,-0.05085,0.10169,0.0,0.0,0.0,0.0,0.0,0.0,0.0,14.00588,13.51255,15.25424,10.83628,0.84746,13.19266,13.27905,15.25424,4.81693,0.98596,0.0,0.0,0.0,0.0,0.0,0.0,1.0,0.0,1.0,0.0,7979.0,0.0,-3.98936e+27
0.0,0.0,0.0,0.0,0.0,0.0,0.0,0.0,0.0,0.0,0.0,0.0,0.0,0.0,0.0,0.0,0.0,0.0,0.0,0.0,0.0,0.0,0.0,0.0,0.0,0.0,0.0,0.0,0.0,0.0,0.0,0.0,0.0,0.0,0.0,0.0,0.0,0.0,0.0,0.0,0.0,0.0,0.0,1.0,0.0,1.0,0.0,7979.0,0.0,-3.98936e+27
